{"type":"FeatureCollection","features":[{"type":"Feature","geometry":{"type":"Polygon","coordinates":[[[35.6966667,56.3533333],[35.8666667,56.1],[35.435,56.22],[35.3061111,56.3886111],[35.3119444,56.4272222],[35.7333333,56.4166667],[35.6966667,56.3533333]]]},"properties":{"kind":"restriction","id":"UUR201","name":"UUR201","zone_type":"temporary","alt":{"lower_m":800.0,"lower_ref":"AMSL","upper_m":2743.2,"upper_ref":"AMSL","raw":"Некорректная геометрия! От 800 м (2700 фут) AMSL до FL90"},"source":"Московская зона.kml","notes":"Некорректная геометрия!"}},{"type":"Feature","geometry":{"type":"Polygon","coordinates":[[[41.7888889,51.7444445],[42.1763888,51.9527778],[42.625,51.9763889],[42.5833333,51.5166667],[42.9666666,50.75],[42.7847222,50.6611111],[41.7888889,51.7444445]]]},"properties":{"kind":"restriction","id":"UUR202","name":"UUR202","zone_type":"temporary","alt":{"lower_m":8534.4,"lower_ref":"AMSL","upper_m":12192.0,"upper_ref":"AMSL","raw":"От FL280 до FL400"},"source":"Московская зона.kml"}},{"type":"Feature","geometry":{"type":"Polygon","coordinates":[[[40.4333334,51.4666667],[42.65,52.3],[42.5833333,51.5166667],[42.9666666,50.75],[41.9666666,50.25],[40.7166667,50.85],[40.4333334,51.4666667]]]},"properties":{"kind":"restriction","id":"UUR203","name":"UUR203","zone_type":"temporary","alt":{"lower_m":700.0,"lower_ref":"AMSL","upper_m":8534.4,"upper_ref":"AMSL","raw":"От 700 м (2300 фут) AMSL до FL280"},"source":"Московская зона.kml"}},{"type":"Feature","geometry":{"type":"Polygon","coordinates":[[[40.3,51.5333334],[40.4333334,51.4666667],[40.7166667,50.85],[41.9666666,50.25],[40.7833333,49.7],[40.0883333,49.9],[40.3166666,50.2933334],[39.7016667,50.6666667],[40.0666667,51.1],[40.3,51.5333334]]]},"properties":{"kind":"restriction","id":"UUR204","name":"UUR204","zone_type":"temporary","alt":{"lower_m":0.0,"lower_ref":"GND","upper_m":4876.8,"upper_ref":"AMSL","raw":"От земли до FL160"},"source":"Московская зона.kml"}},{"type":"Feature","geometry":{"type":"Polygon","coordinates":[[[38.2133333,52.01],[39.15,51.7333333],[40.1333333,51.6166667],[40.0,51.1833333],[39.1,50.1],[37.8666667,50.8166667],[38.0333333,51.5166667],[37.47,51.6566667],[38.2133333,52.01]]]},"properties":{"kind":"restriction","id":"UUR206","name":"UUR206","zone_type":"temporary","alt":{"lower_m":0.0,"lower_ref":"GND","upper_m":7315.2,"upper_ref":"AMSL","raw":"От земли до FL240"},"source":"Московская зона.kml"}},{"type":"Feature","geometry":{"type":"Polygon","coordinates":[[[39.15,51.7333333],[39.9333333,51.65],[40.0,51.1833333],[39.85,49.7166667],[39.1,50.1],[39.25,51.5666667],[39.15,51.7333333]]]},"properties":{"kind":"restriction","id":"UUR207","name":"UUR207","zone_type":"temporary","alt":{"lower_m":1200.0,"lower_ref":"AMSL","upper_m":7620.0,"upper_ref":"AMSL","raw":"От 1200 м (4000 фут) AMSL до FL250"},"source":"Московская зона.kml"}},{"type":"Feature","geometry":{"type":"Polygon","coordinates":[[[38.95,51.05],[39.85,49.9666666],[38.3,50.35],[38.0833333,50.6666667],[38.95,51.05]]]},"properties":{"kind":"restriction","id":"UUR208","name":"UUR208","zone_type":"temporary","alt":{"lower_m":7620.0,"lower_ref":"AMSL","upper_m":12192.0,"upper_ref":"AMSL","raw":"От FL250 до FL400"},"source":"Московская зона.kml"}},{"type":"Feature","geometry":{"type":"Polygon","coordinates":[[[33.2666666,55.6166666],[34.7666667,55.45],[34.775,55.3783333],[33.2466666,55.28],[33.2666666,55.6166666]]]},"properties":{"kind":"restriction","id":"UUR209","name":"UUR209","zone_type":"temporary","alt":{"lower_m":1000.0,"lower_ref":"AMSL","upper_m":4572.0,"upper_ref":"AMSL","raw":"От 1000 м (3300 фут) AMSL до FL150"},"source":"Московская зона.kml"}},{"type":"Feature","geometry":{"type":"Polygon","coordinates":[[[33.2466666,55.28],[34.775,55.3783333],[34.85,54.85],[33.8833333,54.8833333],[33.7366666,54.925],[33.7166666,55.0333333],[33.2833333,55.0333333],[33.2466666,55.28]]]},"properties":{"kind":"restriction","id":"UUR210","name":"UUR210","zone_type":"temporary","alt":{"lower_m":1000.0,"lower_ref":"AMSL","upper_m":5181.6,"upper_ref":"AMSL","raw":"От 1000 м (3300 фут) AMSL до FL170"},"source":"Московская зона.kml"}},{"type":"Feature","geometry":{"type":"Polygon","coordinates":[[[35.4094444,55.2104248],[35.4278744,55.209594],[35.4458484,55.2071221],[35.4629217,55.2030703],[35.4786723,55.1975388],[35.4927114,55.1906644],[35.5046929,55.1826171],[35.5143222,55.1735955],[35.5213631,55.1638225],[35.5256439,55.1535391],[35.5270614,55.1429988],[35.5255827,55.1324613],[35.5212467,55.1221859],[35.5141618,55.1124253],[35.5045045,55.1034195],[35.4925133,55.0953895],[35.4784839,55.0885325],[35.4627614,55.0830168],[35.4457319,55.0789775],[35.4278132,55.0765136],[35.4094444,55.0756856],[35.3910756,55.0765136],[35.3731569,55.0789775],[35.3561274,55.0830168],[35.3404049,55.0885325],[35.3263755,55.0953895],[35.3143843,55.1034195],[35.304727,55.1124253],[35.2976421,55.1221859],[35.2933061,55.1324613],[35.2918274,55.1429988],[35.2932449,55.1535391],[35.2975257,55.1638225],[35.3045666,55.1735955],[35.3141959,55.1826171],[35.3261774,55.1906644],[35.3402165,55.1975388],[35.3559671,55.2030703],[35.3730404,55.2071221],[35.3910144,55.209594],[35.4094444,55.2104248]]]},"properties":{"kind":"restriction","id":"UUR211","name":"UUR211","zone_type":"temporary","alt":{"lower_m":1000.0,"lower_ref":"AMSL","upper_m":8229.6,"upper_ref":"AMSL","raw":"От 1000 м (3300 фут) AMSL до FL270"},"source":"Московская зона.kml"}},{"type":"Feature","geometry":{"type":"Polygon","coordinates":[[[41.4711111,55.4694444],[43.7,55.4819444],[44.2238889,55.3466667],[44.0527778,55.1277778],[43.3511111,55.1197222],[43.2133333,55.1016667],[42.98,54.9755556],[42.9588889,54.8652778],[42.9919444,54.6866666],[42.25,54.8166667],[41.8230556,54.7852778],[41.6611111,55.3416667],[41.4711111,55.4694444]]]},"properties":{"kind":"restriction","id":"UUR212","name":"UUR212","zone_type":"temporary","alt":{"lower_m":4267.2,"lower_ref":"AMSL","upper_m":7924.8,"upper_ref":"AMSL","raw":"Oт FL140 до FL260"},"source":"Московская зона.kml"}},{"type":"Feature","geometry":{"type":"Polygon","coordinates":[[[39.7016667,50.6666667],[40.3166666,50.2933334],[40.0883333,49.9],[39.3666667,50.1166667],[39.3833333,50.2333333],[39.7016667,50.6666667]]]},"properties":{"kind":"restriction","id":"UUR213","name":"UUR213","zone_type":"temporary","alt":{"lower_m":1200.0,"lower_ref":"AMSL","upper_m":7315.2,"upper_ref":"AMSL","raw":"От 1200 м (4000 фут) AMSL до FL240"},"source":"Московская зона.kml"}},{"type":"Feature","geometry":{"type":"Polygon","coordinates":[[[35.4,55.0166667],[36.2166667,55.1833333],[36.2166667,55.0833333],[36.2833333,55.0333333],[36.7,54.9666667],[36.5666666,54.8833333],[36.2833333,54.7666667],[35.5833334,54.75],[35.4,55.0166667]]]},"properties":{"kind":"restriction","id":"UUR214","name":"UUR214","zone_type":"temporary","alt":{"lower_m":0.0,"lower_ref":"GND","upper_m":1850.0,"upper_ref":"AMSL","raw":"От земли до 1850 м (6100 фут) AMSL"},"source":"Московская зона.kml"}},{"type":"Feature","geometry":{"type":"Polygon","coordinates":[[[38.0744445,55.6041667],[38.1861111,55.5916666],[39.0630555,55.4672222],[39.4919445,55.4502778],[39.4666667,55.2166667],[38.6466666,55.0583333],[38.1866667,55.3466667],[38.005,55.4866667],[38.0,55.5577778],[38.0744445,55.6041667]]]},"properties":{"kind":"restriction","id":"UUR215","name":"UUR215","zone_type":"temporary","alt":{"lower_m":4572.0,"lower_ref":"AMSL","upper_m":29870.4,"upper_ref":"AMSL","raw":"От FL150 до FL980"},"source":"Московская зона.kml"}},{"type":"Feature","geometry":{"type":"Polygon","coordinates":[[[39.3,55.4583333],[39.9575,55.4297222],[41.3763889,55.4638889],[41.5666667,55.3333333],[41.6333334,55.1166667],[39.4666667,55.2166667],[39.3,55.4583333]]]},"properties":{"kind":"restriction","id":"UUR216","name":"UUR216","zone_type":"temporary","alt":{"lower_m":0.0,"lower_ref":"GND","upper_m":29870.4,"upper_ref":"AMSL","raw":"От земли до FL980"},"source":"Московская зона.kml"}},{"type":"Feature","geometry":{"type":"Polygon","coordinates":[[[41.1833334,54.7333333],[41.7666667,54.7],[43.2166667,54.6266667],[43.85,54.6333333],[43.9166667,54.0333333],[42.3833333,53.85],[41.1,54.0666667],[41.1833334,54.7333333]]]},"properties":{"kind":"restriction","id":"UUR217","name":"UUR217","zone_type":"temporary","alt":{"lower_m":3962.4,"lower_ref":"AMSL","upper_m":29870.4,"upper_ref":"AMSL","raw":"От FL130 до FL980"},"source":"Московская зона.kml"}},{"type":"Feature","geometry":{"type":"Polygon","coordinates":[[[39.4666667,55.2166667],[41.6333334,55.1166667],[41.7666667,54.7],[41.1833334,54.7333333],[39.7666666,54.8333333],[39.4666667,55.2166667]]]},"properties":{"kind":"restriction","id":"UUR218","name":"UUR218","zone_type":"temporary","alt":{"lower_m":0.0,"lower_ref":"GND","upper_m":29870.4,"upper_ref":"AMSL","raw":"От земли до FL980"},"source":"Московская зона.kml"}},{"type":"Feature","geometry":{"type":"Polygon","coordinates":[[[38.6466666,55.0583333],[39.4666667,55.2166667],[39.7666666,54.8333333],[38.8833334,54.7666667],[38.6466666,55.0583333]]]},"properties":{"kind":"restriction","id":"UUR219","name":"UUR219","zone_type":"temporary","alt":{"lower_m":3048.0,"lower_ref":"AMSL","upper_m":29870.4,"upper_ref":"AMSL","raw":"От FL100 до FL980"},"source":"Московская зона.kml"}},{"type":"Feature","geometry":{"type":"Polygon","coordinates":[[[36.105,52.9266666],[36.1097222,52.9175],[36.1075,52.9163889],[36.0988889,52.9161111],[36.0938889,52.9244444],[36.105,52.9266666]]]},"properties":{"kind":"restriction","id":"UUR220","name":"UUR220","zone_type":"temporary","alt":{"lower_m":0.0,"lower_ref":"GND","upper_m":450.0,"upper_ref":"AMSL","raw":"От земли до 450 м (1500 фут) AMSL"},"source":"Московская зона.kml"}},{"type":"Feature","geometry":{"type":"Polygon","coordinates":[[[46.5458334,57.4588889],[46.1708334,57.1302778],[43.1383333,56.6880555],[42.3722222,56.8472222],[46.5458334,57.4588889]]]},"properties":{"kind":"restriction","id":"UUR221","name":"UUR221","zone_type":"temporary","alt":{"lower_m":2133.6,"lower_ref":"AMSL","upper_m":8534.4,"upper_ref":"AMSL","raw":"От FL070 до FL280"},"source":"Московская зона.kml"}},{"type":"Feature","geometry":{"type":"Polygon","coordinates":[[[35.8363889,54.0150477],[35.8375821,54.0149924],[35.8387459,54.0148278],[35.8398516,54.014558],[35.8408721,54.0141897],[35.8417822,54.0137318],[35.8425594,54.0131958],[35.8431846,54.0125947],[35.8436425,54.0119435],[35.8439218,54.011258],[35.8440156,54.0105553],[35.8439215,54.0098526],[35.843642,54.0091672],[35.843184,54.008516],[35.8425586,54.007915],[35.8417814,54.007379],[35.8408714,54.0069212],[35.839851,54.0065529],[35.8387454,54.0062832],[35.8375818,54.0061187],[35.8363889,54.0060634],[35.8351959,54.0061187],[35.8340323,54.0062832],[35.8329268,54.0065529],[35.8319064,54.0069212],[35.8309964,54.007379],[35.8302191,54.007915],[35.8295937,54.008516],[35.8291357,54.0091672],[35.8288562,54.0098526],[35.8287622,54.0105553],[35.8288559,54.011258],[35.8291352,54.0119435],[35.8295931,54.0125947],[35.8302183,54.0131958],[35.8309956,54.0137318],[35.8319056,54.0141897],[35.8329261,54.014558],[35.8340319,54.0148278],[35.8351956,54.0149924],[35.8363889,54.0150477]]]},"properties":{"kind":"restriction","id":"UUR222","name":"UUR222","zone_type":"temporary","alt":{"lower_m":0.0,"lower_ref":"GND","upper_m":1500.0,"upper_ref":"AMSL","raw":"От земли до 1500 м (5000 фут) AMSL"},"source":"Московская зона.kml"}},{"type":"Feature","geometry":{"type":"Polygon","coordinates":[[[46.1708334,57.1302778],[45.35,56.5333333],[43.4333333,56.3],[43.1383333,56.6880555],[46.1708334,57.1302778]]]},"properties":{"kind":"restriction","id":"UUR223","name":"UUR223","zone_type":"temporary","alt":{"lower_m":2133.6,"lower_ref":"AMSL","upper_m":11582.4,"upper_ref":"AMSL","raw":"От FL070 до FL380"},"source":"Московская зона.kml"}},{"type":"Feature","geometry":{"type":"Polygon","coordinates":[[[40.6125,57.4833333],[42.2575,57.3475],[42.1233334,56.8541666],[40.5,56.9897222],[40.6125,57.4833333]]]},"properties":{"kind":"restriction","id":"UUR224","name":"UUR224","zone_type":"temporary","alt":{"lower_m":3962.4,"lower_ref":"AMSL","upper_m":12192.0,"upper_ref":"AMSL","raw":"От FL130 до FL400"},"source":"Московская зона.kml"}},{"type":"Feature","geometry":{"type":"Polygon","coordinates":[[[40.3347222,53.5980555],[42.1191667,53.3841666],[41.9769444,52.9494445],[40.2063889,53.1527778],[40.3347222,53.5980555]]]},"properties":{"kind":"restriction","id":"UUR225","name":"UUR225","zone_type":"temporary","alt":{"lower_m":9144.0,"lower_ref":"AMSL","upper_m":9753.6,"upper_ref":"AMSL","raw":"От FL300 до FL320"},"source":"Московская зона.kml"}},{"type":"Feature","geometry":{"type":"Polygon","coordinates":[[[38.5911111,58.0402778],[38.5916666,58.04],[38.5886111,58.0386111],[38.5883334,58.0388889],[38.5911111,58.0402778]]]},"properties":{"kind":"restriction","id":"UUR226","name":"UUR226","zone_type":"temporary","alt":{"lower_m":0.0,"lower_ref":"GND","upper_m":450.0,"upper_ref":"AMSL","raw":"От земли до 450 м (1500 фут) AMSL"},"source":"Московская зона.kml"}},{"type":"Feature","geometry":{"type":"Polygon","coordinates":[[[38.0666667,50.3833333],[38.15,50.3833333],[38.15,50.25],[38.0666667,50.25],[38.0666667,50.3833333]]]},"properties":{"kind":"restriction","id":"UUR227","name":"UUR227","zone_type":"temporary","alt":{"lower_m":0.0,"lower_ref":"GND","upper_m":750.0,"upper_ref":"AMSL","raw":"От земли до 750 м (2500 фут) AMSL"},"source":"Московская зона.kml"}},{"type":"Feature","geometry":{"type":"Polygon","coordinates":[[[34.7308333,52.6997222],[35.2716666,52.6025],[35.3105555,52.2088889],[34.4380556,52.0347222],[34.1505555,52.2925],[34.7308333,52.6997222]]]},"properties":{"kind":"restriction","id":"UUR228","name":"UUR228","zone_type":"temporary","alt":{"lower_m":6096.0,"lower_ref":"AMSL","upper_m":11277.6,"upper_ref":"AMSL","raw":"От FL200 до FL370"},"source":"Московская зона.kml"}},{"type":"Feature","geometry":{"type":"Polygon","coordinates":[[[40.0486111,57.6069445],[40.0483333,57.6055556],[40.0416666,57.6052778],[40.0416666,57.6063889],[40.0486111,57.6069445]]]},"properties":{"kind":"restriction","id":"UUR229","name":"UUR229","zone_type":"temporary","alt":{"lower_m":0.0,"lower_ref":"GND","upper_m":450.0,"upper_ref":"AMSL","raw":"От земли до 450м (1500 фут) AMSL"},"source":"Московская зона.kml"}},{"type":"Feature","geometry":{"type":"Polygon","coordinates":[[[35.5963889,55.2930556],[36.1111111,55.2338889],[36.0833333,55.1575],[35.7380556,55.0905556],[35.5963889,55.2930556]]]},"properties":{"kind":"restriction","id":"UUR230","name":"UUR230","zone_type":"temporary","alt":{"lower_m":400.0,"lower_ref":"AMSL","upper_m":6096.0,"upper_ref":"AMSL","raw":"От 400 м (1400 фут) AMSL до FL200"},"source":"Московская зона.kml"}},{"type":"Feature","geometry":{"type":"Polygon","coordinates":[[[36.435,50.7314391],[36.4361079,50.7313838],[36.4371884,50.7312191],[36.4382151,50.7309492],[36.4391626,50.7305807],[36.4400076,50.7301226],[36.4407292,50.7295862],[36.4413098,50.7289848],[36.4417349,50.7283332],[36.4419942,50.7276474],[36.4420813,50.7269442],[36.441994,50.7262411],[36.4417345,50.7255554],[36.4413092,50.7249038],[36.4407286,50.7243024],[36.4400069,50.7237661],[36.4391619,50.7233081],[36.4382146,50.7229396],[36.4371881,50.7226698],[36.4361076,50.7225051],[36.435,50.7224498],[36.4338924,50.7225051],[36.432812,50.7226698],[36.4317855,50.7229396],[36.4308381,50.7233081],[36.4299932,50.7237661],[36.4292715,50.7243024],[36.4286909,50.7249038],[36.4282655,50.7255554],[36.428006,50.7262411],[36.4279188,50.7269442],[36.4280058,50.7276474],[36.4282652,50.7283332],[36.4286903,50.7289848],[36.4292708,50.7295862],[36.4299925,50.7301226],[36.4308374,50.7305807],[36.431785,50.7309492],[36.4328116,50.7312191],[36.4338921,50.7313838],[36.435,50.7314391]]]},"properties":{"kind":"restriction","id":"UUR231","name":"UUR231","zone_type":"temporary","alt":{"lower_m":0.0,"lower_ref":"GND","upper_m":450.0,"upper_ref":"AMSL","raw":"От земли до 450 м (1500 фут) AMSL"},"source":"Московская зона.kml"}},{"type":"Feature","geometry":{"type":"Polygon","coordinates":[[[36.8527778,52.2275],[36.9263889,51.6513889],[36.3397222,50.4716667],[35.895,50.5544444],[35.7705556,52.03],[36.8527778,52.2275]]]},"properties":{"kind":"restriction","id":"UUR232","name":"UUR232","zone_type":"temporary","alt":{"lower_m":6096.0,"lower_ref":"AMSL","upper_m":19202.4,"upper_ref":"AMSL","raw":"От FL200 до FL630"},"source":"Московская зона.kml"}},{"type":"Feature","geometry":{"type":"Polygon","coordinates":[[[34.7308333,52.6997222],[36.8430555,52.3036111],[36.9263889,51.6513889],[36.6883333,51.08],[36.0641667,50.9347222],[35.405,51.2758333],[34.4866666,51.3288889],[34.5563888,51.9277778],[34.1505555,52.2925],[34.7308333,52.6997222]]]},"properties":{"kind":"restriction","id":"UUR233","name":"UUR233","zone_type":"temporary","alt":{"lower_m":400.0,"lower_ref":"AMSL","upper_m":6096.0,"upper_ref":"AMSL","raw":"От 400 м (1400 фут) AMSL до FL200"},"source":"Московская зона.kml"}},{"type":"Feature","geometry":{"type":"Polygon","coordinates":[[[35.3361112,51.9475],[35.405,51.2758333],[34.4866666,51.3288889],[34.54,51.7872222],[35.3361112,51.9475]]]},"properties":{"kind":"restriction","id":"UUR234","name":"UUR234","zone_type":"temporary","alt":{"lower_m":6096.0,"lower_ref":"AMSL","upper_m":11277.6,"upper_ref":"AMSL","raw":"От FL200 до FL370"},"source":"Московская зона.kml"}},{"type":"Feature","geometry":{"type":"Polygon","coordinates":[[[38.8333333,53.4416667],[39.6333334,53.4166667],[39.9833334,53.25],[40.1166667,53.0666667],[40.3333333,52.0333333],[40.045,51.9625],[39.1666667,52.4],[38.8333333,53.4416667]]]},"properties":{"kind":"restriction","id":"UUR235","name":"UUR235","zone_type":"temporary","alt":{"lower_m":0.0,"lower_ref":"GND","upper_m":7924.8,"upper_ref":"AMSL","raw":"От земли до FL260\nИсключая границы района аэродрома Липецк в период выполнения полетов в районе аэродрома Липецк"},"source":"Московская зона.kml","notes":"Исключая границы района аэродрома Липецк в период выполнения полетов в районе аэродрома Липецк"}},{"type":"Feature","geometry":{"type":"Polygon","coordinates":[[[38.3183333,52.4116666],[37.4233333,53.48],[38.3633333,53.4633334],[38.675,52.495],[38.3183333,52.4116666]]]},"properties":{"kind":"restriction","id":"UUR236","name":"UUR236","zone_type":"temporary","alt":{"lower_m":2150.0,"lower_ref":"AMSL","upper_m":7924.8,"upper_ref":"AMSL","raw":"От 2150 м (7100 фут) AMSL до FL260"},"source":"Московская зона.kml"}},{"type":"Feature","geometry":{"type":"Polygon","coordinates":[[[38.3183333,52.4116666],[37.4233333,53.48],[38.3633333,53.4633334],[38.675,52.495],[38.3183333,52.4116666]]]},"properties":{"kind":"restriction","id":"UUR237","name":"UUR237","zone_type":"temporary","alt":{"lower_m":7924.8,"lower_ref":"AMSL","upper_m":15544.8,"upper_ref":"AMSL","raw":"От FL260 до FL510"},"source":"Московская зона.kml"}},{"type":"Feature","geometry":{"type":"Polygon","coordinates":[[[42.4216666,54.6666667],[42.4166666,53.9166667],[40.9666666,54.0833333],[40.1616666,54.2033334],[39.1116667,54.4633333],[38.9666667,54.6166667],[39.0333333,54.6666667],[39.9166667,54.8],[40.005,54.75],[41.0833334,54.6166667],[42.4216666,54.6666667]]]},"properties":{"kind":"restriction","id":"UUR238","name":"UUR238","zone_type":"temporary","alt":{"lower_m":3048.0,"lower_ref":"AMSL","upper_m":10972.8,"upper_ref":"AMSL","raw":"От FL100 до FL360"},"source":"Московская зона.kml"}},{"type":"Feature","geometry":{"type":"Polygon","coordinates":[[[35.9447222,54.5744445],[35.9511111,54.5783333],[35.9536111,54.5766667],[35.9475,54.5727778],[35.9447222,54.5744445]]]},"properties":{"kind":"restriction","id":"UUR239","name":"UUR239","zone_type":"temporary","alt":{"lower_m":0.0,"lower_ref":"GND","upper_m":650.0,"upper_ref":"AMSL","raw":"От земли до 650 м (2200 фут) AMSL"},"source":"Московская зона.kml"}},{"type":"Feature","geometry":{"type":"Polygon","coordinates":[[[39.7166667,53.4166667],[40.4833333,53.7833334],[40.9166667,53.6166667],[41.05,53.2333333],[40.9666666,52.8666666],[41.1833334,52.1333333],[40.4333334,52.0833334],[40.3333333,52.2333334],[40.2166666,53.1666666],[39.7166667,53.4166667]]]},"properties":{"kind":"restriction","id":"UUR240","name":"UUR240","zone_type":"temporary","alt":{"lower_m":1200.0,"lower_ref":"AMSL","upper_m":4267.2,"upper_ref":"AMSL","raw":"От 1200 м (4000 фут) AMSL до FL140"},"source":"Московская зона.kml"}},{"type":"Feature","geometry":{"type":"Polygon","coordinates":[[[40.3366666,56.2035276],[40.3374227,56.2034945],[40.3381604,56.2033958],[40.338861,56.2032339],[40.3395077,56.203013],[40.3400845,56.2027385],[40.3405771,56.2024169],[40.3409733,56.2020565],[40.3412635,56.2016658],[40.3414406,56.2012547],[40.3415,56.2008332],[40.3414405,56.2004117],[40.3412633,56.2000006],[40.3409731,56.19961],[40.3405767,56.1992496],[40.3400842,56.1989281],[40.3395075,56.1986535],[40.3388608,56.1984326],[40.3381601,56.1982708],[40.3374227,56.1981722],[40.3366666,56.198139],[40.3359106,56.1981722],[40.3351732,56.1982708],[40.3344725,56.1984326],[40.3338258,56.1986535],[40.3332491,56.1989281],[40.3327565,56.1992496],[40.3323602,56.19961],[40.33207,56.2000006],[40.3318928,56.2004117],[40.3318332,56.2008332],[40.3318927,56.2012547],[40.3320698,56.2016658],[40.3323599,56.2020565],[40.3327562,56.2024169],[40.3332488,56.2027385],[40.3338255,56.203013],[40.3344722,56.2032339],[40.3351729,56.2033958],[40.3359105,56.2034945],[40.3366666,56.2035276]]]},"properties":{"kind":"restriction","id":"UUR241","name":"UUR241","zone_type":"temporary","alt":{"lower_m":0.0,"lower_ref":"GND","upper_m":450.0,"upper_ref":"AMSL","raw":"От земли до 450 м (1500 фут) AMSL\nПо согласованию со старшим авиационным начальником аэродрома Владимир (Семязино)"},"source":"Московская зона.kml","notes":"По согласованию со старшим авиационным начальником аэродрома Владимир (Семязино)"}},{"type":"Feature","geometry":{"type":"Polygon","coordinates":[[[45.5166667,58.3666667],[46.25,58.2833333],[46.7,57.9666666],[46.5458334,57.4588889],[42.3722222,56.8472222],[42.4166666,57.6166666],[43.65,58.0833333],[45.5166667,58.3666667]]]},"properties":{"kind":"restriction","id":"UUR242","name":"UUR242","zone_type":"temporary","alt":{"lower_m":2150.0,"lower_ref":"AMSL","upper_m":24993.6,"upper_ref":"AMSL","raw":"От 2150 м (7100 фут) AMSL до FL820"},"source":"Московская зона.kml"}},{"type":"Feature","geometry":{"type":"Polygon","coordinates":[[[39.6911111,54.5979078],[39.6915952,54.5978857],[39.6920674,54.5978198],[39.6925159,54.597712],[39.6929299,54.5975646],[39.6932992,54.5973816],[39.6936146,54.5971671],[39.6938682,54.5969267],[39.694054,54.5966663],[39.6941674,54.5963921],[39.6942054,54.596111],[39.6941673,54.59583],[39.6940539,54.5955558],[39.6938681,54.5952954],[39.6936144,54.595055],[39.6932991,54.5948406],[39.6929299,54.5946575],[39.6925158,54.5945102],[39.6920673,54.5944023],[39.6915951,54.5943365],[39.6911111,54.5943144],[39.6906271,54.5943365],[39.690155,54.5944023],[39.6897064,54.5945102],[39.6892924,54.5946575],[39.6889232,54.5948406],[39.6886079,54.595055],[39.6883542,54.5952954],[39.6881683,54.5955558],[39.688055,54.59583],[39.6880169,54.596111],[39.6880549,54.5963921],[39.6881682,54.5966663],[39.688354,54.5969267],[39.6886077,54.5971671],[39.6889231,54.5973816],[39.6892923,54.5975646],[39.6897063,54.597712],[39.6901549,54.5978198],[39.690627,54.5978857],[39.6911111,54.5979078]]]},"properties":{"kind":"restriction","id":"UUR243","name":"UUR243","zone_type":"temporary","alt":{"lower_m":0.0,"lower_ref":"GND","upper_m":500.0,"upper_ref":"AMSL","raw":"От земли до 500 м (1700 фут) AMSL\nПо согласованию со старшим авиационным начальником аэродрома Рязань (Дягилево)"},"source":"Московская зона.kml","notes":"По согласованию со старшим авиационным начальником аэродрома Рязань (Дягилево)"}},{"type":"Feature","geometry":{"type":"Polygon","coordinates":[[[40.1666667,54.7333333],[41.0833334,54.6166667],[40.9666666,54.0833333],[40.1616666,54.2033334],[39.5894445,54.2833334],[39.5716666,54.6416667],[40.1666667,54.7333333]]]},"properties":{"kind":"restriction","id":"UUR244","name":"UUR244","zone_type":"temporary","alt":{"lower_m":0.0,"lower_ref":"GND","upper_m":3048.0,"upper_ref":"AMSL","raw":"Некорректная геометрия! От земли до FL100"},"source":"Московская зона.kml","notes":"Некорректная геометрия!"}},{"type":"Feature","geometry":{"type":"Polygon","coordinates":[[[42.4216666,54.6666667],[42.4166666,53.9166667],[40.9666666,54.0833333],[40.1616666,54.2033334],[39.1,54.35],[38.9666667,54.6166667],[39.0333333,54.6666667],[39.9166667,54.8],[40.005,54.75],[41.0833334,54.6166667],[42.4216666,54.6666667]]]},"properties":{"kind":"restriction","id":"UUR245","name":"UUR245","zone_type":"temporary","alt":{"lower_m":10972.800000000001,"lower_ref":"AMSL","upper_m":12192.0,"upper_ref":"AMSL","raw":"От FL360 до FL400"},"source":"Московская зона.kml"}},{"type":"Feature","geometry":{"type":"Polygon","coordinates":[[[41.5333334,55.7333333],[43.1333333,55.6666667],[43.7,55.4819444],[44.2238889,55.3466667],[44.0527778,55.1277778],[43.4333333,55.15],[43.2,55.1833333],[42.98,54.9755556],[42.9588889,54.8652778],[42.9919444,54.6866666],[42.25,54.8166667],[41.8230556,54.7852778],[41.6611111,55.3416667],[41.25,55.6166666],[41.5333334,55.7333333]]]},"properties":{"kind":"restriction","id":"UUR246","name":"UUR246","zone_type":"temporary","alt":{"lower_m":0.0,"lower_ref":"GND","upper_m":4267.2,"upper_ref":"AMSL","raw":"От земли до FL140"},"source":"Московская зона.kml"}},{"type":"Feature","geometry":{"type":"Polygon","coordinates":[[[33.8666667,53.3166666],[33.5166667,53.0],[32.4833334,52.9833334],[32.5833334,53.2666667],[32.7833333,53.3],[32.7833333,53.3333333],[33.8666667,53.3166666]]]},"properties":{"kind":"restriction","id":"UUR247","name":"UUR247","zone_type":"temporary","alt":{"lower_m":800.0,"lower_ref":"AMSL","upper_m":3048.0,"upper_ref":"AMSL","raw":"От 800 м (2700 фут) AMSL до FL100"},"source":"Московская зона.kml"}},{"type":"Feature","geometry":{"type":"Polygon","coordinates":[[[33.6191666,53.99],[34.1166667,53.55],[33.8508333,53.3025],[32.7833333,53.3258333],[32.7833333,53.4666667],[32.5505556,53.7686111],[33.6191666,53.99]]]},"properties":{"kind":"restriction","id":"UUR248","name":"UUR248","zone_type":"temporary","alt":{"lower_m":800.0,"lower_ref":"AMSL","upper_m":4267.2,"upper_ref":"AMSL","raw":"От 800 м (2700 фут) AMSL до FL140"},"source":"Московская зона.kml"}},{"type":"Feature","geometry":{"type":"Polygon","coordinates":[[[35.6927778,57.4333333],[36.8341667,57.1944444],[36.9644444,56.9988889],[36.6,56.7005555],[35.2741667,56.5169444],[35.1752778,56.735],[35.1925,56.9233333],[35.6927778,57.4333333]]]},"properties":{"kind":"restriction","id":"UUR249","name":"UUR249","zone_type":"temporary","alt":{"lower_m":400.0,"lower_ref":"AMSL","upper_m":4267.2,"upper_ref":"AMSL","raw":"От 400 м (1400 фут) AMSL до FL140"},"source":"Московская зона.kml"}},{"type":"Feature","geometry":{"type":"Polygon","coordinates":[[[37.9180556,56.1544444],[37.8536111,56.1616667],[37.8736111,56.1777778],[37.9202778,56.1591666],[37.9180556,56.1544444]]]},"properties":{"kind":"restriction","id":"UUR250","name":"UUR250","zone_type":"temporary","alt":{"lower_m":0.0,"lower_ref":"GND","upper_m":500.0,"upper_ref":"AGL","raw":"От земли до 500 м (1700 фут) AGL"},"source":"Московская зона.kml"}},{"type":"Feature","geometry":{"type":"Polygon","coordinates":[[[35.7455555,57.0761111],[36.5491666,56.7644444],[36.2911111,56.5658333],[35.4916667,56.8772222],[35.7455555,57.0761111]]]},"properties":{"kind":"restriction","id":"UUR251","name":"UUR251","zone_type":"temporary","alt":{"lower_m":2150.0,"lower_ref":"AMSL","upper_m":8229.6,"upper_ref":"AMSL","raw":"От 2150 м (7100 фут) AMSL до FL270"},"source":"Московская зона.kml"}},{"type":"Feature","geometry":{"type":"Polygon","coordinates":[[[44.1811111,56.3672682],[44.1823767,56.3672129],[44.1836112,56.3670484],[44.1847841,56.3667787],[44.1858665,56.3664105],[44.1868318,56.3659529],[44.1876562,56.365417],[44.1883194,56.3648162],[44.1888052,56.3641652],[44.1891013,56.36348],[44.1892008,56.3627775],[44.1891011,56.3620751],[44.1888045,56.3613899],[44.1883186,56.360739],[44.1876553,56.3601382],[44.1868309,56.3596024],[44.1858656,56.3591449],[44.1847833,56.3587767],[44.1836107,56.3585071],[44.1823765,56.3583427],[44.1811111,56.3582874],[44.1798457,56.3583427],[44.1786115,56.3585071],[44.1774389,56.3587767],[44.1763566,56.3591449],[44.1753913,56.3596024],[44.1745669,56.3601382],[44.1739036,56.360739],[44.1734177,56.3613899],[44.1731211,56.3620751],[44.1730214,56.3627775],[44.1731209,56.36348],[44.173417,56.3641652],[44.1739027,56.3648162],[44.174566,56.365417],[44.1753904,56.3659529],[44.1763557,56.3664105],[44.1774381,56.3667787],[44.178611,56.3670484],[44.1798455,56.3672129],[44.1811111,56.3672682]]]},"properties":{"kind":"restriction","id":"UUR253","name":"UUR253","zone_type":"temporary","alt":{"lower_m":0.0,"lower_ref":"GND","upper_m":400.0,"upper_ref":"AMSL","raw":"От земли до 400 м (1400 фут) AMSL"},"source":"Московская зона.kml"}},{"type":"Feature","geometry":{"type":"Polygon","coordinates":[[[34.5,57.2166667],[34.55,57.2],[34.5,57.1166667],[34.4166667,57.1166667],[34.5,57.2166667]]]},"properties":{"kind":"restriction","id":"UUR254","name":"UUR254","zone_type":"temporary","alt":{"lower_m":400.0,"lower_ref":"AMSL","upper_m":6096.0,"upper_ref":"AMSL","raw":"От 400 м (1400 фут) AMSL до FL200"},"source":"Московская зона.kml"}},{"type":"Feature","geometry":{"type":"Polygon","coordinates":[[[41.0488889,53.2333333],[42.5780555,53.1316666],[42.7447222,52.5983333],[41.17,52.2047222],[40.9647222,52.8666666],[41.0488889,53.2333333]]]},"properties":{"kind":"restriction","id":"UUR255","name":"UUR255","zone_type":"temporary","alt":{"lower_m":3048.0,"lower_ref":"AMSL","upper_m":12192.0,"upper_ref":"AMSL","raw":"от FL100 до FL400"},"source":"Московская зона.kml"}},{"type":"Feature","geometry":{"type":"Polygon","coordinates":[[[35.9447222,54.5744445],[35.9511111,54.5783333],[35.9536111,54.5766667],[35.9475,54.5727778],[35.9447222,54.5744445]]]},"properties":{"kind":"restriction","id":"UUR256","name":"UUR256","zone_type":"temporary","alt":{"lower_m":0.0,"lower_ref":"GND","upper_m":650.0,"upper_ref":"AMSL","raw":"От земли до 650 м (2200 фут) AMSL"},"source":"Московская зона.kml"}},{"type":"Feature","geometry":{"type":"Polygon","coordinates":[[[35.6916667,51.725],[35.6947222,51.7255556],[35.6980556,51.7255556],[35.6986111,51.7252778],[35.6952778,51.7241667],[35.6922222,51.7233333],[35.6916667,51.725]]]},"properties":{"kind":"restriction","id":"UUR257","name":"UUR257","zone_type":"temporary","alt":{"lower_m":0.0,"lower_ref":"GND","upper_m":500.0,"upper_ref":"AMSL","raw":"От земли до 500 м (1700 фут) AMSL"},"source":"Московская зона.kml"}},{"type":"Feature","geometry":{"type":"Polygon","coordinates":[[[33.6122222,57.7511111],[34.7158333,57.6080556],[34.7069444,56.9933333],[34.5925,56.9583333],[33.6122222,57.7511111]]]},"properties":{"kind":"restriction","id":"UUR258","name":"UUR258","zone_type":"temporary","alt":{"lower_m":0.0,"lower_ref":"GND","upper_m":7924.8,"upper_ref":"AMSL","raw":"От земли до FL260"},"source":"Московская зона.kml"}},{"type":"Feature","geometry":{"type":"Polygon","coordinates":[[[32.3347222,58.0811111],[33.58,57.7763889],[34.5925,56.9583333],[34.135,56.8163889],[31.1669445,56.9166667],[31.2508333,57.1694444],[32.5166667,57.45],[32.6083333,57.6416667],[32.3347222,58.0811111]]]},"properties":{"kind":"restriction","id":"UUR259","name":"UUR259","zone_type":"temporary","alt":{"lower_m":500.0,"lower_ref":"AMSL","upper_m":15544.8,"upper_ref":"AMSL","raw":"От 500 м (1700 фут) AMSL до FL510\nИсключая границы района аэродрома Андреаполь в период выполнения полетов в районе аэродрома Андреаполь"},"source":"Московская зона.kml","notes":"Исключая границы района аэродрома Андреаполь в период выполнения полетов в районе аэродрома Андреаполь"}},{"type":"Feature","geometry":{"type":"Polygon","coordinates":[[[31.1669445,56.9166667],[34.135,56.8163889],[34.7069444,56.9933333],[34.6383333,56.0566667],[32.9538889,56.0191667],[31.1408333,56.7852778],[31.1669445,56.9166667]]]},"properties":{"kind":"restriction","id":"UUR260","name":"UUR260","zone_type":"temporary","alt":{"lower_m":500.0,"lower_ref":"AMSL","upper_m":5181.6,"upper_ref":"AMSL","raw":"От 500 м (1700 фут) AMSL до FL170\nИсключая границы района аэродромов Андреаполь, Ржев в период выполнения полетов в районе аэродромов Андреаполь, Ржев"},"source":"Московская зона.kml","notes":"Исключая границы района аэродромов Андреаполь, Ржев в период выполнения полетов в районе аэродромов Андреаполь, Ржев"}},{"type":"Feature","geometry":{"type":"Polygon","coordinates":[[[31.1669445,56.9166667],[34.135,56.8163889],[34.1666667,56.3666666],[32.9538889,56.0191667],[31.1408333,56.7852778],[31.1669445,56.9166667]]]},"properties":{"kind":"restriction","id":"UUR261","name":"UUR261","zone_type":"temporary","alt":{"lower_m":5181.6,"lower_ref":"AMSL","upper_m":7620.0,"upper_ref":"AMSL","raw":"От FL170 до FL250\nИсключая границы района аэродромов Андреаполь, Ржев в период выполнения полетов в районе аэродромов Андреаполь, Ржев"},"source":"Московская зона.kml","notes":"Исключая границы района аэродромов Андреаполь, Ржев в период выполнения полетов в районе аэродромов Андреаполь, Ржев"}},{"type":"Feature","geometry":{"type":"Polygon","coordinates":[[[35.0,58.8333333],[36.0,58.6666667],[36.3333334,58.25],[35.3144444,57.9994444],[34.5833334,58.4166667],[35.0,58.8333333]]]},"properties":{"kind":"restriction","id":"UUR262","name":"UUR262","zone_type":"temporary","alt":{"lower_m":0.0,"lower_ref":"GND","upper_m":12192.0,"upper_ref":"AMSL","raw":"От земли до FL400"},"source":"Московская зона.kml"}},{"type":"Feature","geometry":{"type":"Polygon","coordinates":[[[33.0833333,59.4069445],[34.0994444,59.3841667],[37.6666666,58.6666667],[37.4422222,57.8697222],[36.4294445,57.5547222],[35.8741667,57.6727778],[33.0777778,59.2236111],[33.0833333,59.4069445]]]},"properties":{"kind":"restriction","id":"UUR263","name":"UUR263","zone_type":"temporary","alt":{"lower_m":1850.0,"lower_ref":"AMSL","upper_m":20421.6,"upper_ref":"AMSL","raw":"От 1850 м (6100 фут) AMSL до FL670"},"source":"Московская зона.kml"}},{"type":"Feature","geometry":{"type":"Polygon","coordinates":[[[32.8863889,57.8347222],[32.9357474,57.8347792],[32.9851061,57.8348169],[33.0344647,57.8348355],[33.0838235,57.8348349],[33.1331822,57.8348151],[33.1825408,57.8347762],[33.2318993,57.8347182],[33.2812576,57.834641],[33.3306157,57.8345446],[33.3799735,57.834429],[33.4293309,57.8342943],[33.4786879,57.8341405],[33.5280446,57.8339674],[33.5774006,57.8337752],[33.6267561,57.8335638],[33.6761111,57.8333333],[33.6244008,57.8116358],[33.5727527,57.7899171],[33.5211667,57.7681776],[33.4696428,57.7464171],[33.4181809,57.7246357],[33.366781,57.7028335],[33.3154429,57.6810105],[33.2641667,57.6591667],[33.2644445,57.62],[33.2736111,57.5811111],[33.2891666,57.5427778],[33.3111111,57.5052778],[33.3386111,57.4691667],[33.3719444,57.4341666],[33.4108333,57.4011111],[33.4547222,57.3697222],[33.5036111,57.3405556],[33.5566667,57.3138889],[33.5811111,57.3041667],[33.5417354,57.2854943],[33.5023998,57.2668095],[33.463104,57.2481126],[33.4238481,57.2294034],[33.384632,57.210682],[33.3454557,57.1919483],[33.3063191,57.1732024],[33.2672222,57.1544445],[33.2272437,57.1743119],[33.1872222,57.1941667],[33.1516881,57.2163939],[33.1161111,57.2386111],[33.0840485,57.2623652],[33.0519445,57.2861111],[33.0237693,57.3112532],[32.9955555,57.3363889],[32.9715451,57.3627801],[32.9475,57.3891667],[32.9277926,57.4166682],[32.9080556,57.4441667],[32.8927896,57.472362],[32.8775,57.5005556],[32.866814,57.5294449],[32.8561111,57.5583333],[32.8500049,57.5875001],[32.8438889,57.6166666],[32.8427787,57.6461111],[32.8416667,57.6755556],[32.845136,57.7048612],[32.8486111,57.7341667],[32.8569378,57.7633336],[32.8652778,57.7925],[32.8863889,57.8347222]]]},"properties":{"kind":"restriction","id":"UUR264","name":"UUR264","zone_type":"temporary","alt":{"lower_m":0.0,"lower_ref":"GND","upper_m":500.0,"upper_ref":"AMSL","raw":"От земли до 500 м (1700 фут) AMSL"},"source":"Московская зона.kml"}},{"type":"Feature","geometry":{"type":"Polygon","coordinates":[[[33.5,58.4166667],[34.5833334,58.4166667],[35.3144444,57.9994444],[34.7158333,57.6080556],[33.75,57.7341667],[33.5,58.4166667]]]},"properties":{"kind":"restriction","id":"UUR265","name":"UUR265","zone_type":"temporary","alt":{"lower_m":500.0,"lower_ref":"AMSL","upper_m":3962.4,"upper_ref":"AMSL","raw":"От 500 м (1700 фут) AMSL до FL130"},"source":"Московская зона.kml"}},{"type":"Feature","geometry":{"type":"Polygon","coordinates":[[[38.0408334,55.8230556],[38.0441667,55.8219445],[38.0447223,55.8116667],[38.0375,55.8116667],[38.0275,55.815],[38.0275,55.8233333],[38.0408334,55.8230556]]]},"properties":{"kind":"restriction","id":"UUR266","name":"UUR266","zone_type":"temporary","alt":{"lower_m":0.0,"lower_ref":"GND","upper_m":450.0,"upper_ref":"AMSL","raw":"От земли до 450 м (1500 фут) AMSL"},"source":"Московская зона.kml"}},{"type":"Feature","geometry":{"type":"Polygon","coordinates":[[[39.5,57.2833333],[39.8833334,57.25],[40.3333333,56.55],[39.45,56.1333333],[38.6022222,56.1102778],[38.4497222,56.2038889],[38.55,56.2766667],[38.4333334,56.4166667],[38.3266667,56.405],[38.2158334,56.2877778],[38.1436111,56.1272222],[38.0633333,55.88],[37.9541667,56.1241667],[38.0027778,56.3419444],[38.05,56.55],[39.5,57.2833333]]]},"properties":{"kind":"restriction","id":"UUR269","name":"UUR269","zone_type":"temporary","alt":{"lower_m":1850.0,"lower_ref":"AMSL","upper_m":12192.0,"upper_ref":"AMSL","raw":"Некорректная геометрия! От 1850 м (6100 фут) AMSL до FL400\nИсключая границы района аэродрома Киржач в период выполнения полетов в районе аэродрома Киржач"},"source":"Московская зона.kml","notes":"Некорректная геометрия!\nИсключая границы района аэродрома Киржач в период выполнения полетов в районе аэродрома Киржач"}},{"type":"Feature","geometry":{"type":"Polygon","coordinates":[[[33.8716667,54.625],[34.895,54.6383333],[34.45,53.8666667],[34.2333333,53.61],[33.7883333,53.9866667],[33.8966666,54.0716666],[33.8716667,54.625]]]},"properties":{"kind":"restriction","id":"UUR270","name":"UUR270","zone_type":"temporary","alt":{"lower_m":700.0,"lower_ref":"AMSL","upper_m":7315.2,"upper_ref":"AMSL","raw":"От 700 м (2300 фут) AMSL до FL240"},"source":"Московская зона.kml"}},{"type":"Feature","geometry":{"type":"Polygon","coordinates":[[[31.7166666,54.3],[31.9166667,54.5333333],[32.7166666,54.65],[33.7666667,54.65],[33.7666667,54.6],[33.7666667,54.0666667],[32.3166667,53.7666667],[31.7166666,54.3]]]},"properties":{"kind":"restriction","id":"UUR271","name":"UUR271","zone_type":"temporary","alt":{"lower_m":0.0,"lower_ref":"GND","upper_m":5181.6,"upper_ref":"AMSL","raw":"От земли до FL170"},"source":"Московская зона.kml"}},{"type":"Feature","geometry":{"type":"Polygon","coordinates":[[[37.7433334,54.2527778],[37.7427777,54.2519444],[37.7277778,54.2541667],[37.7283334,54.2561111],[37.7433334,54.2527778]]]},"properties":{"kind":"restriction","id":"UUR273","name":"UUR273","zone_type":"temporary","alt":{"lower_m":0.0,"lower_ref":"GND","upper_m":450.0,"upper_ref":"AMSL","raw":"От земли до 450 м (1500 фут) AMSL"},"source":"Московская зона.kml"}},{"type":"Feature","geometry":{"type":"Polygon","coordinates":[[[41.5458333,52.6125],[41.5472222,52.6125],[41.5469444,52.6091666],[41.5458333,52.6091666],[41.5458333,52.6125]]]},"properties":{"kind":"restriction","id":"UUR274","name":"UUR274","zone_type":"temporary","alt":{"lower_m":0.0,"lower_ref":"GND","upper_m":450.0,"upper_ref":"AMSL","raw":"От земли до 450 м (1500 фут) AMSL"},"source":"Московская зона.kml"}},{"type":"Feature","geometry":{"type":"Polygon","coordinates":[[[34.5086111,53.2877778],[34.5119444,53.2880556],[34.5133333,53.2866667],[34.5116667,53.2855556],[34.5119444,53.2838889],[34.5097223,53.2825],[34.5052778,53.2838889],[34.5086111,53.2877778]]]},"properties":{"kind":"restriction","id":"UUR275","name":"UUR275","zone_type":"temporary","alt":{"lower_m":0.0,"lower_ref":"GND","upper_m":600.0,"upper_ref":"AMSL","raw":"От земли до 600 м (2000 фут) AMSL"},"source":"Московская зона.kml"}},{"type":"Feature","geometry":{"type":"Polygon","coordinates":[[[35.8427778,55.5313889],[35.8591666,55.4963889],[35.7869444,55.4972222],[35.7747222,55.5158334],[35.8427778,55.5313889]]]},"properties":{"kind":"restriction","id":"UUR318","name":"UUR318","zone_type":"temporary","alt":{"lower_m":0.0,"lower_ref":"GND","upper_m":700.0,"upper_ref":"AMSL","raw":"От земли до 700 м (2300 фут) AMSL"},"source":"Московская зона.kml"}},{"type":"Feature","geometry":{"type":"Polygon","coordinates":[[[36.9333333,55.5833333],[36.9666667,55.5733334],[36.9666667,55.5333333],[36.8166667,55.425],[36.8005556,55.4088889],[36.7302778,55.4133333],[36.7,55.4666667],[36.7016666,55.535],[36.9333333,55.5833333]]]},"properties":{"kind":"restriction","id":"UUR341","name":"UUR341","zone_type":"temporary","alt":{"lower_m":0.0,"lower_ref":"GND","upper_m":4267.2,"upper_ref":"AMSL","raw":"От земли до FL140"},"source":"Московская зона.kml"}},{"type":"Feature","geometry":{"type":"Polygon","coordinates":[[[37.1966666,57.085],[37.43,57.0083333],[37.435,56.7716666],[37.315,56.735],[37.11,56.76],[36.9816666,57.03],[37.1966666,57.085]]]},"properties":{"kind":"restriction","id":"UUR342","name":"UUR342","zone_type":"temporary","alt":{"lower_m":1200.0,"lower_ref":"AMSL","upper_m":3962.4,"upper_ref":"AMSL","raw":"От 1200 м (4000 фут) AMSL до FL130"},"source":"Московская зона.kml"}},{"type":"Feature","geometry":{"type":"Polygon","coordinates":[[[36.7591667,55.5611111],[36.7991666,55.5580555],[36.8125,55.5263889],[36.8005556,55.5241667],[36.7588889,55.555],[36.7591667,55.5611111]]]},"properties":{"kind":"restriction","id":"UUR343","name":"UUR343","zone_type":"temporary","alt":{"lower_m":0.0,"lower_ref":"GND","upper_m":1200.0,"upper_ref":"AMSL","raw":"От земли до 1200 м (4000 фут) AMSL"},"source":"Московская зона.kml"}},{"type":"Feature","geometry":{"type":"Polygon","coordinates":[[[37.1416667,56.24],[37.1869444,56.2238889],[37.25,56.2233334],[37.2683333,56.2016667],[37.2366666,56.1666667],[37.1416667,56.1583333],[37.1416667,56.24]]]},"properties":{"kind":"restriction","id":"UUR344_1","name":"UUR344_1","zone_type":"temporary","alt":{"lower_m":0.0,"lower_ref":"GND","upper_m":3500.0,"upper_ref":"AGL","raw":"От земли до 3500 м (11500 фут) AGL"},"source":"Московская зона.kml"}},{"type":"Feature","geometry":{"type":"Polygon","coordinates":[[[37.1416667,56.24],[37.1416667,56.1583333],[37.0986111,56.1811111],[37.0736111,56.1975],[37.0644444,56.2186111],[37.1416667,56.24]]]},"properties":{"kind":"restriction","id":"UUR344_2","name":"UUR344_2","zone_type":"temporary","alt":{"lower_m":0.0,"lower_ref":"GND","upper_m":1200.0,"upper_ref":"AGL","raw":"От земли до 1200 м (4000 фут) AGL"},"source":"Московская зона.kml"}},{"type":"Feature","geometry":{"type":"Polygon","coordinates":[[[37.1416667,56.24],[37.2163889,56.2508333],[37.25,56.2233334],[37.1869444,56.2238889],[37.1416667,56.24]]]},"properties":{"kind":"restriction","id":"UUR344_3","name":"UUR344_3","zone_type":"temporary","alt":{"lower_m":0.0,"lower_ref":"GND","upper_m":2400.0,"upper_ref":"AGL","raw":"От земли до 2400 м (7900) AGL"},"source":"Московская зона.kml"}},{"type":"Feature","geometry":{"type":"Polygon","coordinates":[[[38.5266667,56.0283333],[38.5366667,56.0016667],[38.515,55.9333333],[38.4916666,55.8966667],[38.4583333,55.9383333],[38.3733334,55.9583333],[38.3783333,55.985],[38.3983333,56.0],[38.4433333,56.025],[38.5266667,56.0283333]]]},"properties":{"kind":"restriction","id":"UUR345","name":"UUR345","zone_type":"temporary","alt":{"lower_m":0.0,"lower_ref":"GND","upper_m":1850.0,"upper_ref":"AMSL","raw":"От земли до 1850 м (6100 фут) AMSL"},"source":"Московская зона.kml"}},{"type":"Feature","geometry":{"type":"Polygon","coordinates":[[[41.1683333,56.3816667],[41.2316667,56.4],[41.26,56.39],[41.2216666,56.375],[41.1733333,56.3433333],[41.125,56.3683333],[41.1166667,56.37],[41.1683333,56.3816667]]]},"properties":{"kind":"restriction","id":"UUR346","name":"UUR346","zone_type":"temporary","alt":{"lower_m":0.0,"lower_ref":"GND","upper_m":9448.8,"upper_ref":"AMSL","raw":"От земли до FL310"},"source":"Московская зона.kml"}},{"type":"Feature","geometry":{"type":"Polygon","coordinates":[[[38.4963889,50.2625],[38.5233333,50.2302778],[38.3044444,50.2],[38.2905556,50.2297222],[38.4963889,50.2625]]]},"properties":{"kind":"restriction","id":"UUR347","name":"UUR347","zone_type":"temporary","alt":{"lower_m":0.0,"lower_ref":"GND","upper_m":750.0,"upper_ref":"AMSL","raw":"От земли до 750 м (2500 фут) AMSL"},"source":"Московская зона.kml"}},{"type":"Feature","geometry":{"type":"Polygon","coordinates":[[[31.65,54.6333333],[31.7333334,54.55],[31.6833333,54.55],[31.6333333,54.6333333],[31.65,54.6333333]]]},"properties":{"kind":"restriction","id":"UUR348","name":"UUR348","zone_type":"temporary","alt":{"lower_m":0.0,"lower_ref":"GND","upper_m":1750.0,"upper_ref":"AMSL","raw":"От земли до 1750 м (5800 фут) AMSL"},"source":"Московская зона.kml"}},{"type":"Feature","geometry":{"type":"Polygon","coordinates":[[[40.5955555,57.7597222],[40.6258333,57.7597222],[40.6427778,57.7408333],[40.6586112,57.7058333],[40.6905555,57.6683334],[40.6741667,57.6552778],[40.625,57.665],[40.6,57.6816667],[40.5883333,57.695],[40.5813889,57.7136111],[40.5788889,57.7552778],[40.5955555,57.7597222]]]},"properties":{"kind":"restriction","id":"UUR349","name":"UUR349","zone_type":"temporary","alt":{"lower_m":0.0,"lower_ref":"GND","upper_m":2000.0,"upper_ref":"AMSL","raw":"От земли до 2000 м (6600 фут) AMSL"},"source":"Московская зона.kml"}},{"type":"Feature","geometry":{"type":"Polygon","coordinates":[[[41.43,56.775],[41.4166666,56.785],[41.425,56.7883333],[41.44,56.7783333],[41.43,56.775]]]},"properties":{"kind":"restriction","id":"UUR350","name":"UUR350","zone_type":"temporary","alt":{"lower_m":0.0,"lower_ref":"GND","upper_m":4572.0,"upper_ref":"AMSL","raw":"От земли до FL150"},"source":"Московская зона.kml"}},{"type":"Feature","geometry":{"type":"Polygon","coordinates":[[[42.1883333,57.4051356],[42.1922369,57.4049698],[42.1960444,57.4044762],[42.1996618,57.4036671],[42.2029999,57.4025625],[42.2059767,57.4011895],[42.2085185,57.3995819],[42.2105632,57.3977795],[42.21206,57.3958266],[42.2129726,57.3937713],[42.2132783,57.3916642],[42.2129698,57.3895573],[42.2120547,57.3875023],[42.2105557,57.3855499],[42.2085099,57.3837482],[42.2059675,57.3821414],[42.2029913,57.3807692],[42.1996544,57.3796652],[42.196039,57.3788567],[42.1922341,57.3783634],[42.1883333,57.3781977],[42.1844325,57.3783634],[42.1806275,57.3788567],[42.1770122,57.3796652],[42.1736753,57.3807692],[42.1706991,57.3821414],[42.1681567,57.3837482],[42.1661109,57.3855499],[42.1646119,57.3875023],[42.1636968,57.3895573],[42.1633883,57.3916642],[42.163694,57.3937713],[42.1646065,57.3958266],[42.1661034,57.3977795],[42.1681481,57.3995819],[42.1706899,57.4011895],[42.1736667,57.4025625],[42.1770048,57.4036671],[42.1806222,57.4044762],[42.1844297,57.4049698],[42.1883333,57.4051356]]]},"properties":{"kind":"restriction","id":"UUR351","name":"UUR351","zone_type":"temporary","alt":{"lower_m":0.0,"lower_ref":"GND","upper_m":1200.0,"upper_ref":"AMSL","raw":"От земли до 1200 м (4000 фут) AMSL"},"source":"Московская зона.kml"}},{"type":"Feature","geometry":{"type":"Polygon","coordinates":[[[36.43,51.7883333],[36.44,51.7266667],[36.4066666,51.7283333],[36.3966667,51.7783333],[36.43,51.7883333]]]},"properties":{"kind":"restriction","id":"UUR352","name":"UUR352","zone_type":"temporary","alt":{"lower_m":0.0,"lower_ref":"GND","upper_m":3352.8,"upper_ref":"AMSL","raw":"От земли до FL110"},"source":"Московская зона.kml"}},{"type":"Feature","geometry":{"type":"Polygon","coordinates":[[[42.8,56.3866667],[42.8383333,56.3866667],[42.8916666,56.4683333],[42.9666666,56.4883333],[43.0033333,56.5216667],[43.0533333,56.4533334],[43.0416667,56.375],[43.055,56.3066666],[43.0416667,56.2833333],[43.0066666,56.25],[42.9883334,56.255],[42.9883334,56.2733333],[43.0066666,56.29],[42.8333334,56.3183333],[42.8,56.3866667]]]},"properties":{"kind":"restriction","id":"UUR353","name":"UUR353","zone_type":"temporary","alt":{"lower_m":0.0,"lower_ref":"GND","upper_m":null,"upper_ref":"AMSL","raw":"На всех высотах"},"source":"Московская зона.kml"}},{"type":"Feature","geometry":{"type":"Polygon","coordinates":[[[43.5283333,56.3116667],[43.4666667,56.3083333],[43.4666667,56.3583333],[43.5283333,56.3616667],[43.5283333,56.3116667]]]},"properties":{"kind":"restriction","id":"UUR354","name":"UUR354","zone_type":"temporary","alt":{"lower_m":0.0,"lower_ref":"GND","upper_m":1600.0,"upper_ref":"AMSL","raw":"От земли до 1600 м (5300 фут) AMSL"},"source":"Московская зона.kml"}},{"type":"Feature","geometry":{"type":"Polygon","coordinates":[[[43.7666667,56.3433333],[43.7366666,56.3333333],[43.7333334,56.355],[43.7783333,56.3533333],[43.7666667,56.3433333]]]},"properties":{"kind":"restriction","id":"UUR355","name":"UUR355","zone_type":"temporary","alt":{"lower_m":0.0,"lower_ref":"GND","upper_m":400.0,"upper_ref":"AMSL","raw":"От земли до 400 м (1400 фут) AMSL"},"source":"Московская зона.kml"}},{"type":"Feature","geometry":{"type":"Polygon","coordinates":[[[39.5188889,54.9836111],[39.5480556,54.9872222],[39.6066667,54.9708333],[39.6880556,54.9480555],[39.6955555,54.8922222],[39.6458333,54.8863889],[39.5286111,54.9066667],[39.5144444,54.9677778],[39.5188889,54.9836111]]]},"properties":{"kind":"restriction","id":"UUR357","name":"UUR357","zone_type":"temporary","alt":{"lower_m":0.0,"lower_ref":"GND","upper_m":4572.0,"upper_ref":"AMSL","raw":"От земли до FL150"},"source":"Московская зона.kml"}},{"type":"Feature","geometry":{"type":"Polygon","coordinates":[[[33.1466666,54.6233333],[33.1483334,54.6266667],[33.16,54.6266667],[33.1533333,54.6233333],[33.1466666,54.6233333]]]},"properties":{"kind":"restriction","id":"UUR358","name":"UUR358","zone_type":"temporary","alt":{"lower_m":0.0,"lower_ref":"GND","upper_m":1200.0,"upper_ref":"AMSL","raw":"От земли до 1200 м (4000 фут) AMSL"},"source":"Московская зона.kml"}},{"type":"Feature","geometry":{"type":"Polygon","coordinates":[[[41.6666667,52.7],[41.75,52.6916667],[41.7333334,52.6183333],[41.5833333,52.5166667],[41.5166666,52.65],[41.55,52.6833334],[41.6,52.7033333],[41.6666667,52.7]]]},"properties":{"kind":"restriction","id":"UUR359","name":"UUR359","zone_type":"temporary","alt":{"lower_m":0.0,"lower_ref":"GND","upper_m":10972.8,"upper_ref":"AMSL","raw":"От земли до FL360"},"source":"Московская зона.kml"}},{"type":"Feature","geometry":{"type":"Polygon","coordinates":[[[35.63,56.825],[35.7,56.7833333],[35.65,56.7333333],[35.5566667,56.75],[35.5,56.7333333],[35.5,56.7833333],[35.5333333,56.8],[35.5833334,56.8166667],[35.63,56.825]]]},"properties":{"kind":"restriction","id":"UUR360","name":"UUR360","zone_type":"temporary","alt":{"lower_m":0.0,"lower_ref":"GND","upper_m":2743.2,"upper_ref":"AMSL","raw":"От земли до FL090"},"source":"Московская зона.kml"}},{"type":"Feature","geometry":{"type":"Polygon","coordinates":[[[40.4644444,56.9180556],[40.4713889,56.9119444],[40.4669444,56.9105556],[40.4602778,56.9169444],[40.4644444,56.9180556]]]},"properties":{"kind":"restriction","id":"UUR361","name":"UUR361","zone_type":"temporary","alt":{"lower_m":0.0,"lower_ref":"GND","upper_m":500.0,"upper_ref":"AMSL","raw":"От земли до 500 м (1700 фут) AMSL"},"source":"Московская зона.kml"}},{"type":"Feature","geometry":{"type":"Polygon","coordinates":[[[40.4866667,57.7116667],[40.55,57.7],[40.5883333,57.695],[40.6,57.6816667],[40.625,57.665],[40.5333334,57.6433333],[40.425,57.6666666],[40.3877778,57.6883333],[40.4866667,57.7116667]]]},"properties":{"kind":"restriction","id":"UUR363","name":"UUR363","zone_type":"temporary","alt":{"lower_m":0.0,"lower_ref":"GND","upper_m":2743.2,"upper_ref":"AMSL","raw":"От земли до FL090"},"source":"Московская зона.kml"}},{"type":"Feature","geometry":{"type":"Polygon","coordinates":[[[37.5,54.4166666],[37.575,54.4416667],[37.6166667,54.4083333],[37.6027777,54.3666667],[37.5666666,54.35],[37.5,54.4166666]]]},"properties":{"kind":"restriction","id":"UUR366","name":"UUR366","zone_type":"temporary","alt":{"lower_m":0.0,"lower_ref":"GND","upper_m":5486.4,"upper_ref":"AMSL","raw":"От земли до FL180"},"source":"Московская зона.kml"}},{"type":"Feature","geometry":{"type":"Polygon","coordinates":[[[43.0016667,56.6166667],[43.1183333,56.5666667],[43.335,56.4166667],[43.3683333,56.2861111],[43.0016667,56.2694445],[43.0016667,56.6166667]]]},"properties":{"kind":"restriction","id":"UUR367","name":"UUR367","zone_type":"temporary","alt":{"lower_m":0.0,"lower_ref":"GND","upper_m":24993.6,"upper_ref":"AMSL","raw":"От земли до FL820"},"source":"Московская зона.kml"}},{"type":"Feature","geometry":{"type":"Polygon","coordinates":[[[39.0,57.5166667],[38.9666667,57.55],[39.0666667,57.6],[39.1,57.5666667],[39.0,57.5166667]]]},"properties":{"kind":"restriction","id":"UUR369","name":"UUR369","zone_type":"temporary","alt":{"lower_m":0.0,"lower_ref":"GND","upper_m":2150.0,"upper_ref":"AMSL","raw":"От земли до 2150 м (7100 фут) AMSL"},"source":"Московская зона.kml"}},{"type":"Feature","geometry":{"type":"Polygon","coordinates":[[[38.4558333,55.5016667],[38.5311111,55.5372222],[38.5922223,55.4958333],[38.5216667,55.4619445],[38.4583333,55.4783333],[38.4558333,55.5016667]]]},"properties":{"kind":"restriction","id":"UUR370","name":"UUR370","zone_type":"temporary","alt":{"lower_m":0.0,"lower_ref":"GND","upper_m":3350.0,"upper_ref":"AMSL","raw":"От земли до 3350 м (11000 фут) AMSL"},"source":"Московская зона.kml"}},{"type":"Feature","geometry":{"type":"Polygon","coordinates":[[[38.75,55.02],[38.8166667,55.0583333],[38.9166667,54.9833333],[38.8666666,54.95],[38.75,55.02]]]},"properties":{"kind":"restriction","id":"UUR372","name":"UUR372","zone_type":"temporary","alt":{"lower_m":0.0,"lower_ref":"GND","upper_m":4267.2,"upper_ref":"AMSL","raw":"От земли до FL140"},"source":"Московская зона.kml"}},{"type":"Feature","geometry":{"type":"Polygon","coordinates":[[[41.4283333,58.4133333],[41.4466667,58.4183333],[41.4433333,58.4033333],[41.4366666,58.4],[41.46,58.3966667],[41.4416667,58.3916667],[41.4066667,58.3966667],[41.405,58.4033333],[41.41,58.4083333],[41.4133333,58.41],[41.4283333,58.4133333]]]},"properties":{"kind":"restriction","id":"UUR373","name":"UUR373","zone_type":"temporary","alt":{"lower_m":0.0,"lower_ref":"GND","upper_m":4267.2,"upper_ref":"AMSL","raw":"От земли до FL140"},"source":"Московская зона.kml"}},{"type":"Feature","geometry":{"type":"Polygon","coordinates":[[[40.6783333,56.9830819],[40.680649,56.9829824],[40.6829075,56.9826863],[40.6850534,56.9822009],[40.6870338,56.9815381],[40.6887998,56.9807144],[40.6903078,56.9797499],[40.691521,56.9786684],[40.6924094,56.9774967],[40.6929511,56.9762634],[40.6931328,56.9749991],[40.6929501,56.9737349],[40.6924075,56.9725018],[40.6915184,56.9713302],[40.6903048,56.970249],[40.6887965,56.9692848],[40.6870307,56.9684613],[40.6850508,56.9677988],[40.6829056,56.9673136],[40.680648,56.9670175],[40.6783333,56.9669181],[40.6760186,56.9670175],[40.673761,56.9673136],[40.6716158,56.9677988],[40.6696359,56.9684613],[40.6678701,56.9692848],[40.6663618,56.970249],[40.6651482,56.9713302],[40.6642591,56.9725018],[40.6637165,56.9737349],[40.6635338,56.9749991],[40.6637156,56.9762634],[40.6642572,56.9774967],[40.6651456,56.9786684],[40.6663588,56.9797499],[40.6678669,56.9807144],[40.6696329,56.9815381],[40.6716132,56.9822009],[40.6737591,56.9826863],[40.6760176,56.9829824],[40.6783333,56.9830819]]]},"properties":{"kind":"restriction","id":"UUR374","name":"UUR374","zone_type":"temporary","alt":{"lower_m":0.0,"lower_ref":"GND","upper_m":450.0,"upper_ref":"AMSL","raw":"От земли до 450 м (1500 фут) AMSL"},"source":"Московская зона.kml"}},{"type":"Feature","geometry":{"type":"Polygon","coordinates":[[[41.3383334,51.2066667],[41.8983333,51.3],[41.9316667,51.1833333],[41.6616667,51.1266667],[41.4666667,51.0833334],[41.3383334,51.2066667]]]},"properties":{"kind":"restriction","id":"UUR375","name":"UUR375","zone_type":"temporary","alt":{"lower_m":0.0,"lower_ref":"GND","upper_m":6096.0,"upper_ref":"AMSL","raw":"От земли до FL200"},"source":"Московская зона.kml"}},{"type":"Feature","geometry":{"type":"Polygon","coordinates":[[[33.525,54.8886157],[33.5323133,54.8882837],[33.5394461,54.8872959],[33.5462224,54.8856766],[33.5524754,54.8834658],[33.5580507,54.880718],[33.5628111,54.8775011],[33.5666393,54.8738942],[33.5694413,54.8699863],[33.5711484,54.8658737],[33.5717187,54.8616577],[33.5711387,54.8574421],[33.569423,54.8533308],[33.5666141,54.8494249],[33.5627814,54.8458205],[33.5580196,54.8426063],[33.5524458,54.8398613],[33.5461973,54.837653],[33.5394278,54.8360357],[33.5323036,54.8350491],[33.525,54.8347175],[33.5176964,54.8350491],[33.5105723,54.8360357],[33.5038027,54.837653],[33.4975542,54.8398613],[33.4919805,54.8426063],[33.4872186,54.8458205],[33.4833859,54.8494249],[33.4805771,54.8533308],[33.4788613,54.8574421],[33.4782813,54.8616577],[33.4788517,54.8658737],[33.4805587,54.8699863],[33.4833608,54.8738942],[33.4871889,54.8775011],[33.4919493,54.880718],[33.4975246,54.8834658],[33.5037776,54.8856766],[33.5105539,54.8872959],[33.5176867,54.8882837],[33.525,54.8886157]]]},"properties":{"kind":"restriction","id":"UUR378","name":"UUR378","zone_type":"temporary","alt":{"lower_m":0.0,"lower_ref":"GND","upper_m":1500.0,"upper_ref":"AMSL","raw":"От земли до 1500 м (5000 фут) AMSL"},"source":"Московская зона.kml"}},{"type":"Feature","geometry":{"type":"Polygon","coordinates":[[[33.51,54.9664961],[33.5344241,54.9653877],[33.5582429,54.96209],[33.5808662,54.9566847],[33.6017343,54.9493057],[33.6203314,54.9401358],[33.6361991,54.9294018],[33.6489472,54.9173692],[33.6582638,54.9043352],[33.6639222,54.8906217],[33.6657866,54.8765668],[33.6638151,54.8625167],[33.6580602,54.8488173],[33.6486669,54.8358053],[33.6358696,54.8238004],[33.619985,54.8130971],[33.6014048,54.8039577],[33.580586,54.7966064],[33.5580392,54.7912231],[33.5343171,54.7879395],[33.51,54.7868359],[33.485683,54.7879395],[33.4619608,54.7912231],[33.4394141,54.7966064],[33.4185953,54.8039577],[33.4000151,54.8130971],[33.3841304,54.8238004],[33.3713331,54.8358053],[33.3619399,54.8488173],[33.3561849,54.8625167],[33.3542135,54.8765668],[33.3560778,54.8906217],[33.3617362,54.9043352],[33.3710528,54.9173692],[33.3838009,54.9294018],[33.3996687,54.9401358],[33.4182658,54.9493057],[33.4391338,54.9566847],[33.4617572,54.96209],[33.4855759,54.9653877],[33.51,54.9664961]]]},"properties":{"kind":"restriction","id":"UUR379","name":"UUR379","zone_type":"temporary","alt":{"lower_m":0.0,"lower_ref":"GND","upper_m":6096.0,"upper_ref":"AMSL","raw":"От земли до FL200"},"source":"Московская зона.kml"}},{"type":"Feature","geometry":{"type":"Polygon","coordinates":[[[33.4216666,55.0133333],[33.6966666,55.0116667],[33.7133333,54.93],[33.8,54.875],[34.9116667,54.8316667],[34.7783334,54.7116666],[33.2666666,54.7],[33.2133333,54.9316667],[33.4216666,55.0133333]]]},"properties":{"kind":"restriction","id":"UUR380","name":"UUR380","zone_type":"temporary","alt":{"lower_m":0.0,"lower_ref":"GND","upper_m":2150.0,"upper_ref":"AMSL","raw":"От земли до 2150 м (7100 фут) AMSL"},"source":"Московская зона.kml"}},{"type":"Feature","geometry":{"type":"Polygon","coordinates":[[[36.4041667,56.8527737],[36.4118586,56.8524418],[36.4193607,56.8514542],[36.426488,56.8498354],[36.4330645,56.8476252],[36.4389283,56.8448782],[36.4439348,56.8416622],[36.4479609,56.8380563],[36.4509076,56.8341496],[36.4527026,56.8300383],[36.453302,56.8258237],[36.4526917,56.8216095],[36.4508868,56.8174995],[36.4479324,56.8135949],[36.4439013,56.8099918],[36.4388931,56.8067787],[36.433031,56.8040347],[36.4264595,56.8018272],[36.4193401,56.8002105],[36.4118477,56.7992243],[36.4041667,56.7988928],[36.3964857,56.7992243],[36.3889933,56.8002105],[36.3818739,56.8018272],[36.3753024,56.8040347],[36.3694403,56.8067787],[36.3644322,56.8099918],[36.3604011,56.8135949],[36.3574466,56.8174995],[36.3556417,56.8216095],[36.3550314,56.8258237],[36.3556308,56.8300383],[36.3574258,56.8341496],[36.3603725,56.8380563],[36.3643986,56.8416622],[36.3694051,56.8448782],[36.3752689,56.8476252],[36.3818455,56.8498354],[36.3889727,56.8514542],[36.3964748,56.8524418],[36.4041667,56.8527737]]]},"properties":{"kind":"restriction","id":"UUR384","name":"UUR384","zone_type":"temporary","alt":{"lower_m":0.0,"lower_ref":"GND","upper_m":400.0,"upper_ref":"AGL","raw":"От земли до 400 м (1400 фут) AGL"},"source":"Московская зона.kml"}},{"type":"Feature","geometry":{"type":"Polygon","coordinates":[[[41.3102778,55.5038889],[41.2841667,55.4938889],[41.3822223,55.4808333],[41.3727777,55.5030556],[41.3102778,55.5038889]]]},"properties":{"kind":"restriction","id":"UUR385","name":"UUR385","zone_type":"temporary","alt":{"lower_m":0.0,"lower_ref":"GND","upper_m":700.0,"upper_ref":"AMSL","raw":"От земли до 700 м (2300 фут) AMSL"},"source":"Московская зона.kml"}},{"type":"Feature","geometry":{"type":"Polygon","coordinates":[[[36.045,57.3333333],[36.375,57.1966667],[36.0966666,57.0966667],[35.7333333,57.1611111],[35.7333333,57.2166667],[36.045,57.3333333]]]},"properties":{"kind":"restriction","id":"UUR388","name":"UUR388","zone_type":"temporary","alt":{"lower_m":0.0,"lower_ref":"GND","upper_m":4267.2,"upper_ref":"AMSL","raw":"От земли до FL140"},"source":"Московская зона.kml"}},{"type":"Feature","geometry":{"type":"Polygon","coordinates":[[[39.9833334,53.25],[40.1166667,53.0666667],[40.1516667,52.8733333],[39.7516667,52.79],[39.5566667,53.0466667],[39.56,53.225],[39.9833334,53.25]]]},"properties":{"kind":"restriction","id":"UUR389","name":"UUR389","zone_type":"temporary","alt":{"lower_m":0.0,"lower_ref":"GND","upper_m":4876.8,"upper_ref":"AMSL","raw":"От земли до FL160"},"source":"Московская зона.kml"}},{"type":"Feature","geometry":{"type":"Polygon","coordinates":[[[38.5433333,55.455],[38.4583333,55.4783333],[38.4533334,55.525],[38.5133334,55.55],[38.5883334,55.5483333],[38.6033333,55.4683333],[38.5433333,55.455]]]},"properties":{"kind":"restriction","id":"UUR390","name":"UUR390","zone_type":"temporary","alt":{"lower_m":0.0,"lower_ref":"GND","upper_m":2450.0,"upper_ref":"AMSL","raw":"От земли до 2450 м (8100 фут) AMSL"},"source":"Московская зона.kml"}},{"type":"Feature","geometry":{"type":"Polygon","coordinates":[[[34.1,56.2720552],[34.101515,56.2719889],[34.1029928,56.2717915],[34.1043967,56.2714678],[34.1056924,56.271026],[34.1068478,56.2704768],[34.1078346,56.2698337],[34.1086284,56.2691127],[34.1092097,56.2683315],[34.1095643,56.2675092],[34.1096833,56.2666663],[34.1095639,56.2658233],[34.109209,56.2650012],[34.1086274,56.26422],[34.1078333,56.2634991],[34.1068465,56.2628562],[34.105691,56.2623071],[34.1043956,56.2618653],[34.102992,56.2615418],[34.1015146,56.2613445],[34.1,56.2612781],[34.0984855,56.2613445],[34.0970081,56.2615418],[34.0956045,56.2618653],[34.094309,56.2623071],[34.0931536,56.2628562],[34.0921667,56.2634991],[34.0913727,56.26422],[34.090791,56.2650012],[34.0904362,56.2658233],[34.0903167,56.2666663],[34.0904358,56.2675092],[34.0907903,56.2683315],[34.0913716,56.2691127],[34.0921655,56.2698337],[34.0931523,56.2704768],[34.0943077,56.271026],[34.0956034,56.2714678],[34.0970073,56.2717915],[34.098485,56.2719889],[34.1,56.2720552]]]},"properties":{"kind":"restriction","id":"UUR394","name":"UUR394","zone_type":"temporary","alt":{"lower_m":0.0,"lower_ref":"GND","upper_m":700.0,"upper_ref":"AMSL","raw":"От земли до 700 м (2300 фут) AMSL"},"source":"Московская зона.kml"}},{"type":"Feature","geometry":{"type":"Polygon","coordinates":[[[40.0,54.75],[40.6166667,54.6666667],[40.4666667,54.55],[39.8833334,54.6833334],[40.0,54.75]]]},"properties":{"kind":"restriction","id":"UUR407","name":"UUR407","zone_type":"temporary","alt":{"lower_m":0.0,"lower_ref":"GND","upper_m":12192.0,"upper_ref":"AMSL","raw":"От земли до FL400"},"source":"Московская зона.kml"}},{"type":"Feature","geometry":{"type":"Polygon","coordinates":[[[36.65,55.6116667],[36.7233334,55.6466667],[36.7833334,55.605],[36.6366667,55.5366667],[36.5766667,55.5766667],[36.65,55.6116667]]]},"properties":{"kind":"restriction","id":"UUR408","name":"UUR408","zone_type":"temporary","alt":{"lower_m":1850.0,"lower_ref":"AMSL","upper_m":3050.0,"upper_ref":"AMSL","raw":"От 1850 м (6100 фут) AMSL до 3050 м (10100 фут) AMSL"},"source":"Московская зона.kml"}},{"type":"Feature","geometry":{"type":"Polygon","coordinates":[[[34.8786111,55.4208333],[35.4930555,55.5272222],[35.6019445,55.2755556],[34.9036111,55.2],[34.8786111,55.4208333]]]},"properties":{"kind":"restriction","id":"UUR409","name":"UUR409","zone_type":"temporary","alt":{"lower_m":400.0,"lower_ref":"AMSL","upper_m":3962.4,"upper_ref":"AMSL","raw":"От 400 м (1400 фут) AMSL до FL130"},"source":"Московская зона.kml"}},{"type":"Feature","geometry":{"type":"Polygon","coordinates":[[[35.7816666,55.5519444],[36.3058333,55.6405555],[36.3972222,55.4725],[36.0144445,55.4261111],[35.8283333,55.4572222],[35.7816666,55.5519444]]]},"properties":{"kind":"restriction","id":"UUR410","name":"UUR410","zone_type":"temporary","alt":{"lower_m":1500.0,"lower_ref":"AMSL","upper_m":6096.0,"upper_ref":"AMSL","raw":"От 1500 м (5000 фут) AMSL до FL200"},"source":"Московская зона.kml"}},{"type":"Feature","geometry":{"type":"Polygon","coordinates":[[[38.5066667,55.9138889],[38.9916667,56.0283333],[38.9902778,56.0055556],[38.5086111,55.8563889],[38.0633333,55.88],[38.5066667,55.9138889]]]},"properties":{"kind":"restriction","id":"UUR414","name":"UUR414","zone_type":"temporary","alt":{"lower_m":0.0,"lower_ref":"GND","upper_m":1200.0,"upper_ref":"AMSL","raw":"Некорректная геометрия! От земли до 1200 м (4000 фут) AMSL"},"source":"Московская зона.kml","notes":"Некорректная геометрия!"}},{"type":"Feature","geometry":{"type":"Polygon","coordinates":[[[38.6016667,56.1111111],[38.75,56.0647222],[39.0,56.0833333],[38.9916667,56.0283333],[38.5066667,55.9138889],[38.5158333,55.9330555],[38.5366667,56.0002778],[38.5266667,56.0283333],[38.4452778,56.0247222],[38.6016667,56.1111111]]]},"properties":{"kind":"restriction","id":"UUR415","name":"UUR415","zone_type":"temporary","alt":{"lower_m":0.0,"lower_ref":"GND","upper_m":3050.0,"upper_ref":"AMSL","raw":"От земли до 3050 м (10100 фут) AMSL"},"source":"Московская зона.kml"}},{"type":"Feature","geometry":{"type":"Polygon","coordinates":[[[38.6016667,56.1111111],[38.75,56.0647222],[39.0,56.0833333],[38.9916667,56.0283333],[38.5066667,55.9138889],[38.5158333,55.9330555],[38.5366667,56.0002778],[38.5266667,56.0283333],[38.4452778,56.0247222],[38.6016667,56.1111111]]]},"properties":{"kind":"restriction","id":"UUR416","name":"UUR416","zone_type":"temporary","alt":{"lower_m":3050.0,"lower_ref":"AMSL","upper_m":6096.0,"upper_ref":"AMSL","raw":"От 3050 м (10100 фут) AMSL до FL200"},"source":"Московская зона.kml"}},{"type":"Feature","geometry":{"type":"Polygon","coordinates":[[[38.4833333,56.1833333],[38.6016667,56.1111111],[38.4433333,56.025],[38.4361111,56.0205556],[38.0633333,55.88],[38.3022222,56.0927778],[38.4833333,56.1833333]]]},"properties":{"kind":"restriction","id":"UUR417","name":"UUR417","zone_type":"temporary","alt":{"lower_m":0.0,"lower_ref":"GND","upper_m":3050.0,"upper_ref":"AMSL","raw":"Некорректная геометрия! От земли до 3050 м (10100 фут) AMSL"},"source":"Московская зона.kml","notes":"Некорректная геометрия!"}},{"type":"Feature","geometry":{"type":"Polygon","coordinates":[[[35.6019445,55.2308333],[35.9522222,55.0983334],[36.2452778,55.0619445],[36.2833333,55.0333333],[36.5183333,54.9958333],[36.3294445,54.8288889],[35.3666666,54.8155556],[35.2797222,55.1963889],[35.6019445,55.2308333]]]},"properties":{"kind":"restriction","id":"UUR418","name":"UUR418","zone_type":"temporary","alt":{"lower_m":1850.0,"lower_ref":"AMSL","upper_m":12192.0,"upper_ref":"AMSL","raw":"От 1850 м (6100 фут) AMSL до FL400"},"source":"Московская зона.kml"}},{"type":"Feature","geometry":{"type":"Polygon","coordinates":[[[34.5894444,54.1888889],[34.0111111,53.3305556],[33.1722223,53.2488889],[32.9,53.2947222],[32.9438889,53.8038889],[34.5894444,54.1888889]]]},"properties":{"kind":"restriction","id":"UUR419","name":"UUR419","zone_type":"temporary","alt":{"lower_m":4876.8,"lower_ref":"AMSL","upper_m":12496.8,"upper_ref":"AMSL","raw":"От FL160 до FL410"},"source":"Московская зона.kml"}},{"type":"Feature","geometry":{"type":"Polygon","coordinates":[[[34.9116667,54.8316667],[34.895,54.6383333],[34.45,53.8666667],[34.2333333,53.61],[33.7866667,53.9866667],[33.2666666,54.7],[33.2133333,54.9316667],[33.4216666,55.0133333],[33.6966666,55.0116667],[33.7133333,54.93],[33.8,54.875],[34.9116667,54.8316667]]]},"properties":{"kind":"restriction","id":"UUR421","name":"UUR421","zone_type":"temporary","alt":{"lower_m":1200.0,"lower_ref":"AMSL","upper_m":6096.0,"upper_ref":"AMSL","raw":"От 1200 м (4000 фут) AMSL до FL200"},"source":"Московская зона.kml"}},{"type":"Feature","geometry":{"type":"Polygon","coordinates":[[[36.2166666,55.1833333],[36.0206315,55.1506606],[36.0016152,55.1585754],[35.9266036,55.1966361],[35.8583419,55.2386718],[35.7974899,55.2842897],[35.7446447,55.333062],[35.7003335,55.3845297],[35.6650092,55.4382071],[35.6390439,55.493585],[35.6227243,55.5501361],[35.6189266,55.583671],[36.183411,55.6680193],[36.1813956,55.6633504],[36.1748336,55.6371639],[36.1728562,55.6107406],[36.1754733,55.5843351],[36.1826505,55.5582015],[36.1943099,55.5325904],[36.2103313,55.5077476],[36.2305534,55.4839101],[36.2547757,55.4613061],[36.2827604,55.4401506],[36.314236,55.4206447],[36.3488986,55.402974],[36.3541421,55.4007842],[36.3304245,55.3884828],[36.3044941,55.3720908],[36.2815373,55.3543293],[36.2617732,55.3353711],[36.2453896,55.3154],[36.2325398,55.2946101],[36.2233427,55.2732026],[36.2178814,55.2513843],[36.2162022,55.2293661],[36.218315,55.20736],[36.2234143,55.188465],[36.2233335,55.1883334],[36.2166666,55.1833333]]]},"properties":{"kind":"restriction","id":"UUR422","name":"UUR422","zone_type":"temporary","alt":{"lower_m":400.0,"lower_ref":"AMSL","upper_m":3050.0,"upper_ref":"AMSL","raw":"Некорректная геометрия! От 400 м (1400 фут) AMSL до 3050 м (10100 фут) AMSL"},"source":"Московская зона.kml","notes":"Некорректная геометрия!"}},{"type":"Feature","geometry":{"type":"Polygon","coordinates":[[[37.5333333,54.3583333],[37.5,54.4166666],[37.6833334,54.4666666],[37.7333333,54.4166666],[37.5333333,54.3583333]]]},"properties":{"kind":"restriction","id":"UUR424","name":"UUR424","zone_type":"temporary","alt":{"lower_m":0.0,"lower_ref":"GND","upper_m":3657.6,"upper_ref":"AMSL","raw":"От земли до FL120"},"source":"Московская зона.kml"}},{"type":"Feature","geometry":{"type":"Polygon","coordinates":[[[41.47,57.4919376],[41.4778258,57.4916057],[41.4854585,57.4906183],[41.4927097,57.4889995],[41.4994008,57.4867895],[41.5053666,57.4840428],[41.5104601,57.480827],[41.5145561,57.4772215],[41.5175539,57.4733152],[41.51938,57.4692043],[41.5199898,57.4649901],[41.5193687,57.4607763],[41.5175323,57.4566668],[41.5145264,57.4527626],[41.5104251,57.4491599],[41.5053297,57.4459472],[41.4993658,57.4432035],[41.49268,57.4409962],[41.4854369,57.4393797],[41.4778144,57.4383936],[41.47,57.4380622],[41.4621855,57.4383936],[41.4545631,57.4393797],[41.4473199,57.4409962],[41.4406341,57.4432035],[41.4346702,57.4459472],[41.4295748,57.4491599],[41.4254735,57.4527626],[41.4224676,57.4566668],[41.4206313,57.4607763],[41.4200102,57.4649901],[41.4206199,57.4692043],[41.422446,57.4733152],[41.4254438,57.4772215],[41.4295399,57.480827],[41.4346334,57.4840428],[41.4405992,57.4867895],[41.4472902,57.4889995],[41.4545415,57.4906183],[41.4621741,57.4916057],[41.47,57.4919376]]]},"properties":{"kind":"restriction","id":"UUR436","name":"UUR436","zone_type":"temporary","alt":{"lower_m":0.0,"lower_ref":"GND","upper_m":3352.8,"upper_ref":"AMSL","raw":"От земли до FL110\nНе распространяется на воздушные суда, выполняющие полеты (перелеты) под литерами \"А\" и \"К\""},"source":"Московская зона.kml","notes":"Не распространяется на воздушные суда, выполняющие полеты (перелеты) под литерами \"А\" и \"К\""}},{"type":"Feature","geometry":{"type":"Polygon","coordinates":[[[36.7333333,55.5708333],[36.8569445,55.5138889],[36.8125,55.4875],[36.7166667,55.5638889],[36.7333333,55.5708333]]]},"properties":{"kind":"restriction","id":"UUR438","name":"UUR438","zone_type":"temporary","alt":{"lower_m":0.0,"lower_ref":"GND","upper_m":1200.0,"upper_ref":"AMSL","raw":"От земли до 1200 м (4000 фут) AMSL"},"source":"Московская зона.kml"}},{"type":"Feature","geometry":{"type":"Polygon","coordinates":[[[41.0,51.6888889],[42.65,52.3],[42.5833333,51.5166667],[42.9666666,50.75],[42.7833333,50.6616667],[41.9083334,50.4916667],[41.0,51.1166667],[41.0,51.6888889]]]},"properties":{"kind":"restriction","id":"UUR439","name":"UUR439","zone_type":"temporary","alt":{"lower_m":0.0,"lower_ref":"GND","upper_m":700.0,"upper_ref":"AMSL","raw":"От земли до 700 м (2300 фут) AMSL"},"source":"Московская зона.kml"}},{"type":"Feature","geometry":{"type":"Polygon","coordinates":[[[38.5777778,55.6111111],[38.4888889,55.6869444],[38.5416667,55.7033333],[38.6333333,55.6347222],[38.5777778,55.6111111]]]},"properties":{"kind":"restriction","id":"UUR440","name":"UUR440","zone_type":"temporary","alt":{"lower_m":0.0,"lower_ref":"GND","upper_m":850.0,"upper_ref":"AMSL","raw":"От земли до 850 м (2800 фут) AMSL"},"source":"Московская зона.kml"}},{"type":"Feature","geometry":{"type":"Polygon","coordinates":[[[35.06,57.1888889],[35.1413889,57.2347222],[35.2666667,57.2216667],[35.1666667,57.1166667],[35.06,57.1888889]]]},"properties":{"kind":"restriction","id":"UUR442","name":"UUR442","zone_type":"temporary","alt":{"lower_m":0.0,"lower_ref":"GND","upper_m":2150.0,"upper_ref":"AMSL","raw":"От земли до 2150 м (7100 фут) AMSL"},"source":"Московская зона.kml"}},{"type":"Feature","geometry":{"type":"Polygon","coordinates":[[[34.65,57.1833334],[34.8,57.2041667],[34.8125,57.1458333],[34.6625,57.1333333],[34.65,57.1833334]]]},"properties":{"kind":"restriction","id":"UUR443","name":"UUR443","zone_type":"temporary","alt":{"lower_m":0.0,"lower_ref":"GND","upper_m":2150.0,"upper_ref":"AMSL","raw":"От земли до 2150 м (7100 фут) AMSL"},"source":"Московская зона.kml"}},{"type":"Feature","geometry":{"type":"Polygon","coordinates":[[[34.5625,57.0458333],[34.7375,57.0569444],[34.775,56.9791667],[34.5791667,56.9597222],[34.5625,57.0458333]]]},"properties":{"kind":"restriction","id":"UUR444","name":"UUR444","zone_type":"temporary","alt":{"lower_m":0.0,"lower_ref":"GND","upper_m":2150.0,"upper_ref":"AMSL","raw":"От земли до 2150 м (7100 фут) AMSL"},"source":"Московская зона.kml"}},{"type":"Feature","geometry":{"type":"Polygon","coordinates":[[[34.6713889,56.8791667],[34.9255556,56.8958333],[34.9111111,56.8041667],[34.7269444,56.8333333],[34.6713889,56.8791667]]]},"properties":{"kind":"restriction","id":"UUR445","name":"UUR445","zone_type":"temporary","alt":{"lower_m":0.0,"lower_ref":"GND","upper_m":2150.0,"upper_ref":"AMSL","raw":"От земли до 2150 м (7100 фут) AMSL"},"source":"Московская зона.kml"}},{"type":"Feature","geometry":{"type":"Polygon","coordinates":[[[38.4966667,56.58],[38.565,56.5566667],[38.8716667,56.335],[38.8983333,56.2933333],[38.8633334,56.2466667],[38.6022222,56.1102778],[38.4497222,56.2038889],[38.6266666,56.3033333],[38.45,56.4333333],[38.3266667,56.405],[38.25,56.3616667],[38.2158334,56.2877778],[38.1436111,56.1272222],[38.0633333,55.88],[37.9541667,56.1241667],[38.0027778,56.3419444],[38.035,56.4166667],[38.055,56.44],[38.0866667,56.4566667],[38.4133334,56.57],[38.4966667,56.58]]]},"properties":{"kind":"restriction","id":"UUR449","name":"UUR449","zone_type":"temporary","alt":{"lower_m":0.0,"lower_ref":"GND","upper_m":1850.0,"upper_ref":"AMSL","raw":"Некорректная геометрия! От земли до 1850 м (6100 фут) AMSL\nИсключая границы района аэродрома Киржач в период выполнения полетов в районе аэродрома Киржач"},"source":"Московская зона.kml","notes":"Некорректная геометрия!\nИсключая границы района аэродрома Киржач в период выполнения полетов в районе аэродрома Киржач"}},{"type":"Feature","geometry":{"type":"Polygon","coordinates":[[[38.4116666,57.1130556],[39.2797223,57.0630556],[39.3336111,57.0519444],[39.3711111,57.0280556],[39.6536111,56.7111111],[39.6633333,56.6719445],[39.6288889,56.6369444],[38.8633334,56.2475],[38.6022222,56.1102778],[38.4497222,56.2038889],[38.6266666,56.3033333],[39.4038889,56.7033333],[39.1905556,56.9408333],[38.4913889,56.9811111],[38.2963889,56.47],[38.25,56.3616667],[38.2158334,56.2877778],[38.1436111,56.1272222],[38.0633333,55.88],[37.9541667,56.1241667],[38.0027778,56.3419444],[38.035,56.4166667],[38.07,56.4980556],[38.2861111,57.0633333],[38.3313889,57.1013889],[38.4116666,57.1130556]]]},"properties":{"kind":"restriction","id":"UUR450","name":"UUR450","zone_type":"temporary","alt":{"lower_m":0.0,"lower_ref":"GND","upper_m":1850.0,"upper_ref":"AMSL","raw":"Некорректная геометрия! От земли до 1850 м (6100 фут) AMSL\nИсключая границы района аэродрома Киржач в период выполнения полетов в районе аэродрома Киржач"},"source":"Московская зона.kml","notes":"Некорректная геометрия!\nИсключая границы района аэродрома Киржач в период выполнения полетов в районе аэродрома Киржач"}},{"type":"Feature","geometry":{"type":"Polygon","coordinates":[[[43.645,56.1911111],[43.6655556,56.1527778],[43.6377778,56.1480556],[43.6152778,56.1863889],[43.645,56.1911111]]]},"properties":{"kind":"restriction","id":"UUR452","name":"UUR452","zone_type":"temporary","alt":{"lower_m":0.0,"lower_ref":"GND","upper_m":400.0,"upper_ref":"AMSL","raw":"От земли до 400 м (1400 фут) AMSL"},"source":"Московская зона.kml"}},{"type":"Feature","geometry":{"type":"Polygon","coordinates":[[[35.3408333,57.5569445],[35.5,57.5083333],[35.3472222,57.3486111],[35.0555555,57.4297222],[35.0972223,57.5847222],[35.3408333,57.5569445]]]},"properties":{"kind":"restriction","id":"UUR454","name":"UUR454","zone_type":"temporary","alt":{"lower_m":0.0,"lower_ref":"GND","upper_m":1400.0,"upper_ref":"AMSL","raw":"От земли до 1400 м (4600 фут) AMSL"},"source":"Московская зона.kml"}},{"type":"Feature","geometry":{"type":"Polygon","coordinates":[[[35.4678117,55.693034],[35.4673209,55.7342674],[35.5102819,55.7590825],[35.5810208,55.7586128],[35.6211656,55.7337],[35.6235871,55.6953243],[35.5795616,55.6703439],[35.5164774,55.6699641],[35.4678117,55.693034]]]},"properties":{"kind":"restriction","id":"Запретка_Поречье","name":"Запретка_Поречье","zone_type":"temporary","alt":{"lower_m":0.0,"lower_ref":"GND","upper_m":null,"upper_ref":"AMSL","raw":"По описанию военных"},"source":"Московская зона.kml"}},{"type":"Feature","geometry":{"type":"Polygon","coordinates":[[[38.4333334,56.4166667],[38.55,56.2766667],[38.3566666,56.1366667],[38.2333334,56.0916667],[38.1358334,56.1102778],[38.2158334,56.2877778],[38.3266667,56.405],[38.4333334,56.4166667]]]},"properties":{"kind":"restriction","id":"UUP51","name":"UUP51","zone_type":"prohibited","alt":{"lower_m":0.0,"lower_ref":"GND","upper_m":null,"upper_ref":"AMSL","raw":"На всех высотах"},"source":"Московская зона.kml"}},{"type":"Feature","geometry":{"type":"Polygon","coordinates":[[[37.3083333,55.6925],[37.1016667,55.65],[37.0041667,55.6966667],[37.0266667,55.7688889],[37.2577778,55.8158334],[37.3341666,55.7638889],[37.3336111,55.7272222],[37.3083333,55.6925]]]},"properties":{"kind":"restriction","id":"UUP52","name":"UUP52","zone_type":"prohibited","alt":{"lower_m":0.0,"lower_ref":"GND","upper_m":null,"upper_ref":"AMSL","raw":"На всех высотах\n\nВ целях выполнения полетов воздушных судов с/на посадочные площадки Знаменское, Михалково, Николо-Урюпино, Подушкинское шоссе, Горки-10 пользователи воздушного пространства обязаны уведомить Федеральную службу охраны Российской Федерации"},"source":"Московская зона.kml","notes":"В целях выполнения полетов воздушных судов с/на посадочные площадки Знаменское, Михалково, Николо-Урюпино, Подушкинское шоссе, Горки-10 пользователи воздушного пространства обязаны уведомить Федеральную службу охраны Российской Федерации"}},{"type":"Feature","geometry":{"type":"Polygon","coordinates":[[[37.56,55.905],[37.7116667,55.885],[37.8333333,55.8233333],[37.8383333,55.76],[37.8216666,55.6866667],[37.8333333,55.6583333],[37.7466666,55.6033333],[37.6766667,55.5766667],[37.6283334,55.58],[37.5666666,55.5833333],[37.4933333,55.6116667],[37.4583333,55.65],[37.3733334,55.7366667],[37.375,55.7816667],[37.4083334,55.8333333],[37.4033333,55.8583334],[37.56,55.905]]]},"properties":{"kind":"restriction","id":"UUP53","name":"UUP53","zone_type":"prohibited","alt":{"lower_m":0.0,"lower_ref":"GND","upper_m":8077.2,"upper_ref":"AMSL","raw":"От земли до FL265\n\n1. Разрешаются полеты воздушных судов в районе, ограниченном координатами:\n\n553930c 0375000в, 553612c 0374448в, 553436c 0374036в, 553448c 0373742в, 553930c 0375000в на высотах не ниже высоты 1200 м (3900 фут) AGL.\n\n2. Разрешаются полеты воздушных судов, выполняющих заход на посадку на взлетно-посадочную полосу 24 аэродрома Москва (Внуково), в районе, ограниченном координатами:\n\n553900c 0372730в, 553900c 0373100в, 553500c 0373400в, 553642c 0372936в, 553900c 0372730в на высотах не ниже высоты 400 м (1300 фут) AGL"},"source":"Московская зона.kml","notes":"1. Разрешаются полеты воздушных судов в районе, ограниченном координатами:\n553930c 0375000в, 553612c 0374448в, 553436c 0374036в, 553448c 0373742в, 553930c 0375000в на высотах не ниже высоты 1200 м (3900 фут) AGL.\n2. Разрешаются полеты воздушных судов, выполняющих заход на посадку на взлетно-посадочную полосу 24 аэродрома Москва (Внуково), в районе, ограниченном координатами:\n553900c 0372730в, 553900c 0373100в, 553500c 0373400в, 553642c 0372936в, 553900c 0372730в на высотах не ниже высоты 400 м (1300 фут) AGL"}},{"type":"Feature","geometry":{"type":"Polygon","coordinates":[[[36.675,55.4166667],[36.8083333,55.4083333],[36.8083333,55.375],[36.7083333,55.3416667],[36.675,55.3916667],[36.675,55.4166667]]]},"properties":{"kind":"restriction","id":"UUP54","name":"UUP54","zone_type":"prohibited","alt":{"lower_m":0.0,"lower_ref":"GND","upper_m":1200.0,"upper_ref":"AMSL","raw":"От земли до 1200 м (4000 фут) AMSL"},"source":"Московская зона.kml"}},{"type":"Feature","geometry":{"type":"Polygon","coordinates":[[[43.0,54.9666667],[43.225,55.09],[43.3566667,55.1066667],[43.535,55.105],[43.6833333,55.0666667],[43.8,54.8666667],[43.7266667,54.7433333],[43.5433333,54.675],[43.2166667,54.6266667],[43.1,54.6833334],[43.0166667,54.6833334],[42.9833333,54.8666667],[43.0,54.9666667]]]},"properties":{"kind":"restriction","id":"UUP55","name":"UUP55","zone_type":"prohibited","alt":{"lower_m":0.0,"lower_ref":"GND","upper_m":null,"upper_ref":"AMSL","raw":"На всех высотах"},"source":"Московская зона.kml"}},{"type":"Feature","geometry":{"type":"Polygon","coordinates":[[[35.7438889,51.6769444],[35.7427778,51.67],[35.7388889,51.6633333],[35.7330556,51.6572222],[35.7175,51.6475],[35.7,51.6408333],[35.6827778,51.6363889],[35.6583333,51.6330555],[35.6352778,51.6319444],[35.6122222,51.6330555],[35.5880555,51.6363889],[35.5705555,51.6408333],[35.5530556,51.6475],[35.5375,51.6572222],[35.5316667,51.6633333],[35.5277778,51.67],[35.5266666,51.6769444],[35.5277778,51.6838889],[35.5316667,51.6905555],[35.5375,51.6966667],[35.5447222,51.7019444],[35.5616666,51.71],[35.5791667,51.7155555],[35.5961111,51.7188889],[35.6122222,51.7208333],[35.6352778,51.7219445],[35.6583333,51.7208333],[35.6744444,51.7188889],[35.6913889,51.7155555],[35.7088889,51.71],[35.7258333,51.7019444],[35.7330556,51.6966667],[35.7388889,51.6905555],[35.7427778,51.6838889],[35.7438889,51.6769444]]]},"properties":{"kind":"restriction","id":"UUP56","name":"UUP56","zone_type":"prohibited","alt":{"lower_m":0.0,"lower_ref":"GND","upper_m":null,"upper_ref":"AMSL","raw":"От земли до 6000M AGL"},"source":"Московская зона.kml"}},{"type":"Feature","geometry":{"type":"Polygon","coordinates":[[[39.2083333,51.3199423],[39.2195529,51.3193884],[39.2304955,51.3177405],[39.2408909,51.3150393],[39.2504825,51.3113515],[39.2590338,51.306768],[39.2663341,51.3014021],[39.2722038,51.295386],[39.2764987,51.2888681],[39.2791137,51.2820092],[39.2799851,51.2749781],[39.2790922,51.2679481],[39.2764577,51.2610922],[39.2721473,51.2545792],[39.2662676,51.2485691],[39.2589639,51.2432099],[39.250416,51.2386332],[39.2408343,51.2349514],[39.2304544,51.232255],[39.2195314,51.2306102],[39.2083333,51.2300574],[39.1971353,51.2306102],[39.1862122,51.232255],[39.1758324,51.2349514],[39.1662507,51.2386332],[39.1577027,51.2432099],[39.150399,51.2485691],[39.1445193,51.2545792],[39.140209,51.2610922],[39.1375745,51.2679481],[39.1366815,51.2749781],[39.1375529,51.2820092],[39.1401679,51.2888681],[39.1444628,51.295386],[39.1503325,51.3014021],[39.1576329,51.306768],[39.1661842,51.3113515],[39.1757758,51.3150393],[39.1861712,51.3177405],[39.1971137,51.3193884],[39.2083333,51.3199423]]]},"properties":{"kind":"restriction","id":"UUP57","name":"UUP57","zone_type":"prohibited","alt":{"lower_m":0.0,"lower_ref":"GND","upper_m":6096.0,"upper_ref":"AMSL","raw":"От земли до FL200"},"source":"Московская зона.kml"}},{"type":"Feature","geometry":{"type":"Polygon","coordinates":[[[33.2391667,54.2124202],[33.2511554,54.2118666],[33.262848,54.2102194],[33.2739557,54.2075192],[33.2842043,54.2038328],[33.2933409,54.1992512],[33.3011407,54.1938875],[33.3074115,54.1878741],[33.3119995,54.1813592],[33.3147923,54.1745034],[33.315722,54.1674757],[33.3147667,54.1604492],[33.3119507,54.1535968],[33.3073444,54.1470873],[33.3010619,54.1410805],[33.293258,54.1357243],[33.2841254,54.1311502],[33.2738885,54.1274706],[33.2627992,54.1247757],[33.2511298,54.123132],[33.2391667,54.1225795],[33.2272036,54.123132],[33.2155342,54.1247757],[33.2044448,54.1274706],[33.194208,54.1311502],[33.1850754,54.1357243],[33.1772715,54.1410805],[33.170989,54.1470873],[33.1663827,54.1535968],[33.1635667,54.1604492],[33.1626114,54.1674757],[33.1635411,54.1745034],[33.1663339,54.1813592],[33.1709219,54.1878741],[33.1771927,54.1938875],[33.1849924,54.1992512],[33.1941291,54.2038328],[33.2043777,54.2075192],[33.2154854,54.2102194],[33.227178,54.2118666],[33.2391667,54.2124202]]]},"properties":{"kind":"restriction","id":"UUP58","name":"UUP58","zone_type":"prohibited","alt":{"lower_m":0.0,"lower_ref":"GND","upper_m":6096.0,"upper_ref":"AMSL","raw":"От земли до FL200"},"source":"Московская зона.kml"}},{"type":"Feature","geometry":{"type":"Polygon","coordinates":[[[36.5833333,55.1115802],[36.5955898,55.1110266],[36.6075434,55.1093795],[36.618899,55.1066797],[36.6293763,55.1029938],[36.6387167,55.0984127],[36.6466903,55.0930497],[36.6531007,55.087037],[36.6577907,55.080523],[36.6606453,55.0736682],[36.6615953,55.0666415],[36.6606182,55.0596161],[36.6577392,55.0527648],[36.6530299,55.0462563],[36.646607,55.0402506],[36.6386291,55.0348953],[36.629293,55.030322],[36.6188281,55.026643],[36.6074919,55.0239487],[36.5955627,55.0223052],[36.5833333,55.0217529],[36.571104,55.0223052],[36.5591748,55.0239487],[36.5478386,55.026643],[36.5373737,55.030322],[36.5280376,55.0348953],[36.5200597,55.0402506],[36.5136368,55.0462563],[36.5089275,55.0527648],[36.5060485,55.0596161],[36.5050714,55.0666415],[36.5060214,55.0736682],[36.508876,55.080523],[36.513566,55.087037],[36.5199764,55.0930497],[36.52795,55.0984127],[36.5372904,55.1029938],[36.5477677,55.1066797],[36.5591233,55.1093795],[36.5710769,55.1110266],[36.5833333,55.1115802]]]},"properties":{"kind":"restriction","id":"UUP59","name":"UUP59","zone_type":"prohibited","alt":{"lower_m":0.0,"lower_ref":"GND","upper_m":6096.0,"upper_ref":"AMSL","raw":"От земли до FL200"},"source":"Московская зона.kml"}},{"type":"Feature","geometry":{"type":"Polygon","coordinates":[[[35.0583333,57.9504484],[35.0715422,57.949895],[35.0844247,57.9482485],[35.0966624,57.9455496],[35.1079533,57.941865],[35.1180186,57.9372856],[35.1266105,57.9319246],[35.1335174,57.9259143],[35.13857,57.9194029],[35.1416447,57.9125511],[35.1426667,57.9055276],[35.1416121,57.8985055],[35.1385082,57.8916575],[35.1334324,57.8851523],[35.1265105,57.8791498],[35.1179135,57.8737974],[35.1078533,57.8692266],[35.0965774,57.8655497],[35.0843629,57.862857],[35.0715097,57.8612145],[35.0583333,57.8606624],[35.0451569,57.8612145],[35.0323037,57.862857],[35.0200892,57.8655497],[35.0088133,57.8692266],[34.9987531,57.8737974],[34.9901561,57.8791498],[34.9832342,57.8851523],[34.9781584,57.8916575],[34.9750544,57.8985055],[34.9739999,57.9055276],[34.9750219,57.9125511],[34.9780966,57.9194029],[34.9831492,57.9259143],[34.9900561,57.9319246],[34.998648,57.9372856],[35.0087133,57.941865],[35.0200042,57.9455496],[35.0322419,57.9482485],[35.0451244,57.949895],[35.0583333,57.9504484]]]},"properties":{"kind":"restriction","id":"UUP61","name":"UUP61","zone_type":"prohibited","alt":{"lower_m":0.0,"lower_ref":"GND","upper_m":3200.4,"upper_ref":"AMSL","raw":"От земли до FL105"},"source":"Московская зона.kml"}},{"type":"Feature","geometry":{"type":"Polygon","coordinates":[[[38.3766667,55.1704183],[38.380349,55.1702524],[38.3839407,55.1697586],[38.387353,55.1689493],[38.390502,55.1678443],[38.39331,55.1664708],[38.3957079,55.1648627],[38.3976367,55.1630597],[38.3990489,55.1611061],[38.3999098,55.15905],[38.4001982,55.1569422],[38.3999073,55.1548345],[38.3990442,55.1527788],[38.3976303,55.1508256],[38.3957003,55.1490232],[38.393302,55.1474158],[38.3904944,55.1460431],[38.3873465,55.1449387],[38.383936,55.1441298],[38.3803466,55.1436364],[38.3766667,55.1434706],[38.3729867,55.1436364],[38.3693973,55.1441298],[38.3659868,55.1449387],[38.3628389,55.1460431],[38.3600313,55.1474158],[38.357633,55.1490232],[38.355703,55.1508256],[38.3542891,55.1527788],[38.353426,55.1548345],[38.3531351,55.1569422],[38.3534236,55.15905],[38.3542844,55.1611061],[38.3556966,55.1630597],[38.3576254,55.1648627],[38.3600233,55.1664708],[38.3628313,55.1678443],[38.3659803,55.1689493],[38.3693926,55.1697586],[38.3729843,55.1702524],[38.3766667,55.1704183]]]},"properties":{"kind":"restriction","id":"UUP62","name":"UUP62","zone_type":"prohibited","alt":{"lower_m":0.0,"lower_ref":"GND","upper_m":450.0,"upper_ref":"AGL","raw":"От земли до 450 м (1500 фут) AGL"},"source":"Московская зона.kml"}},{"type":"Feature","geometry":{"type":"Polygon","coordinates":[[[36.3027778,56.4238889],[36.0516667,56.5161111],[36.1538889,56.5869445],[36.3844445,56.5994445],[36.5255556,56.5363889],[36.5411111,56.5155555],[36.3027778,56.4238889]]]},"properties":{"kind":"restriction","id":"UUP64","name":"UUP64","zone_type":"prohibited","alt":{"lower_m":0.0,"lower_ref":"GND","upper_m":null,"upper_ref":"AMSL","raw":"На всех высотах GND-UNL\n\nНе распространяются на полеты воздушных судов в интересах Федеральной службы охраны Российской Федерации"},"source":"Московская зона.kml","notes":"Не распространяются на полеты воздушных судов в интересах Федеральной службы охраны Российской Федерации"}},{"type":"Feature","geometry":{"type":"Polygon","coordinates":[[[36.9333333,55.095563],[36.9480352,55.0948986],[36.9623734,55.0929217],[36.9759941,55.0896812],[36.9885604,55.0852573],[36.9997625,55.0797591],[37.0093242,55.0733225],[37.0170105,55.0661064],[37.0226326,55.0582889],[37.0260531,55.0500626],[37.0271891,55.0416305],[37.0260141,55.0332001],[37.0225585,55.024979],[37.0169085,55.0171694],[37.0092044,55.0099633],[36.9996365,55.0035378],[36.9884406,54.9980508],[36.9758921,54.9936368],[36.9622994,54.9904043],[36.9479962,54.9884326],[36.9333333,54.9877699],[36.9186705,54.9884326],[36.9043672,54.9904043],[36.8907746,54.9936368],[36.8782261,54.9980508],[36.8670301,55.0035378],[36.8574623,55.0099633],[36.8497581,55.0171694],[36.8441082,55.024979],[36.8406525,55.0332001],[36.8394775,55.0416305],[36.8406135,55.0500626],[36.8440341,55.0582889],[36.8496562,55.0661064],[36.8573424,55.0733225],[36.8669042,55.0797591],[36.8781063,55.0852573],[36.8906726,55.0896812],[36.9042932,55.0929217],[36.9186315,55.0948986],[36.9333333,55.095563]]]},"properties":{"kind":"restriction","id":"UUP65","name":"UUP65","zone_type":"prohibited","alt":{"lower_m":0.0,"lower_ref":"GND","upper_m":4572.0,"upper_ref":"AMSL","raw":"От земли до FL150\n\nНе распространяется на воздушные суда, выполняющие полеты по стандартным маршрутам вылета, прилета, схемам захода на посадку, в том числе при уходе на второй круг, а также по траекториям, задаваемым органом ОВД, при согласовании с Государственным комплексом \"Таруса\" ФСО России"},"source":"Московская зона.kml","notes":"Не распространяется на воздушные суда, выполняющие полеты по стандартным маршрутам вылета, прилета, схемам захода на посадку, в том числе при уходе на второй круг, а также по траекториям, задаваемым органом ОВД, при согласовании с Государственным комплексом \"Таруса\" ФСО России"}},{"type":"Feature","geometry":{"type":"Polygon","coordinates":[[[35.0833333,53.860287],[35.090466,53.8599549],[35.0974229,53.8589669],[35.104032,53.8573474],[35.1101307,53.8551363],[35.1155686,53.8523881],[35.1202115,53.8491706],[35.1239454,53.8455632],[35.1266785,53.8416546],[35.1283436,53.8375414],[35.1289001,53.8333247],[35.1283346,53.8291084],[35.1266613,53.8249963],[35.1239218,53.8210897],[35.1201837,53.8174846],[35.1155393,53.8142698],[35.1101029,53.8115243],[35.1040084,53.8093155],[35.0974056,53.8076979],[35.090457,53.8067112],[35.0833333,53.8063796],[35.0762096,53.8067112],[35.069261,53.8076979],[35.0626582,53.8093155],[35.0565637,53.8115243],[35.0511274,53.8142698],[35.0464829,53.8174846],[35.0427448,53.8210897],[35.0400053,53.8249963],[35.038332,53.8291084],[35.0377665,53.8333247],[35.038323,53.8375414],[35.0399882,53.8416546],[35.0427212,53.8455632],[35.0464551,53.8491706],[35.0510981,53.8523881],[35.0565359,53.8551363],[35.0626346,53.8573474],[35.0692438,53.8589669],[35.0762006,53.8599549],[35.0833333,53.860287]]]},"properties":{"kind":"restriction","id":"UUP66","name":"UUP66","zone_type":"prohibited","alt":{"lower_m":0.0,"lower_ref":"GND","upper_m":1500.0,"upper_ref":"AMSL","raw":"От земли до 1500 м (5000 фут) AMSL"},"source":"Московская зона.kml"}},{"type":"Feature","geometry":{"type":"Polygon","coordinates":[[[41.3366666,54.3936179],[41.3438916,54.3932859],[41.3509383,54.392298],[41.3576329,54.3906786],[41.3638103,54.3884677],[41.3693183,54.3857197],[41.3740213,54.3825025],[41.3778034,54.3788953],[41.3805717,54.3749871],[41.3822582,54.3708742],[41.3828218,54.3666579],[41.3822489,54.362442],[41.3805539,54.3583303],[41.3777789,54.354424],[41.3739925,54.3508193],[41.3692881,54.3476048],[41.3637816,54.3448596],[41.3576084,54.3426511],[41.3509205,54.3410336],[41.3438823,54.3400469],[41.3366666,54.3397153],[41.329451,54.3400469],[41.3224128,54.3410336],[41.3157248,54.3426511],[41.3095517,54.3448596],[41.3040451,54.3476048],[41.2993407,54.3508193],[41.2955543,54.354424],[41.2927793,54.3583303],[41.2910844,54.362442],[41.2905115,54.3666579],[41.2910751,54.3708742],[41.2927616,54.3749871],[41.2955299,54.3788953],[41.299312,54.3825025],[41.3040149,54.3857197],[41.309523,54.3884677],[41.3157004,54.3906786],[41.322395,54.392298],[41.3294417,54.3932859],[41.3366666,54.3936179]]]},"properties":{"kind":"restriction","id":"UUP67","name":"UUP67","zone_type":"prohibited","alt":{"lower_m":0.0,"lower_ref":"GND","upper_m":2150.0,"upper_ref":"AMSL","raw":"От земли до 2150 м (7000 фут) AMSL"},"source":"Московская зона.kml"}},{"type":"Feature","geometry":{"type":"Polygon","coordinates":[[[38.4933334,55.841297],[38.5058183,55.8407435],[38.5179948,55.8390965],[38.5295622,55.836397],[38.5402346,55.8327114],[38.549749,55.8281308],[38.5578709,55.8227683],[38.5644005,55.8167563],[38.5691775,55.8102429],[38.5720849,55.8033889],[38.5730522,55.796363],[38.5720566,55.7893385],[38.5691235,55.7824881],[38.5643263,55.7759804],[38.5577837,55.7699755],[38.5496573,55.764621],[38.5401474,55.7600483],[38.529488,55.7563699],[38.5179409,55.753676],[38.50579,55.7520327],[38.4933334,55.7514805],[38.4808767,55.7520327],[38.4687258,55.753676],[38.4571788,55.7563699],[38.4465194,55.7600483],[38.4370095,55.764621],[38.428883,55.7699755],[38.4223404,55.7759804],[38.4175432,55.7824881],[38.4146101,55.7893385],[38.4136145,55.796363],[38.4145818,55.8033889],[38.4174892,55.8102429],[38.4222662,55.8167563],[38.4287958,55.8227683],[38.4369177,55.8281308],[38.4464322,55.8327114],[38.4571046,55.836397],[38.4686719,55.8390965],[38.4808484,55.8407435],[38.4933334,55.841297]]]},"properties":{"kind":"restriction","id":"UUP68","name":"UUP68","zone_type":"prohibited","alt":{"lower_m":0.0,"lower_ref":"GND","upper_m":750.0,"upper_ref":"AMSL","raw":"От земли до 750 м (2500 фут) AMSL"},"source":"Московская зона.kml"}},{"type":"Feature","geometry":{"type":"Polygon","coordinates":[[[38.1916667,56.5166667],[38.2152778,56.5125],[38.2188889,56.4641667],[38.2180555,56.4491667],[38.1775,56.4416667],[38.1180555,56.4638889],[38.1133333,56.4775],[38.1916667,56.5166667]]]},"properties":{"kind":"restriction","id":"UUP69","name":"UUP69","zone_type":"prohibited","alt":{"lower_m":0.0,"lower_ref":"GND","upper_m":750.0,"upper_ref":"AMSL","raw":"От земли до 750 м (2500 фут) AMSL"},"source":"Московская зона.kml"}},{"type":"Feature","geometry":{"type":"Polygon","coordinates":[[[35.7666667,50.6372704],[35.7799342,50.6366056],[35.7928739,50.6346276],[35.8051663,50.6313852],[35.8165078,50.6269587],[35.8266186,50.6214572],[35.8352497,50.6150166],[35.8421887,50.6077958],[35.8472652,50.599973],[35.850355,50.5917409],[35.851383,50.5833025],[35.8503251,50.5748656],[35.8472083,50.5666379],[35.8421104,50.5588218],[35.8351577,50.5516096],[35.8265219,50.5451784],[35.8164157,50.5396864],[35.8050881,50.5352683],[35.7928171,50.5320327],[35.7799043,50.5300591],[35.7666667,50.5293958],[35.753429,50.5300591],[35.7405163,50.5320327],[35.7282453,50.5352683],[35.7169176,50.5396864],[35.7068115,50.5451784],[35.6981756,50.5516096],[35.6912229,50.5588218],[35.6861251,50.5666379],[35.6830083,50.5748656],[35.6819503,50.5833025],[35.6829784,50.5917409],[35.6860681,50.599973],[35.6911447,50.6077958],[35.6980836,50.6150166],[35.7067147,50.6214572],[35.7168255,50.6269587],[35.728167,50.6313852],[35.7404594,50.6346276],[35.7533991,50.6366056],[35.7666667,50.6372704]]]},"properties":{"kind":"restriction","id":"UUP70","name":"UUP70","zone_type":"prohibited","alt":{"lower_m":0.0,"lower_ref":"GND","upper_m":3200.4,"upper_ref":"AMSL","raw":"От земли до FL105"},"source":"Московская зона.kml"}},{"type":"Feature","geometry":{"type":"Polygon","coordinates":[[[41.9680555,51.4330555],[42.0013889,51.3997222],[41.9263889,51.3197222],[41.8569444,51.3663889],[41.9347222,51.4302778],[41.9680555,51.4330555]]]},"properties":{"kind":"restriction","id":"UUP71","name":"UUP71","zone_type":"prohibited","alt":{"lower_m":0.0,"lower_ref":"GND","upper_m":900.0,"upper_ref":"AMSL","raw":"От земли до 900 м (3000 фут) AMSL\n\nНе распространяется на воздушные суда Министерства обороны Российской Федерации."},"source":"Московская зона.kml","notes":"Не распространяется на воздушные суда Министерства обороны Российской Федерации."}},{"type":"Feature","geometry":{"type":"Polygon","coordinates":[[[35.7622222,55.4722263],[35.7770639,55.4715619],[35.7915386,55.4695851],[35.8052887,55.4663448],[35.8179745,55.461921],[35.829283,55.4564231],[35.8389355,55.4499868],[35.8466945,55.4427711],[35.8523698,55.434954],[35.8558226,55.4267283],[35.8569691,55.4182966],[35.8557827,55.4098668],[35.852294,55.4016462],[35.8465902,55.3938371],[35.8388128,55.3866316],[35.829154,55.3802066],[35.8178518,55.3747199],[35.8051844,55.3703063],[35.7914628,55.3670741],[35.7770241,55.3651025],[35.7622222,55.3644398],[35.7474204,55.3651025],[35.7329817,55.3670741],[35.7192601,55.3703063],[35.7065927,55.3747199],[35.6952905,55.3802066],[35.6856317,55.3866316],[35.6778543,55.3938371],[35.6721505,55.4016462],[35.6686618,55.4098668],[35.6674754,55.4182966],[35.6686219,55.4267283],[35.6720747,55.434954],[35.67775,55.4427711],[35.685509,55.4499868],[35.6951615,55.4564231],[35.70647,55.461921],[35.7191558,55.4663448],[35.7329059,55.4695851],[35.7473806,55.4715619],[35.7622222,55.4722263]]]},"properties":{"kind":"restriction","id":"UUP72","name":"UUP72","zone_type":"prohibited","alt":{"lower_m":0.0,"lower_ref":"GND","upper_m":3200.0,"upper_ref":"AMSL","raw":"От земли до 3200 м (10500 фут) AMSL\n\nРазрешаются полеты воздушных судов с/на аэродром Кубинка"},"source":"Московская зона.kml","notes":"Разрешаются полеты воздушных судов с/на аэродром Кубинка"}},{"type":"Feature","geometry":{"type":"Polygon","coordinates":[[[33.9436111,53.6068317],[33.9613357,53.6060008],[33.978622,53.6035284],[33.9950422,53.5994759],[34.0101907,53.5939434],[34.0236935,53.5870677],[34.0352178,53.5790187],[34.0444802,53.5699952],[34.0512535,53.5602199],[34.0553725,53.549934],[34.0567375,53.539391],[34.055317,53.5288505],[34.0511479,53.5185721],[34.0443349,53.5088086],[34.035047,53.4997999],[34.0235139,53.4917673],[34.0100198,53.484908],[33.9948969,53.4793903],[33.9785164,53.4753496],[33.9612802,53.4728848],[33.9436111,53.4720565],[33.9259419,53.4728848],[33.9087058,53.4753496],[33.8923253,53.4793903],[33.8772023,53.484908],[33.8637083,53.4917673],[33.8521752,53.4997999],[33.8428873,53.5088086],[33.8360742,53.5185721],[33.8319051,53.5288505],[33.8304846,53.539391],[33.8318496,53.549934],[33.8359686,53.5602199],[33.8427419,53.5699952],[33.8520043,53.5790187],[33.8635286,53.5870677],[33.8770314,53.5939434],[33.8921799,53.5994759],[33.9086001,53.6035284],[33.9258864,53.6060008],[33.9436111,53.6068317]]]},"properties":{"kind":"restriction","id":"UUP73","name":"UUP73","zone_type":"prohibited","alt":{"lower_m":0.0,"lower_ref":"GND","upper_m":3200.4,"upper_ref":"AMSL","raw":"От земли до FL105"},"source":"Московская зона.kml"}},{"type":"Feature","geometry":{"type":"Polygon","coordinates":[[[34.4186111,54.2882931],[34.4246165,54.2880164],[34.4304738,54.2871933],[34.4360386,54.2858439],[34.4411735,54.2840016],[34.4457522,54.2817117],[34.449662,54.2790309],[34.4528063,54.276025],[34.455108,54.2727683],[34.4565106,54.2693409],[34.4569797,54.2658272],[34.4565042,54.2623139],[34.4550958,54.2588873],[34.4527894,54.2556319],[34.4496421,54.2526278],[34.4457314,54.2499488],[34.4411538,54.2476608],[34.4360217,54.2458202],[34.4304616,54.2444722],[34.42461,54.2436498],[34.4186111,54.2433735],[34.4126121,54.2436498],[34.4067606,54.2444722],[34.4012005,54.2458202],[34.3960684,54.2476608],[34.3914908,54.2499488],[34.38758,54.2526278],[34.3844328,54.2556319],[34.3821264,54.2588873],[34.380718,54.2623139],[34.3802424,54.2658272],[34.3807115,54.2693409],[34.3821142,54.2727683],[34.3844159,54.276025],[34.3875602,54.2790309],[34.3914699,54.2817117],[34.3960486,54.2840016],[34.4011836,54.2858439],[34.4067484,54.2871933],[34.4126057,54.2880164],[34.4186111,54.2882931]]]},"properties":{"kind":"restriction","id":"UUP74","name":"UUP74","zone_type":"prohibited","alt":{"lower_m":0.0,"lower_ref":"GND","upper_m":3200.4,"upper_ref":"AMSL","raw":"От земли до FL105"},"source":"Московская зона.kml"}},{"type":"Feature","geometry":{"type":"Polygon","coordinates":[[[35.7061111,56.7754148],[35.7099492,56.7752489],[35.7136926,56.7747553],[35.7172493,56.7739461],[35.7205313,56.7728414],[35.723458,56.7714682],[35.7259573,56.7698606],[35.7279675,56.768058],[35.7294393,56.7661049],[35.7303365,56.7640494],[35.7306371,56.761942],[35.7303338,56.7598349],[35.7294341,56.7577797],[35.7279604,56.7558271],[35.7259489,56.7540252],[35.7234493,56.7524183],[35.720523,56.7510459],[35.7172422,56.7499418],[35.7136875,56.7491331],[35.7099465,56.7486399],[35.7061111,56.7484741],[35.7022758,56.7486399],[35.6985347,56.7491331],[35.6949801,56.7499418],[35.6916993,56.7510459],[35.688773,56.7524183],[35.6862734,56.7540252],[35.6842619,56.7558271],[35.6827882,56.7577797],[35.6818885,56.7598349],[35.6815852,56.761942],[35.6818858,56.7640494],[35.682783,56.7661049],[35.6842548,56.768058],[35.686265,56.7698606],[35.6887643,56.7714682],[35.6916909,56.7728414],[35.694973,56.7739461],[35.6985296,56.7747553],[35.7022731,56.7752489],[35.7061111,56.7754148]]]},"properties":{"kind":"restriction","id":"UUP75","name":"UUP75","zone_type":"prohibited","alt":{"lower_m":0.0,"lower_ref":"GND","upper_m":1150.0,"upper_ref":"AMSL","raw":"От земли до 1150 м (3800 фут) AMSL\n\nРазрешаются полеты воздушных судов с/на аэродром Тверь (Мигалово)"},"source":"Московская зона.kml","notes":"Разрешаются полеты воздушных судов с/на аэродром Тверь (Мигалово)"}},{"type":"Feature","geometry":{"type":"Polygon","coordinates":[[[35.7711111,53.9545877],[35.7746855,53.9544217],[35.7781718,53.9539279],[35.7814841,53.9531184],[35.7845408,53.9520132],[35.7872666,53.9506394],[35.7895942,53.949031],[35.7914665,53.9472276],[35.7928374,53.9452736],[35.7936731,53.9432172],[35.7939532,53.9411089],[35.7936708,53.9390008],[35.7928331,53.9369446],[35.7914605,53.9349911],[35.7895872,53.9331883],[35.7872592,53.9315806],[35.7845338,53.9302075],[35.7814782,53.9291029],[35.7781675,53.9282939],[35.7746832,53.9278003],[35.7711111,53.9276345],[35.7675389,53.9278003],[35.7640546,53.9282939],[35.760744,53.9291029],[35.7576884,53.9302075],[35.754963,53.9315806],[35.752635,53.9331883],[35.7507616,53.9349911],[35.7493891,53.9369446],[35.7485513,53.9390008],[35.748269,53.9411089],[35.7485491,53.9432172],[35.7493848,53.9452736],[35.7507557,53.9472276],[35.752628,53.949031],[35.7549556,53.9506394],[35.7576814,53.9520132],[35.760738,53.9531184],[35.7640503,53.9539279],[35.7675367,53.9544217],[35.7711111,53.9545877]]]},"properties":{"kind":"restriction","id":"UUP76","name":"UUP76","zone_type":"prohibited","alt":{"lower_m":0.0,"lower_ref":"GND","upper_m":1700.0,"upper_ref":"AMSL","raw":"От земли до 1700 м (5500 фут) AMSL"},"source":"Московская зона.kml"}},{"type":"Feature","geometry":{"type":"Polygon","coordinates":[[[40.5519445,56.9515255],[40.5558006,56.9513596],[40.5595617,56.950866],[40.5631351,56.9500569],[40.5664326,56.9489521],[40.5693731,56.947579],[40.571884,56.9459714],[40.5739037,56.9441689],[40.5753825,56.9422158],[40.5762839,56.9401604],[40.5765859,56.9380532],[40.5762812,56.935946],[40.5753772,56.9338909],[40.5738965,56.9319384],[40.5718756,56.9301365],[40.5693642,56.9285297],[40.5664242,56.9271573],[40.5631279,56.9260532],[40.5595564,56.9252446],[40.5557979,56.9247513],[40.5519445,56.9245856],[40.5480911,56.9247513],[40.5443325,56.9252446],[40.5407611,56.9260532],[40.5374648,56.9271573],[40.5345248,56.9285297],[40.5320134,56.9301365],[40.5299924,56.9319384],[40.5285117,56.9338909],[40.5276078,56.935946],[40.5273031,56.9380532],[40.5276051,56.9401604],[40.5285064,56.9422158],[40.5299853,56.9441689],[40.5320049,56.9459714],[40.5345159,56.947579],[40.5374564,56.9489521],[40.5407539,56.9500569],[40.5443272,56.950866],[40.5480884,56.9513596],[40.5519445,56.9515255]]]},"properties":{"kind":"restriction","id":"UUP77","name":"UUP77","zone_type":"prohibited","alt":{"lower_m":0.0,"lower_ref":"GND","upper_m":600.0,"upper_ref":"AMSL","raw":"От земли до 600 м (1900 фут) AMSL"},"source":"Московская зона.kml"}},{"type":"Feature","geometry":{"type":"Polygon","coordinates":[[[37.5197222,55.5873985],[37.5214588,55.5873211],[37.5231527,55.5870908],[37.524762,55.5867131],[37.5262472,55.5861975],[37.5275716,55.5855567],[37.5287027,55.5848064],[37.5296127,55.5839652],[37.5302789,55.5830536],[37.5306853,55.5820942],[37.5308217,55.5811106],[37.5306848,55.5801271],[37.5302779,55.5791678],[37.5296112,55.5782563],[37.528701,55.5774152],[37.5275699,55.5766651],[37.5262455,55.5760244],[37.5247606,55.5755089],[37.5231516,55.5751314],[37.5214583,55.5749012],[37.5197222,55.5748238],[37.5179861,55.5749012],[37.5162928,55.5751314],[37.5146838,55.5755089],[37.5131989,55.5760244],[37.5118745,55.5766651],[37.5107434,55.5774152],[37.5098332,55.5782563],[37.5091665,55.5791678],[37.5087596,55.5801271],[37.5086227,55.5811106],[37.5087591,55.5820942],[37.5091655,55.5830536],[37.5098317,55.5839652],[37.5107417,55.5848064],[37.5118728,55.5855567],[37.5131972,55.5861975],[37.5146824,55.5867131],[37.5162917,55.5870908],[37.5179856,55.5873211],[37.5197222,55.5873985]]]},"properties":{"kind":"restriction","id":"UUP78","name":"UUP78","zone_type":"prohibited","alt":{"lower_m":0.0,"lower_ref":"GND","upper_m":450.0,"upper_ref":"AMSL","raw":"От земли до 450 м (1500 фут) AMSL"},"source":"Московская зона.kml"}},{"type":"Feature","geometry":{"type":"Polygon","coordinates":[[[38.2569444,54.862677],[38.2586498,54.8625996],[38.2603131,54.8623692],[38.2618934,54.8619916],[38.2633518,54.8614759],[38.2646524,54.860835],[38.2657632,54.8600846],[38.2666567,54.8592433],[38.267311,54.8583316],[38.2677101,54.8573721],[38.267844,54.8563884],[38.2677095,54.8554047],[38.2673101,54.8544453],[38.2666554,54.8535338],[38.2657615,54.8526925],[38.2646508,54.8519423],[38.2633502,54.8513015],[38.2618921,54.850786],[38.2603121,54.8504085],[38.2586492,54.8501782],[38.2569444,54.8501008],[38.2552396,54.8501782],[38.2535767,54.8504085],[38.2519967,54.850786],[38.2505386,54.8513015],[38.249238,54.8519423],[38.2481273,54.8526925],[38.2472334,54.8535338],[38.2465787,54.8544453],[38.2461793,54.8554047],[38.2460448,54.8563884],[38.2461787,54.8573721],[38.2465778,54.8583316],[38.2472321,54.8592433],[38.2481256,54.8600846],[38.2492364,54.860835],[38.250537,54.8614759],[38.2519954,54.8619916],[38.2535757,54.8623692],[38.255239,54.8625996],[38.2569444,54.862677]]]},"properties":{"kind":"restriction","id":"UUP79","name":"UUP79","zone_type":"prohibited","alt":{"lower_m":0.0,"lower_ref":"GND","upper_m":600.0,"upper_ref":"AMSL","raw":"От земли до 600 м (2000 фут) AMSL"},"source":"Московская зона.kml"}},{"type":"Feature","geometry":{"type":"Polygon","coordinates":[[[41.2933333,57.7822222],[41.3069444,57.7797222],[41.3294444,57.7680556],[41.3133333,57.7519445],[41.2766666,57.7613889],[41.2822223,57.7722222],[41.2933333,57.7822222]]]},"properties":{"kind":"restriction","id":"UUP80","name":"UUP80","zone_type":"prohibited","alt":{"lower_m":0.0,"lower_ref":"GND","upper_m":650.0,"upper_ref":"AMSL","raw":"От земли до 650 м (2200 фут) AMSL"},"source":"Московская зона.kml"}},{"type":"Feature","geometry":{"type":"Polygon","coordinates":[[[41.0452778,57.0041475],[41.0463075,57.0041033],[41.0473119,57.0039717],[41.0482662,57.003756],[41.0491469,57.0034615],[41.0499323,57.0030954],[41.0506031,57.0026667],[41.0511427,57.0021861],[41.0515379,57.0016654],[41.0517789,57.0011173],[41.0518598,57.0005553],[41.0517787,56.9999935],[41.0515375,56.9994454],[41.0511421,56.9989247],[41.0506024,56.9984441],[41.0499317,56.9980155],[41.0491463,56.9976495],[41.0482657,56.997355],[41.0473115,56.9971394],[41.0463073,56.9970078],[41.0452778,56.9969636],[41.0442482,56.9970078],[41.043244,56.9971394],[41.0422898,56.997355],[41.0414093,56.9976495],[41.0406239,56.9980155],[41.0399531,56.9984441],[41.0394134,56.9989247],[41.039018,56.9994454],[41.0387768,56.9999935],[41.0386957,57.0005553],[41.0387767,57.0011173],[41.0390177,57.0016654],[41.0394128,57.0021861],[41.0399525,57.0026667],[41.0406232,57.0030954],[41.0414086,57.0034615],[41.0422893,57.003756],[41.0432436,57.0039717],[41.044248,57.0041033],[41.0452778,57.0041475]]]},"properties":{"kind":"restriction","id":"UUP81","name":"UUP81","zone_type":"prohibited","alt":{"lower_m":0.0,"lower_ref":"GND","upper_m":650.0,"upper_ref":"AMSL","raw":"От земли до 650 м (2200 фут) AMSL"},"source":"Московская зона.kml"}},{"type":"Feature","geometry":{"type":"Polygon","coordinates":[[[44.1483334,56.1412024],[44.158399,56.1407597],[44.1682161,56.1394426],[44.1775424,56.1372834],[44.1861476,56.1343357],[44.1938196,56.130672],[44.2003694,56.1263828],[44.2056358,56.121574],[44.2094895,56.116364],[44.211836,56.1108813],[44.2126182,56.105261],[44.2118175,56.0996416],[44.2094543,56.0941612],[44.2055874,56.088955],[44.2003124,56.0841507],[44.1937597,56.0798667],[44.1860906,56.0762082],[44.1774939,56.073265],[44.1681809,56.0711095],[44.1583805,56.0697947],[44.1483334,56.0693529],[44.1382863,56.0697947],[44.1284858,56.0711095],[44.1191729,56.073265],[44.1105761,56.0762082],[44.102907,56.0798667],[44.0963543,56.0841507],[44.0910793,56.088955],[44.0872124,56.0941612],[44.0848492,56.0996416],[44.0840486,56.105261],[44.0848307,56.1108813],[44.0871772,56.116364],[44.0910309,56.121574],[44.0962974,56.1263828],[44.1028472,56.130672],[44.1105191,56.1343357],[44.1191244,56.1372834],[44.1284507,56.1394426],[44.1382677,56.1407597],[44.1483334,56.1412024]]]},"properties":{"kind":"restriction","id":"UUP82","name":"UUP82","zone_type":"prohibited","alt":{"lower_m":0.0,"lower_ref":"GND","upper_m":500.0,"upper_ref":"AMSL","raw":"От земли до 500 м (1700 фут) AMSL\n\nНе распространяется на полеты (перелеты) воздушных судов государственной авиации, общества с ограниченной ответственностью \"Лукойл-Варандей-Авиа\" и на воздушные суда, выполняющие полеты с/на аэродром Нижний Новгород (Стригино)"},"source":"Московская зона.kml","notes":"Не распространяется на полеты (перелеты) воздушных судов государственной авиации, общества с ограниченной ответственностью \"Лукойл-Варандей-Авиа\" и на воздушные суда, выполняющие полеты с/на аэродром Нижний Новгород (Стригино)"}},{"type":"Feature","geometry":{"type":"Polygon","coordinates":[[[40.4916666,56.0270368],[40.4941756,56.0269263],[40.4966228,56.0265972],[40.4989478,56.0260577],[40.5010935,56.0253212],[40.503007,56.0244058],[40.504641,56.023334],[40.5059554,56.0221321],[40.5069179,56.02083],[40.5075047,56.0194595],[40.5077016,56.0180545],[40.5075036,56.0166495],[40.5069157,56.0152792],[40.5059524,56.0139773],[40.5046374,56.0127758],[40.5030032,56.0117042],[40.50109,56.0107891],[40.4989449,56.0100529],[40.4966207,56.0095137],[40.4941745,56.0091848],[40.4916666,56.0090742],[40.4891588,56.0091848],[40.4867126,56.0095137],[40.4843884,56.0100529],[40.4822433,56.0107891],[40.4803301,56.0117042],[40.4786959,56.0127758],[40.4773809,56.0139773],[40.4764175,56.0152792],[40.4758297,56.0166495],[40.4756316,56.0180545],[40.4758285,56.0194595],[40.4764154,56.02083],[40.4773778,56.0221321],[40.4786923,56.023334],[40.4803263,56.0244058],[40.4822397,56.0253212],[40.4843854,56.0260577],[40.4867104,56.0265972],[40.4891576,56.0269263],[40.4916666,56.0270368]]]},"properties":{"kind":"restriction","id":"UUP83","name":"UUP83","zone_type":"prohibited","alt":{"lower_m":0.0,"lower_ref":"GND","upper_m":1200.0,"upper_ref":"AMSL","raw":"От земли до 1200 м (4000 фут) AMSL"},"source":"Московская зона.kml"}},{"type":"Feature","geometry":{"type":"Polygon","coordinates":[[[40.1,56.2492588],[40.1025235,56.2491482],[40.1049848,56.2488191],[40.1073233,56.2482797],[40.1094814,56.2475432],[40.1114059,56.2466278],[40.1130494,56.245556],[40.1143714,56.2443543],[40.1153394,56.2430521],[40.1159297,56.2416817],[40.1161277,56.2402767],[40.1159286,56.2388718],[40.1153372,56.2375015],[40.1143684,56.2361996],[40.1130458,56.2349982],[40.1114021,56.2339267],[40.1094778,56.2330116],[40.1073203,56.2322754],[40.1049826,56.2317362],[40.1025224,56.2314074],[40.1,56.2312968],[40.0974776,56.2314074],[40.0950174,56.2317362],[40.0926797,56.2322754],[40.0905221,56.2330116],[40.0885979,56.2339267],[40.0869542,56.2349982],[40.0856316,56.2361996],[40.0846628,56.2375015],[40.0840714,56.2388718],[40.0838723,56.2402767],[40.0840703,56.2416817],[40.0846605,56.2430521],[40.0856286,56.2443543],[40.0869506,56.245556],[40.0885941,56.2466278],[40.0905185,56.2475432],[40.0926767,56.2482797],[40.0950152,56.2488191],[40.0974764,56.2491482],[40.1,56.2492588]]]},"properties":{"kind":"restriction","id":"UUP84","name":"UUP84","zone_type":"prohibited","alt":{"lower_m":0.0,"lower_ref":"GND","upper_m":1200.0,"upper_ref":"AMSL","raw":"От земли до 1200 м (4000 фут) AMSL"},"source":"Московская зона.kml"}},{"type":"Feature","geometry":{"type":"Polygon","coordinates":[[[35.2291666,54.2934283],[35.2315691,54.2933177],[35.2339123,54.2929886],[35.2361387,54.292449],[35.2381933,54.2917122],[35.2400255,54.2907965],[35.2415901,54.2897244],[35.2428489,54.2885223],[35.2437705,54.2872197],[35.2443325,54.2858489],[35.244521,54.2844435],[35.2443314,54.2830381],[35.2437686,54.2816674],[35.2428462,54.2803651],[35.241587,54.2791632],[35.2400221,54.2780914],[35.2381901,54.277176],[35.236136,54.2764395],[35.2339105,54.2759001],[35.2315681,54.2755711],[35.2291666,54.2754605],[35.2267652,54.2755711],[35.2244228,54.2759001],[35.2221972,54.2764395],[35.2201431,54.277176],[35.2183111,54.2780914],[35.2167463,54.2791632],[35.2154871,54.2803651],[35.2145647,54.2816674],[35.2140018,54.2830381],[35.2138123,54.2844435],[35.2140007,54.2858489],[35.2145627,54.2872197],[35.2154844,54.2885223],[35.2167431,54.2897244],[35.2183078,54.2907965],[35.2201399,54.2917122],[35.2221945,54.292449],[35.2244209,54.2929886],[35.2267642,54.2933177],[35.2291666,54.2934283]]]},"properties":{"kind":"restriction","id":"UUP85","name":"UUP85","zone_type":"prohibited","alt":{"lower_m":0.0,"lower_ref":"GND","upper_m":1200.0,"upper_ref":"AMSL","raw":"От земли до 1200 м (4000 фут) AMSL"},"source":"Московская зона.kml"}},{"type":"Feature","geometry":{"type":"Polygon","coordinates":[[[35.0002778,54.5012058],[35.0026925,54.5010952],[35.0050476,54.500766],[35.0072852,54.5002264],[35.0093502,54.4994897],[35.0111917,54.4985741],[35.0127643,54.497502],[35.0140293,54.4962999],[35.0149556,54.4949974],[35.0155205,54.4936266],[35.0157099,54.4922212],[35.0155194,54.4908159],[35.0149536,54.4894453],[35.0140266,54.488143],[35.012761,54.4869412],[35.0111883,54.4858694],[35.009347,54.484954],[35.0072825,54.4842176],[35.0050456,54.4836782],[35.0026914,54.4833492],[35.0002778,54.4832386],[34.9978642,54.4833492],[34.99551,54.4836782],[34.9932731,54.4842176],[34.9912086,54.484954],[34.9893673,54.4858694],[34.9877945,54.4869412],[34.986529,54.488143],[34.9856019,54.4894453],[34.9850362,54.4908159],[34.9848456,54.4922212],[34.9850351,54.4936266],[34.9855999,54.4949974],[34.9865263,54.4962999],[34.9877913,54.497502],[34.9893639,54.4985741],[34.9912053,54.4994897],[34.9932704,54.5002264],[34.995508,54.500766],[34.9978631,54.5010952],[35.0002778,54.5012058]]]},"properties":{"kind":"restriction","id":"UUP86","name":"UUP86","zone_type":"prohibited","alt":{"lower_m":0.0,"lower_ref":"GND","upper_m":1200.0,"upper_ref":"AMSL","raw":"От земли до 1200 м (4000 фут) AMSL"},"source":"Московская зона.kml"}},{"type":"Feature","geometry":{"type":"Polygon","coordinates":[[[36.1338889,54.282595],[36.1362907,54.2824844],[36.1386334,54.2821552],[36.1408592,54.2816156],[36.1429132,54.2808789],[36.1447449,54.2799632],[36.1463092,54.2788911],[36.1475675,54.277689],[36.1484889,54.2763864],[36.1490507,54.2750156],[36.1492393,54.2736101],[36.1490497,54.2722048],[36.1484869,54.270834],[36.1475648,54.2695317],[36.146306,54.2683299],[36.1447416,54.267258],[36.14291,54.2663426],[36.1408565,54.2656062],[36.1386314,54.2650668],[36.1362897,54.2647378],[36.1338889,54.2646272],[36.131488,54.2647378],[36.1291463,54.2650668],[36.1269213,54.2656062],[36.1248677,54.2663426],[36.1230361,54.267258],[36.1214717,54.2683299],[36.1202129,54.2695317],[36.1192908,54.270834],[36.118728,54.2722048],[36.1185385,54.2736101],[36.118727,54.2750156],[36.1192888,54.2763864],[36.1202102,54.277689],[36.1214686,54.2788911],[36.1230328,54.2799632],[36.1248646,54.2808789],[36.1269186,54.2816156],[36.1291443,54.2821552],[36.131487,54.2824844],[36.1338889,54.282595]]]},"properties":{"kind":"restriction","id":"UUP87","name":"UUP87","zone_type":"prohibited","alt":{"lower_m":0.0,"lower_ref":"GND","upper_m":1200.0,"upper_ref":"AMSL","raw":"От земли до 1200 м (4000 фут) AMSL"},"source":"Московская зона.kml"}},{"type":"Feature","geometry":{"type":"Polygon","coordinates":[[[35.7825,54.0506509],[35.7848884,54.0505403],[35.787218,54.0502111],[35.7894314,54.0496715],[35.791474,54.0489348],[35.7932955,54.048019],[35.794851,54.0469469],[35.7961024,54.0457447],[35.7970187,54.0444421],[35.7975773,54.0430712],[35.7977648,54.0416657],[35.7975763,54.0402603],[35.7970167,54.0388895],[35.7960997,54.0375871],[35.7948479,54.0363852],[35.7932922,54.0353134],[35.7914709,54.0343979],[35.7894287,54.0336615],[35.7872161,54.0331221],[35.7848875,54.032793],[35.7825,54.0326824],[35.7801126,54.032793],[35.7777839,54.0331221],[35.7755713,54.0336615],[35.7735292,54.0343979],[35.7717078,54.0353134],[35.7701521,54.0363852],[35.7689003,54.0375871],[35.7679833,54.0388895],[35.7674237,54.0402603],[35.7672352,54.0416657],[35.7674227,54.0430712],[35.7679813,54.0444421],[35.7688976,54.0457447],[35.770149,54.0469469],[35.7717045,54.048019],[35.773526,54.0489348],[35.7755686,54.0496715],[35.777782,54.0502111],[35.7801116,54.0505403],[35.7825,54.0506509]]]},"properties":{"kind":"restriction","id":"UUP88","name":"UUP88","zone_type":"prohibited","alt":{"lower_m":0.0,"lower_ref":"GND","upper_m":1200.0,"upper_ref":"AMSL","raw":"От земли до 1200 м (4000 фут) AMSL"},"source":"Московская зона.kml"}},{"type":"Feature","geometry":{"type":"Polygon","coordinates":[[[35.6430555,53.7388889],[35.7222222,53.9008333],[35.9072222,53.8086111],[35.9027778,53.7436111],[35.7708333,53.6697222],[35.6430555,53.7388889]]]},"properties":{"kind":"restriction","id":"UUP89","name":"UUP89","zone_type":"prohibited","alt":{"lower_m":0.0,"lower_ref":"GND","upper_m":1200.0,"upper_ref":"AMSL","raw":"От земли до 1200 м (4000 фут) AMSL"},"source":"Московская зона.kml"}},{"type":"Feature","geometry":{"type":"Polygon","coordinates":[[[35.3155555,54.0458333],[35.4861111,54.0880556],[35.6991667,54.0497222],[35.5766667,53.9461111],[35.3558333,53.9316667],[35.3155555,54.0458333]]]},"properties":{"kind":"restriction","id":"UUP90","name":"UUP90","zone_type":"prohibited","alt":{"lower_m":0.0,"lower_ref":"GND","upper_m":1200.0,"upper_ref":"AMSL","raw":"От земли до 1200 м (4000 фут) AMSL"},"source":"Московская зона.kml"}},{"type":"Feature","geometry":{"type":"Polygon","coordinates":[[[35.3297222,53.7661111],[35.5047222,53.9097222],[35.5875,53.8719445],[35.6238889,53.7930555],[35.4911111,53.6752778],[35.3925,53.6905556],[35.3297222,53.7661111]]]},"properties":{"kind":"restriction","id":"UUP91","name":"UUP91","zone_type":"prohibited","alt":{"lower_m":0.0,"lower_ref":"GND","upper_m":1200.0,"upper_ref":"AMSL","raw":"От земли до 1200 м (4000 фут) AMSL"},"source":"Московская зона.kml"}},{"type":"Feature","geometry":{"type":"Polygon","coordinates":[[[37.2297222,54.9914828],[37.2321662,54.9913723],[37.2345499,54.9910431],[37.2368148,54.9905036],[37.2389049,54.9897669],[37.2407687,54.9888514],[37.2423604,54.9877793],[37.2436408,54.9865773],[37.2445784,54.9852749],[37.2451501,54.9839043],[37.2453419,54.982499],[37.245149,54.9810938],[37.2445763,54.9797232],[37.243638,54.9784211],[37.2423571,54.9772194],[37.2407652,54.9761476],[37.2389016,54.9752324],[37.236812,54.974496],[37.234548,54.9739567],[37.2321651,54.9736277],[37.2297222,54.9735171],[37.2272793,54.9736277],[37.2248965,54.9739567],[37.2226324,54.974496],[37.2205429,54.9752324],[37.2186792,54.9761476],[37.2170873,54.9772194],[37.2158064,54.9784211],[37.2148681,54.9797232],[37.2142955,54.9810938],[37.2141026,54.982499],[37.2142944,54.9839043],[37.2148661,54.9852749],[37.2158036,54.9865773],[37.217084,54.9877793],[37.2186757,54.9888514],[37.2205396,54.9897669],[37.2226297,54.9905036],[37.2248945,54.9910431],[37.2272783,54.9913723],[37.2297222,54.9914828]]]},"properties":{"kind":"restriction","id":"UUP92","name":"UUP92","zone_type":"prohibited","alt":{"lower_m":0.0,"lower_ref":"GND","upper_m":1200.0,"upper_ref":"AMSL","raw":"От земли до 1200 м (4000 фут) AMSL"},"source":"Московская зона.kml"}},{"type":"Feature","geometry":{"type":"Polygon","coordinates":[[[38.0472222,56.4884251],[38.0497615,56.4883145],[38.0522384,56.4879854],[38.0545915,56.487446],[38.0567632,56.4867096],[38.0586997,56.4857942],[38.0603535,56.4847224],[38.0616839,56.4835207],[38.062658,56.4822187],[38.063252,56.4808483],[38.0634512,56.4794434],[38.0632507,56.4780385],[38.0626558,56.4766683],[38.0616808,56.4753664],[38.0603499,56.474165],[38.0586959,56.4730936],[38.0567595,56.4721785],[38.0545885,56.4714424],[38.0522361,56.4709032],[38.0497604,56.4705743],[38.0472222,56.4704638],[38.044684,56.4705743],[38.0422082,56.4709032],[38.0398559,56.4714424],[38.0376849,56.4721785],[38.0357485,56.4730936],[38.0340945,56.474165],[38.0327636,56.4753664],[38.0317886,56.4766683],[38.0311936,56.4780385],[38.0309932,56.4794434],[38.0311924,56.4808483],[38.0317863,56.4822187],[38.0327605,56.4835207],[38.0340909,56.4847224],[38.0357447,56.4857942],[38.0376812,56.4867096],[38.0398529,56.487446],[38.042206,56.4879854],[38.0446828,56.4883145],[38.0472222,56.4884251]]]},"properties":{"kind":"restriction","id":"UUP93","name":"UUP93","zone_type":"prohibited","alt":{"lower_m":0.0,"lower_ref":"GND","upper_m":500.0,"upper_ref":"AMSL","raw":"От земли до 500 м (1700 фут) AMSL"},"source":"Московская зона.kml"}},{"type":"Feature","geometry":{"type":"Polygon","coordinates":[[[37.5775,55.43926],[37.5799717,55.4391493],[37.5823823,55.4388202],[37.5846727,55.4382808],[37.5867864,55.4375442],[37.5886712,55.4366286],[37.5902809,55.4355567],[37.5915757,55.4343548],[37.5925239,55.4330525],[37.5931021,55.4316819],[37.5932959,55.4302768],[37.5931009,55.4288717],[37.5925218,55.4275012],[37.5915729,55.4261992],[37.5902775,55.4249975],[37.5886676,55.4239259],[37.586783,55.4230107],[37.5846698,55.4222744],[37.5823802,55.4217351],[37.5799705,55.4214061],[37.5775,55.4212956],[37.5750296,55.4214061],[37.5726199,55.4217351],[37.5703303,55.4222744],[37.5682171,55.4230107],[37.5663325,55.4239259],[37.5647226,55.4249975],[37.5634272,55.4261992],[37.5624783,55.4275012],[37.5618992,55.4288717],[37.5617042,55.4302768],[37.561898,55.4316819],[37.5624762,55.4330525],[37.5634243,55.4343548],[37.5647192,55.4355567],[37.5663289,55.4366286],[37.5682137,55.4375442],[37.5703274,55.4382808],[37.5726178,55.4388202],[37.5750284,55.4391493],[37.5775,55.43926]]]},"properties":{"kind":"restriction","id":"UUP94","name":"UUP94","zone_type":"prohibited","alt":{"lower_m":0.0,"lower_ref":"GND","upper_m":300.0,"upper_ref":"AMSL","raw":"От земли до 300 м (1000 фут) AMSL"},"source":"Московская зона.kml"}},{"type":"Feature","geometry":{"type":"Polygon","coordinates":[[[37.31,55.4923155],[37.3124748,55.4922048],[37.3148888,55.4918757],[37.3171823,55.4913362],[37.3192988,55.4905997],[37.3211862,55.4896841],[37.322798,55.4886122],[37.3240946,55.4874103],[37.3250441,55.486108],[37.3256229,55.4847374],[37.3258172,55.4833323],[37.3256219,55.4819273],[37.3250419,55.4805568],[37.3240917,55.4792548],[37.3227946,55.4780531],[37.3211826,55.4769815],[37.3192954,55.4760663],[37.3171793,55.47533],[37.3148867,55.4747907],[37.3124738,55.4744618],[37.31,55.4743512],[37.3075262,55.4744618],[37.3051132,55.4747907],[37.3028207,55.47533],[37.3007046,55.4760663],[37.2988174,55.4769815],[37.2972054,55.4780531],[37.2959083,55.4792548],[37.2949581,55.4805568],[37.2943781,55.4819273],[37.2941828,55.4833323],[37.294377,55.4847374],[37.2949559,55.486108],[37.2959053,55.4874103],[37.297202,55.4886122],[37.2988138,55.4896841],[37.3007012,55.4905997],[37.3028177,55.4913362],[37.3051112,55.4918757],[37.3075251,55.4922048],[37.31,55.4923155]]]},"properties":{"kind":"restriction","id":"UUP95","name":"UUP95","zone_type":"prohibited","alt":{"lower_m":0.0,"lower_ref":"GND","upper_m":250.0,"upper_ref":"AMSL","raw":"От земли до 250 м (900 фут) AMSL"},"source":"Московская зона.kml"}},{"type":"Feature","geometry":{"type":"Polygon","coordinates":[[[37.9469444,55.5717598],[37.9494243,55.5716492],[37.9518431,55.5713201],[37.9541412,55.5707806],[37.9562619,55.570044],[37.9581531,55.5691285],[37.9597683,55.5680566],[37.9610675,55.5668547],[37.9620188,55.5655525],[37.9625989,55.5641819],[37.9627935,55.5627768],[37.9625977,55.5613717],[37.9620167,55.5600013],[37.9610646,55.5586992],[37.9597648,55.5574976],[37.9581496,55.5564261],[37.9562585,55.5555109],[37.9541383,55.5547746],[37.951841,55.5542353],[37.9494232,55.5539064],[37.9469444,55.5537958],[37.9444656,55.5539064],[37.9420479,55.5542353],[37.9397505,55.5547746],[37.9376303,55.5555109],[37.9357393,55.5564261],[37.934124,55.5574976],[37.9328243,55.5586992],[37.9318721,55.5600013],[37.9312911,55.5613717],[37.9310954,55.5627768],[37.9312899,55.5641819],[37.9318701,55.5655525],[37.9328214,55.5668547],[37.9341205,55.5680566],[37.9357357,55.5691285],[37.9376269,55.570044],[37.9397477,55.5707806],[37.9420457,55.5713201],[37.9444645,55.5716492],[37.9469444,55.5717598]]]},"properties":{"kind":"restriction","id":"UUP96","name":"UUP96","zone_type":"prohibited","alt":{"lower_m":0.0,"lower_ref":"GND","upper_m":350.0,"upper_ref":"AMSL","raw":"От земли до 350 м (1200 фут) AMSL"},"source":"Московская зона.kml"}},{"type":"Feature","geometry":{"type":"Polygon","coordinates":[[[43.9388889,56.2369905],[43.9401502,56.2369352],[43.9413806,56.2367707],[43.9425495,56.236501],[43.9436282,56.2361328],[43.9445903,56.2356752],[43.9454119,56.2351393],[43.9460727,56.2345385],[43.9465568,56.2338874],[43.946852,56.2332023],[43.9469511,56.2324998],[43.9468518,56.2317973],[43.9465563,56.2311121],[43.946072,56.2304612],[43.945411,56.2298604],[43.9445893,56.2293246],[43.9436273,56.228867],[43.9425487,56.2284989],[43.94138,56.2282293],[43.94015,56.2280648],[43.9388889,56.2280095],[43.9376279,56.2280648],[43.9363978,56.2282293],[43.9352291,56.2284989],[43.9341505,56.228867],[43.9331886,56.2293246],[43.9323669,56.2298604],[43.9317058,56.2304612],[43.9312215,56.2311121],[43.9309261,56.2317973],[43.9308267,56.2324998],[43.9309258,56.2332023],[43.931221,56.2338874],[43.9317051,56.2345385],[43.932366,56.2351393],[43.9331876,56.2356752],[43.9341496,56.2361328],[43.9352284,56.236501],[43.9363973,56.2367707],[43.9376276,56.2369352],[43.9388889,56.2369905]]]},"properties":{"kind":"restriction","id":"UUP97","name":"UUP97","zone_type":"prohibited","alt":{"lower_m":0.0,"lower_ref":"GND","upper_m":250.0,"upper_ref":"AMSL","raw":"От земли до 250 м (900 фут) AMSL"},"source":"Московская зона.kml"}},{"type":"Feature","geometry":{"type":"Polygon","coordinates":[[[43.9052778,56.3253238],[43.9065421,56.3252685],[43.9077752,56.325104],[43.9089468,56.3248343],[43.910028,56.3244661],[43.9109923,56.3240084],[43.9118158,56.3234726],[43.9124783,56.3228718],[43.9129634,56.3222207],[43.9132593,56.3215355],[43.9133586,56.3208331],[43.913259,56.3201306],[43.9129628,56.3194455],[43.9124775,56.3187945],[43.9118149,56.3181938],[43.9109914,56.317658],[43.9100271,56.3172004],[43.9089461,56.3168323],[43.9077747,56.3165627],[43.9065417,56.3163982],[43.9052778,56.3163429],[43.9040139,56.3163982],[43.902781,56.3165627],[43.9016095,56.3168323],[43.9005285,56.3172004],[43.8995643,56.317658],[43.8987408,56.3181938],[43.8980782,56.3187945],[43.8975928,56.3194455],[43.8972966,56.3201306],[43.897197,56.3208331],[43.8972964,56.3215355],[43.8975922,56.3222207],[43.8980774,56.3228718],[43.8987399,56.3234726],[43.8995634,56.3240084],[43.9005276,56.3244661],[43.9016088,56.3248343],[43.9027804,56.325104],[43.9040135,56.3252685],[43.9052778,56.3253238]]]},"properties":{"kind":"restriction","id":"UUP98","name":"UUP98","zone_type":"prohibited","alt":{"lower_m":0.0,"lower_ref":"GND","upper_m":250.0,"upper_ref":"AMSL","raw":"От земли до 250 м (900 фут) AMSL"},"source":"Московская зона.kml"}},{"type":"Feature","geometry":{"type":"Polygon","coordinates":[[[41.5205555,52.6146883],[41.5263294,52.6144116],[41.5319609,52.6135882],[41.5373111,52.6122385],[41.5422482,52.6103957],[41.5466505,52.6081053],[41.5504096,52.6054237],[41.5534329,52.6024171],[41.5556461,52.5991594],[41.5569948,52.5957311],[41.5574461,52.5922165],[41.556989,52.5887021],[41.555635,52.5852746],[41.5534176,52.5820183],[41.5503916,52.5790132],[41.5466317,52.5763334],[41.5422303,52.5740448],[41.5372958,52.5722036],[41.5319498,52.5708551],[41.5263236,52.5700325],[41.5205555,52.569756],[41.5147875,52.5700325],[41.5091613,52.5708551],[41.5038153,52.5722036],[41.4988808,52.5740448],[41.4944794,52.5763334],[41.4907194,52.5790132],[41.4876935,52.5820183],[41.4854761,52.5852746],[41.4841221,52.5887021],[41.483665,52.5922165],[41.4841163,52.5957311],[41.485465,52.5991594],[41.4876782,52.6024171],[41.4907015,52.6054237],[41.4944606,52.6081053],[41.4988628,52.6103957],[41.5038,52.6122385],[41.5091502,52.6135882],[41.5147817,52.6144116],[41.5205555,52.6146883]]]},"properties":{"kind":"restriction","id":"UUP99","name":"UUP99","zone_type":"prohibited","alt":{"lower_m":0.0,"lower_ref":"GND","upper_m":500.0,"upper_ref":"AMSL","raw":"От земли до 500 м (1700 фут) AMSL"},"source":"Московская зона.kml"}},{"type":"Feature","geometry":{"type":"Polygon","coordinates":[[[43.4269444,56.285],[43.4263889,56.2738889],[43.4055555,56.2680556],[43.3938888,56.2611111],[43.3319444,56.2608333],[43.3330556,56.2772222],[43.3547222,56.285],[43.3891667,56.2841666],[43.4269444,56.285]]]},"properties":{"kind":"restriction","id":"UUP100","name":"UUP100","zone_type":"prohibited","alt":{"lower_m":0.0,"lower_ref":"GND","upper_m":500.0,"upper_ref":"AMSL","raw":"От земли до 500 м (1700 фут) AMSL"},"source":"Московская зона.kml"}},{"type":"Feature","geometry":{"type":"Polygon","coordinates":[[[37.1905556,54.8912994],[37.1954314,54.8910781],[37.2001871,54.8904197],[37.2047052,54.8893404],[37.2088745,54.8878668],[37.2125922,54.8860352],[37.2157669,54.8838909],[37.2183204,54.8814866],[37.2201897,54.8788815],[37.221329,54.8761399],[37.2217104,54.8733294],[37.2213247,54.8705189],[37.2201815,54.8677779],[37.2183091,54.8651738],[37.2157538,54.8627705],[37.2125784,54.8606275],[37.2088614,54.8587971],[37.204694,54.8573246],[37.2001789,54.8562462],[37.1954271,54.8555884],[37.1905556,54.8553673],[37.185684,54.8555884],[37.1809323,54.8562462],[37.1764172,54.8573246],[37.1722498,54.8587971],[37.1685328,54.8606275],[37.1653574,54.8627705],[37.162802,54.8651738],[37.1609297,54.8677779],[37.1597865,54.8705189],[37.1594008,54.8733294],[37.1597822,54.8761399],[37.1609215,54.8788815],[37.1627908,54.8814866],[37.1653443,54.8838909],[37.1685189,54.8860352],[37.1722367,54.8878668],[37.176406,54.8893404],[37.1809241,54.8904197],[37.1856798,54.8910781],[37.1905556,54.8912994]]]},"properties":{"kind":"restriction","id":"UUP400","name":"UUP400","zone_type":"prohibited","alt":{"lower_m":0.0,"lower_ref":"GND","upper_m":900.0,"upper_ref":"AMSL","raw":"От земли до 900 м (3000 фут) AMSL"},"source":"Московская зона.kml"}},{"type":"Feature","geometry":{"type":"Polygon","coordinates":[[[38.8266666,58.0920339],[38.8293189,58.0919233],[38.8319058,58.0915943],[38.8343637,58.0910551],[38.8366318,58.0903188],[38.8386545,58.0894036],[38.8403818,58.0883322],[38.8417712,58.0871308],[38.8427886,58.085829],[38.843409,58.084459],[38.843617,58.0830544],[38.8434076,58.0816499],[38.8427861,58.0802801],[38.8417678,58.0789786],[38.8403777,58.0777775],[38.8386502,58.0767063],[38.8366278,58.0757915],[38.8343602,58.0750556],[38.8319034,58.0745165],[38.8293176,58.0741877],[38.8266666,58.0740772],[38.8240157,58.0741877],[38.8214299,58.0745165],[38.8189731,58.0750556],[38.8167055,58.0757915],[38.8146831,58.0767063],[38.8129556,58.0777775],[38.8115655,58.0789786],[38.8105472,58.0802801],[38.8099256,58.0816499],[38.8097163,58.0830544],[38.8099243,58.084459],[38.8105447,58.085829],[38.8115621,58.0871308],[38.8129515,58.0883322],[38.8146788,58.0894036],[38.8167015,58.0903188],[38.8189696,58.0910551],[38.8214275,58.0915943],[38.8240144,58.0919233],[38.8266666,58.0920339]]]},"properties":{"kind":"restriction","id":"UUP401","name":"UUP401","zone_type":"prohibited","alt":{"lower_m":0.0,"lower_ref":"GND","upper_m":1000.0,"upper_ref":"AMSL","raw":"От земли до 1000 м (3300 фут) AMSL"},"source":"Московская зона.kml"}},{"type":"Feature","geometry":{"type":"Polygon","coordinates":[[[38.7033333,58.1075894],[38.7059868,58.1074789],[38.7085748,58.1071499],[38.7110337,58.1066106],[38.7133028,58.1058743],[38.7153264,58.1049592],[38.7170545,58.1038877],[38.7184445,58.1026863],[38.7194623,58.1013846],[38.720083,58.1000146],[38.720291,58.09861],[38.7200816,58.0972055],[38.7194598,58.0958357],[38.718441,58.0945342],[38.7170504,58.0933331],[38.7153222,58.0922619],[38.7132988,58.0913471],[38.7110303,58.0906111],[38.7085723,58.0900721],[38.7059854,58.0897433],[38.7033333,58.0896328],[38.7006812,58.0897433],[38.6980944,58.0900721],[38.6956364,58.0906111],[38.6933679,58.0913471],[38.6913445,58.0922619],[38.6896163,58.0933331],[38.6882257,58.0945342],[38.6872069,58.0958357],[38.6865851,58.0972055],[38.6863757,58.09861],[38.6865837,58.1000146],[38.6872044,58.1013846],[38.6882222,58.1026863],[38.6896122,58.1038877],[38.6913403,58.1049592],[38.6933638,58.1058743],[38.695633,58.1066106],[38.6980919,58.1071499],[38.7006799,58.1074789],[38.7033333,58.1075894]]]},"properties":{"kind":"restriction","id":"UUP402","name":"UUP402","zone_type":"prohibited","alt":{"lower_m":0.0,"lower_ref":"GND","upper_m":1000.0,"upper_ref":"AMSL","raw":"От земли до 1000 м (3300 фут) AMSL"},"source":"Московская зона.kml"}},{"type":"Feature","geometry":{"type":"Polygon","coordinates":[[[38.2977778,57.5364791],[38.3003895,57.5363685],[38.302937,57.5360395],[38.3053573,57.5355002],[38.3075909,57.5347639],[38.3095827,57.5338486],[38.3112837,57.532777],[38.3126519,57.5315755],[38.3136538,57.5302737],[38.3142646,57.5289036],[38.3144695,57.5274989],[38.3142634,57.5260943],[38.3136514,57.5247243],[38.3126486,57.5234227],[38.3112797,57.5222214],[38.3095786,57.5211502],[38.307587,57.5202353],[38.305354,57.5194993],[38.3029346,57.5189602],[38.3003883,57.5186313],[38.2977778,57.5185208],[38.2951673,57.5186313],[38.2926209,57.5189602],[38.2902016,57.5194993],[38.2879685,57.5202353],[38.285977,57.5211502],[38.2842758,57.5222214],[38.282907,57.5234227],[38.2819042,57.5247243],[38.2812922,57.5260943],[38.281086,57.5274989],[38.2812909,57.5289036],[38.2819018,57.5302737],[38.2829036,57.5315755],[38.2842719,57.532777],[38.2859728,57.5338486],[38.2879647,57.5347639],[38.2901982,57.5355002],[38.2926186,57.5360395],[38.295166,57.5363685],[38.2977778,57.5364791]]]},"properties":{"kind":"restriction","id":"UUP403","name":"UUP403","zone_type":"prohibited","alt":{"lower_m":0.0,"lower_ref":"GND","upper_m":1000.0,"upper_ref":"AMSL","raw":"От земли до 1000 м (3300 фут) AMSL"},"source":"Московская зона.kml"}},{"type":"Feature","geometry":{"type":"Polygon","coordinates":[[[37.4691666,55.3875],[37.5036111,55.3772222],[37.475,55.3583333],[37.4625,55.3644445],[37.4691666,55.3875]]]},"properties":{"kind":"restriction","id":"UUP404","name":"UUP404","zone_type":"prohibited","alt":{"lower_m":0.0,"lower_ref":"GND","upper_m":450.0,"upper_ref":"AGL","raw":"От земли до 450 м (1500 фут) AGL\n\nНе распространяется на воздушные суда, выполняющие полеты с/на аэродром Остафьево"},"source":"Московская зона.kml","notes":"Не распространяется на воздушные суда, выполняющие полеты с/на аэродром Остафьево"}},{"type":"Feature","geometry":{"type":"Polygon","coordinates":[[[37.1877778,56.7462672],[37.1905903,56.7461456],[37.1933334,56.7457836],[37.1959395,56.7451902],[37.1983446,56.7443801],[37.2004893,56.7433733],[37.2023209,56.7421944],[37.2037942,56.7408725],[37.204873,56.7394403],[37.2055308,56.7379329],[37.2057513,56.7363876],[37.2055293,56.7348423],[37.2048702,56.7333352],[37.2037904,56.7319032],[37.2023164,56.7305817],[37.2004847,56.7294032],[37.1983401,56.7283967],[37.1959357,56.727587],[37.1933306,56.7269939],[37.1905887,56.7266322],[37.1877778,56.7265106],[37.1849669,56.7266322],[37.1822251,56.7269939],[37.1796199,56.727587],[37.1772155,56.7283967],[37.175071,56.7294032],[37.1732392,56.7305817],[37.1717653,56.7319032],[37.1706854,56.7333352],[37.1700263,56.7348423],[37.1698043,56.7363876],[37.1700249,56.7379329],[37.1706826,56.7394403],[37.1717614,56.7408725],[37.1732347,56.7421944],[37.1750663,56.7433733],[37.177211,56.7443801],[37.1796161,56.7451902],[37.1822223,56.7457836],[37.1849654,56.7461456],[37.1877778,56.7462672]]]},"properties":{"kind":"restriction","id":"UUP405","name":"UUP405","zone_type":"prohibited","alt":{"lower_m":0.0,"lower_ref":"GND","upper_m":1200.0,"upper_ref":"AMSL","raw":"От земли до 1200 м (4000 фут) AMSL"},"source":"Московская зона.kml"}},{"type":"Feature","geometry":{"type":"Polygon","coordinates":[[[37.2186111,56.7631659],[37.2201459,56.7630996],[37.2216428,56.7629022],[37.2230651,56.7625786],[37.2243776,56.7621367],[37.225548,56.7615876],[37.2265477,56.7609446],[37.2273518,56.7602237],[37.2279408,56.7594424],[37.2282999,56.7586203],[37.2284205,56.7577774],[37.2282995,56.7569345],[37.22794,56.7561124],[37.2273508,56.7553313],[37.2265463,56.7546104],[37.2255467,56.7539676],[37.2243763,56.7534186],[37.2230639,56.7529768],[37.221642,56.7526533],[37.2201455,56.7524559],[37.2186111,56.7523896],[37.2170768,56.7524559],[37.2155803,56.7526533],[37.2141584,56.7529768],[37.212846,56.7534186],[37.2116756,56.7539676],[37.210676,56.7546104],[37.2098715,56.7553313],[37.2092823,56.7561124],[37.2089228,56.7569345],[37.2088018,56.7577774],[37.2089224,56.7586203],[37.2092815,56.7594424],[37.2098704,56.7602237],[37.2106746,56.7609446],[37.2116743,56.7615876],[37.2128447,56.7621367],[37.2141572,56.7625786],[37.2155795,56.7629022],[37.2170764,56.7630996],[37.2186111,56.7631659]]]},"properties":{"kind":"restriction","id":"UUP406","name":"UUP406","zone_type":"prohibited","alt":{"lower_m":0.0,"lower_ref":"GND","upper_m":1200.0,"upper_ref":"AMSL","raw":"От земли до 1200 м (4000 фут) AMSL"},"source":"Московская зона.kml"}},{"type":"Feature","geometry":{"type":"Polygon","coordinates":[[[37.6525,55.9444445],[37.6769444,55.9483333],[37.6927778,55.9305556],[37.6713889,55.9241667],[37.6525,55.9444445]]]},"properties":{"kind":"restriction","id":"UUP407","name":"UUP407","zone_type":"prohibited","alt":{"lower_m":0.0,"lower_ref":"GND","upper_m":450.0,"upper_ref":"AGL","raw":"От земли до 450 м (1500 фут) AGL"},"source":"Московская зона.kml"}},{"type":"Feature","geometry":{"type":"Polygon","coordinates":[[[37.0463889,56.2175],[37.065,56.1936111],[37.0475,56.1833333],[37.015,56.2025],[37.0463889,56.2175]]]},"properties":{"kind":"restriction","id":"UUP408","name":"UUP408","zone_type":"prohibited","alt":{"lower_m":0.0,"lower_ref":"GND","upper_m":450.0,"upper_ref":"AGL","raw":"От земли до 450 м (1500 фут) AGL"},"source":"Московская зона.kml"}},{"type":"Feature","geometry":{"type":"Polygon","coordinates":[[[37.0,56.1957312],[37.001764,56.1956538],[37.0034846,56.1954234],[37.0051192,56.1950458],[37.0066279,56.1945303],[37.0079732,56.1938896],[37.0091221,56.1931394],[37.0100464,56.1922982],[37.0107232,56.1913867],[37.011136,56.1904274],[37.0112745,56.1894439],[37.0111353,56.1884605],[37.0107221,56.1875013],[37.0100449,56.1865899],[37.0091203,56.1857488],[37.0079713,56.1849988],[37.0066261,56.1843582],[37.0051178,56.1838428],[37.0034835,56.1834653],[37.0017634,56.1832351],[37.0,56.1831577],[36.9982366,56.1832351],[36.9965165,56.1834653],[36.9948822,56.1838428],[36.9933739,56.1843582],[36.9920287,56.1849988],[36.9908797,56.1857488],[36.9899551,56.1865899],[36.9892779,56.1875013],[36.9888647,56.1884605],[36.9887255,56.1894439],[36.988864,56.1904274],[36.9892768,56.1913867],[36.9899536,56.1922982],[36.9908779,56.1931394],[36.9920268,56.1938896],[36.9933721,56.1945303],[36.9948808,56.1950458],[36.9965154,56.1954234],[36.998236,56.1956538],[37.0,56.1957312]]]},"properties":{"kind":"restriction","id":"UUP409","name":"UUP409","zone_type":"prohibited","alt":{"lower_m":0.0,"lower_ref":"GND","upper_m":450.0,"upper_ref":"AGL","raw":"От земли до 450 м (1500 фут) AGL"},"source":"Московская зона.kml"}},{"type":"Feature","geometry":{"type":"Polygon","coordinates":[[[36.6938889,55.5616667],[36.7061111,55.5541667],[36.6863889,55.545],[36.6738889,55.5525],[36.6938889,55.5616667]]]},"properties":{"kind":"restriction","id":"UUP410","name":"UUP410","zone_type":"prohibited","alt":{"lower_m":0.0,"lower_ref":"GND","upper_m":450.0,"upper_ref":"AGL","raw":"От земли до 450 м (1500 фут) AGL\n\nНе распространяется на воздушные суда, выполняющие полеты с/на аэродром Кубинка"},"source":"Московская зона.kml","notes":"Не распространяется на воздушные суда, выполняющие полеты с/на аэродром Кубинка"}},{"type":"Feature","geometry":{"type":"Polygon","coordinates":[[[40.4363889,56.7125914],[40.4389433,56.7124808],[40.4414348,56.7121518],[40.443802,56.7116124],[40.4459865,56.710876],[40.4479346,56.7099606],[40.4495983,56.7088889],[40.4509365,56.7076872],[40.4519164,56.7063852],[40.4525138,56.7050149],[40.4527142,56.70361],[40.4525127,56.7022052],[40.451914,56.7008351],[40.4509333,56.6995333],[40.4495945,56.6983319],[40.4479307,56.6972605],[40.4459828,56.6963455],[40.4437988,56.6956094],[40.4414326,56.6950702],[40.4389422,56.6947413],[40.4363889,56.6946308],[40.4338356,56.6947413],[40.4313452,56.6950702],[40.4289789,56.6956094],[40.426795,56.6963455],[40.4248471,56.6972605],[40.4231833,56.6983319],[40.4218444,56.6995333],[40.4208637,56.7008351],[40.4202651,56.7022052],[40.4200635,56.70361],[40.4202639,56.7050149],[40.4208614,56.7063852],[40.4218413,56.7076872],[40.4231795,56.7088889],[40.4248432,56.7099606],[40.4267913,56.710876],[40.4289758,56.7116124],[40.431343,56.7121518],[40.4338344,56.7124808],[40.4363889,56.7125914]]]},"properties":{"kind":"restriction","id":"UUP411","name":"UUP411","zone_type":"prohibited","alt":{"lower_m":0.0,"lower_ref":"GND","upper_m":1700.0,"upper_ref":"AMSL","raw":"От земли до 1700 м (5500 фут) AMSL"},"source":"Московская зона.kml"}},{"type":"Feature","geometry":{"type":"Polygon","coordinates":[[[40.3119445,56.9248133],[40.3145134,56.9247027],[40.317019,56.9243737],[40.3193996,56.9238344],[40.3215965,56.9230979],[40.3235556,56.9221826],[40.3252287,56.9211109],[40.3265744,56.9199093],[40.32756,56.9186073],[40.3281608,56.9172371],[40.3283623,56.9158322],[40.3281596,56.9144275],[40.3275576,56.9130573],[40.3265713,56.9117556],[40.3252249,56.9105543],[40.3235517,56.9094829],[40.3215927,56.908568],[40.3193964,56.9078318],[40.3170167,56.9072927],[40.3145122,56.9069638],[40.3119445,56.9068533],[40.3093767,56.9069638],[40.3068722,56.9072927],[40.3044925,56.9078318],[40.3022962,56.908568],[40.3003372,56.9094829],[40.298664,56.9105543],[40.2973176,56.9117556],[40.2963313,56.9130573],[40.2957293,56.9144275],[40.2955266,56.9158322],[40.2957282,56.9172371],[40.296329,56.9186073],[40.2973145,56.9199093],[40.2986603,56.9211109],[40.3003333,56.9221826],[40.3022924,56.9230979],[40.3044893,56.9238344],[40.3068699,56.9243737],[40.3093755,56.9247027],[40.3119445,56.9248133]]]},"properties":{"kind":"restriction","id":"UUP412","name":"UUP412","zone_type":"prohibited","alt":{"lower_m":0.0,"lower_ref":"GND","upper_m":1700.0,"upper_ref":"AMSL","raw":"От земли до 1700 м (5500 фут) AMSL"},"source":"Московская зона.kml"}},{"type":"Feature","geometry":{"type":"Polygon","coordinates":[[[40.1775,56.8153691],[40.1800614,56.8152585],[40.1825597,56.8149294],[40.1849334,56.8143901],[40.1871239,56.8136536],[40.1890773,56.8127383],[40.1907455,56.8116666],[40.1920874,56.810465],[40.1930699,56.8091629],[40.193669,56.8077926],[40.19387,56.8063878],[40.1936679,56.804983],[40.1930676,56.8036129],[40.1920841,56.8023111],[40.1907417,56.8011097],[40.1890733,56.8000384],[40.1871201,56.7991234],[40.1849302,56.7983873],[40.1825574,56.7978481],[40.1800602,56.7975192],[40.1775,56.7974087],[40.1749398,56.7975192],[40.1724426,56.7978481],[40.1700698,56.7983873],[40.1678798,56.7991234],[40.1659266,56.8000384],[40.1642583,56.8011097],[40.1629158,56.8023111],[40.1619324,56.8036129],[40.1613321,56.804983],[40.16113,56.8063878],[40.1613309,56.8077926],[40.16193,56.8091629],[40.1629126,56.810465],[40.1642545,56.8116666],[40.1659227,56.8127383],[40.1678761,56.8136536],[40.1700666,56.8143901],[40.1724402,56.8149294],[40.1749385,56.8152585],[40.1775,56.8153691]]]},"properties":{"kind":"restriction","id":"UUP413","name":"UUP413","zone_type":"prohibited","alt":{"lower_m":0.0,"lower_ref":"GND","upper_m":1700.0,"upper_ref":"AMSL","raw":"От земли до 1700 м (5500 фут) AMSL"},"source":"Московская зона.kml"}},{"type":"Feature","geometry":{"type":"Polygon","coordinates":[[[40.5116666,56.8751102],[40.513206,56.8750439],[40.5147073,56.8748465],[40.5161339,56.8745229],[40.5174502,56.8740811],[40.5186243,56.8735319],[40.5196269,56.8728889],[40.5204335,56.872168],[40.5210241,56.8713868],[40.5213843,56.8705647],[40.5215052,56.8697218],[40.5213839,56.8688789],[40.5210233,56.8680568],[40.5204323,56.8672758],[40.5196255,56.8665549],[40.5186228,56.8659121],[40.5174489,56.8653631],[40.5161327,56.8649213],[40.5147065,56.8645978],[40.5132055,56.8644005],[40.5116666,56.8643341],[40.5101277,56.8644005],[40.5086267,56.8645978],[40.5072006,56.8649213],[40.5058844,56.8653631],[40.5047104,56.8659121],[40.5037077,56.8665549],[40.502901,56.8672758],[40.50231,56.8680568],[40.5019494,56.8688789],[40.501828,56.8697218],[40.5019489,56.8705647],[40.5023091,56.8713868],[40.5028998,56.872168],[40.5037064,56.8728889],[40.504709,56.8735319],[40.505883,56.8740811],[40.5071994,56.8745229],[40.5086259,56.8748465],[40.5101273,56.8750439],[40.5116666,56.8751102]]]},"properties":{"kind":"restriction","id":"UUP414","name":"UUP414","zone_type":"prohibited","alt":{"lower_m":0.0,"lower_ref":"GND","upper_m":1700.0,"upper_ref":"AMSL","raw":"От земли до 1700 м (5500 фут) AMSL"},"source":"Московская зона.kml"}},{"type":"Feature","geometry":{"type":"Polygon","coordinates":[[[40.5775,56.9023134],[40.5800674,56.9022028],[40.5825715,56.9018738],[40.5849506,56.9013344],[40.5871462,56.900598],[40.5891042,56.8996827],[40.5907762,56.898611],[40.5921213,56.8974094],[40.5931061,56.8961074],[40.5937066,56.8947371],[40.593908,56.8933323],[40.5937054,56.8919275],[40.5931038,56.8905574],[40.592118,56.8892556],[40.5907724,56.8880543],[40.5891002,56.886983],[40.5871425,56.886068],[40.5849475,56.8853318],[40.5825692,56.8847927],[40.5800661,56.8844638],[40.5775,56.8843533],[40.5749339,56.8844638],[40.5724308,56.8847927],[40.5700525,56.8853318],[40.5678575,56.886068],[40.5658998,56.886983],[40.5642276,56.8880543],[40.562882,56.8892556],[40.5618963,56.8905574],[40.5612947,56.8919275],[40.561092,56.8933323],[40.5612934,56.8947371],[40.5618939,56.8961074],[40.5628788,56.8974094],[40.5642238,56.898611],[40.5658959,56.8996827],[40.5678538,56.900598],[40.5700494,56.9013344],[40.5724285,56.9018738],[40.5749326,56.9022028],[40.5775,56.9023134]]]},"properties":{"kind":"restriction","id":"UUP415","name":"UUP415","zone_type":"prohibited","alt":{"lower_m":0.0,"lower_ref":"GND","upper_m":1700.0,"upper_ref":"AMSL","raw":"От земли до 1700 м (5500 фут) AMSL"},"source":"Московская зона.kml"}},{"type":"Feature","geometry":{"type":"Polygon","coordinates":[[[40.8294444,57.0196384],[40.830217,57.0196053],[40.8309706,57.0195065],[40.8316867,57.0193448],[40.8323475,57.0191239],[40.8329368,57.0188493],[40.8334401,57.0185279],[40.833845,57.0181674],[40.8341415,57.0177768],[40.8343223,57.0173658],[40.8343832,57.0169444],[40.8343223,57.016523],[40.8341413,57.0161119],[40.8338447,57.0157214],[40.8334397,57.0153609],[40.8329364,57.0150395],[40.8323471,57.014765],[40.8316864,57.0145441],[40.8309705,57.0143823],[40.830217,57.0142837],[40.8294444,57.0142505],[40.8286718,57.0142837],[40.8279183,57.0143823],[40.8272024,57.0145441],[40.8265417,57.014765],[40.8259524,57.0150395],[40.8254491,57.0153609],[40.8250441,57.0157214],[40.8247475,57.0161119],[40.8245665,57.016523],[40.8245056,57.0169444],[40.8245665,57.0173658],[40.8247473,57.0177768],[40.8250438,57.0181674],[40.8254487,57.0185279],[40.825952,57.0188493],[40.8265413,57.0191239],[40.8272021,57.0193448],[40.8279182,57.0195065],[40.8286718,57.0196053],[40.8294444,57.0196384]]]},"properties":{"kind":"restriction","id":"UUP416","name":"UUP416","zone_type":"prohibited","alt":{"lower_m":0.0,"lower_ref":"GND","upper_m":700.0,"upper_ref":"AMSL","raw":"От земли до 700 м (2300 фут) AMSL"},"source":"Московская зона.kml"}},{"type":"Feature","geometry":{"type":"Polygon","coordinates":[[[36.9675,55.5738889],[36.9652778,55.5830556],[36.9841667,55.5844445],[36.9863889,55.5744444],[36.9675,55.5738889]]]},"properties":{"kind":"restriction","id":"UUP417","name":"UUP417","zone_type":"prohibited","alt":{"lower_m":0.0,"lower_ref":"GND","upper_m":450.0,"upper_ref":"AMSL","raw":"От земли до 450 м (1500 фут) AMSL"},"source":"Московская зона.kml"}},{"type":"Feature","geometry":{"type":"Polygon","coordinates":[[[37.5566667,56.1181478],[37.5591816,56.1180372],[37.5616345,56.1177082],[37.5639651,56.1171687],[37.5661159,56.1164322],[37.5680338,56.1155168],[37.5696717,56.114445],[37.5709891,56.1132432],[37.5719539,56.111941],[37.5725422,56.1105706],[37.5727395,56.1091656],[37.5725411,56.1077607],[37.5719518,56.1063903],[37.5709862,56.1050884],[37.5696681,56.103887],[37.56803,56.1028155],[37.5661123,56.1019004],[37.5639621,56.1011641],[37.5616324,56.1006249],[37.5591804,56.100296],[37.5566667,56.1001855],[37.5541529,56.100296],[37.551701,56.1006249],[37.5493713,56.1011641],[37.5472211,56.1019004],[37.5453033,56.1028155],[37.5436653,56.103887],[37.5423472,56.1050884],[37.5413816,56.1063903],[37.5407923,56.1077607],[37.5405938,56.1091656],[37.5407911,56.1105706],[37.5413794,56.111941],[37.5423442,56.1132432],[37.5436617,56.114445],[37.5452996,56.1155168],[37.5472175,56.1164322],[37.5493682,56.1171687],[37.5516988,56.1177082],[37.5541518,56.1180372],[37.5566667,56.1181478]]]},"properties":{"kind":"restriction","id":"UUP418","name":"UUP418","zone_type":"prohibited","alt":{"lower_m":0.0,"lower_ref":"GND","upper_m":300.0,"upper_ref":"AMSL","raw":"От земли до 300 м (1000 фут) AMSL"},"source":"Московская зона.kml"}},{"type":"Feature","geometry":{"type":"Polygon","coordinates":[[[37.5641667,55.2931491],[37.5666292,55.2930385],[37.569031,55.2927093],[37.571313,55.2921699],[37.5734189,55.2914332],[37.5752968,55.2905177],[37.5769006,55.2894458],[37.5781907,55.2882438],[37.5791353,55.2869415],[37.5797113,55.2855708],[37.5799046,55.2841657],[37.5797103,55.2827605],[37.5791333,55.28139],[37.5781878,55.2800879],[37.5768972,55.2788863],[37.5752932,55.2778147],[37.5734155,55.2768994],[37.5713101,55.2761631],[37.5690289,55.2756238],[37.5666281,55.2752949],[37.5641667,55.2751843],[37.5617053,55.2752949],[37.5593045,55.2756238],[37.5570233,55.2761631],[37.5549179,55.2768994],[37.5530402,55.2778147],[37.5514362,55.2788863],[37.5501456,55.2800879],[37.5492001,55.28139],[37.5486232,55.2827605],[37.5484289,55.2841657],[37.5486221,55.2855708],[37.5491981,55.2869415],[37.5501427,55.2882438],[37.5514328,55.2894458],[37.5530366,55.2905177],[37.5549145,55.2914332],[37.5570204,55.2921699],[37.5593024,55.2927093],[37.5617042,55.2930385],[37.5641667,55.2931491]]]},"properties":{"kind":"restriction","id":"UUP419","name":"UUP419","zone_type":"prohibited","alt":{"lower_m":0.0,"lower_ref":"GND","upper_m":300.0,"upper_ref":"AMSL","raw":"От земли до 300 м (1000 фут) AMSL"},"source":"Московская зона.kml"}},{"type":"Feature","geometry":{"type":"Polygon","coordinates":[[[37.9277778,55.8625927],[37.9302762,55.8624821],[37.932713,55.862153],[37.9350283,55.8616135],[37.9371648,55.860877],[37.9390701,55.8599615],[37.9406973,55.8588897],[37.9420061,55.8576878],[37.9429646,55.8563856],[37.943549,55.8550151],[37.943745,55.8536101],[37.9435478,55.8522051],[37.9429624,55.8508347],[37.9420031,55.8495328],[37.9406938,55.8483312],[37.9390665,55.8472597],[37.9371613,55.8463445],[37.9350252,55.8456083],[37.9327108,55.845069],[37.930275,55.8447401],[37.9277778,55.8446295],[37.9252806,55.8447401],[37.9228448,55.845069],[37.9205304,55.8456083],[37.9183943,55.8463445],[37.9164891,55.8472597],[37.9148618,55.8483312],[37.9135524,55.8495328],[37.9125932,55.8508347],[37.9120078,55.8522051],[37.9118106,55.8536101],[37.9120066,55.8550151],[37.912591,55.8563856],[37.9135495,55.8576878],[37.9148583,55.8588897],[37.9164854,55.8599615],[37.9183908,55.860877],[37.9205273,55.8616135],[37.9228425,55.862153],[37.9252794,55.8624821],[37.9277778,55.8625927]]]},"properties":{"kind":"restriction","id":"UUP420","name":"UUP420","zone_type":"prohibited","alt":{"lower_m":0.0,"lower_ref":"GND","upper_m":300.0,"upper_ref":"AMSL","raw":"От земли до 300 м (1000 фут) AMSL"},"source":"Московская зона.kml"}},{"type":"Feature","geometry":{"type":"Polygon","coordinates":[[[33.0672222,57.2091281],[33.0692931,57.2090397],[33.0713131,57.2087764],[33.0732321,57.208345],[33.0750032,57.2077559],[33.0765826,57.2070237],[33.0779313,57.2061664],[33.0790164,57.2052052],[33.0798109,57.2041637],[33.0802953,57.2030675],[33.0804579,57.2019437],[33.0802946,57.2008199],[33.0798093,57.1997239],[33.0790142,57.1986825],[33.0779289,57.1977215],[33.07658,57.1968645],[33.0750007,57.1961325],[33.0732301,57.1955436],[33.0713115,57.1951123],[33.0692923,57.1948492],[33.0672222,57.1947607],[33.0651521,57.1948492],[33.0631329,57.1951123],[33.0612144,57.1955436],[33.0594437,57.1961325],[33.0578645,57.1968645],[33.0565156,57.1977215],[33.0554302,57.1986825],[33.0546351,57.1997239],[33.0541499,57.2008199],[33.0539865,57.2019437],[33.0541491,57.2030675],[33.0546336,57.2041637],[33.0554281,57.2052052],[33.0565131,57.2061664],[33.0578619,57.2070237],[33.0594413,57.2077559],[33.0612123,57.208345],[33.0631314,57.2087764],[33.0651513,57.2090397],[33.0672222,57.2091281]]]},"properties":{"kind":"restriction","id":"UUP421","name":"UUP421","zone_type":"prohibited","alt":{"lower_m":0.0,"lower_ref":"GND","upper_m":450.0,"upper_ref":"AMSL","raw":"От земли до 450 м (1500 фут) AMSL"},"source":"Московская зона.kml"}},{"type":"Feature","geometry":{"type":"Polygon","coordinates":[[[36.4497222,55.9786111],[36.4561112,55.9783333],[36.4733333,55.9736111],[36.4797222,55.9630555],[36.4841667,55.9372222],[36.4483334,55.9311111],[36.4433333,55.9694444],[36.4497222,55.9786111]]]},"properties":{"kind":"restriction","id":"UUP422","name":"UUP422","zone_type":"prohibited","alt":{"lower_m":0.0,"lower_ref":"GND","upper_m":900.0,"upper_ref":"AMSL","raw":"От земли до 900 м (3000 фут) AMSL\n\nНе распространяется на воздушные суда Минобороны России"},"source":"Московская зона.kml","notes":"Не распространяется на воздушные суда Минобороны России"}},{"type":"Feature","geometry":{"type":"Polygon","coordinates":[[[36.78,55.3186111],[36.7786111,55.3302778],[36.7922222,55.3363889],[36.8258333,55.3375],[36.8269444,55.3183333],[36.78,55.3186111]]]},"properties":{"kind":"restriction","id":"UUP423","name":"UUP423","zone_type":"prohibited","alt":{"lower_m":0.0,"lower_ref":"GND","upper_m":900.0,"upper_ref":"AMSL","raw":"От земли до 900 м (3000 фут) AMSL\n\nНе распространяется на воздушные суда Минобороны России"},"source":"Московская зона.kml","notes":"Не распространяется на воздушные суда Минобороны России"}},{"type":"Feature","geometry":{"type":"Polygon","coordinates":[[[37.6480555,55.9142129],[37.6493063,55.9141577],[37.6505264,55.9139931],[37.6516856,55.9137235],[37.6527554,55.9133552],[37.6537094,55.9128975],[37.6545241,55.9123616],[37.6551796,55.9117608],[37.6556596,55.9111097],[37.6559523,55.9104245],[37.6560506,55.909722],[37.6559521,55.9090195],[37.655659,55.9083343],[37.6551789,55.9076833],[37.6545233,55.9070825],[37.6537084,55.9065467],[37.6527545,55.9060891],[37.6516849,55.9057209],[37.6505259,55.9054513],[37.6493061,55.9052868],[37.6480555,55.9052315],[37.646805,55.9052868],[37.6455852,55.9054513],[37.6444261,55.9057209],[37.6433565,55.9060891],[37.6424026,55.9065467],[37.6415877,55.9070825],[37.6409322,55.9076833],[37.640452,55.9083343],[37.640159,55.9090195],[37.6400604,55.909722],[37.6401587,55.9104245],[37.6404515,55.9111097],[37.6409314,55.9117608],[37.6415869,55.9123616],[37.6424016,55.9128975],[37.6433556,55.9133552],[37.6444254,55.9137235],[37.6455846,55.9139931],[37.6468047,55.9141577],[37.6480555,55.9142129]]]},"properties":{"kind":"restriction","id":"UUP424","name":"UUP424","zone_type":"prohibited","alt":{"lower_m":0.0,"lower_ref":"GND","upper_m":450.0,"upper_ref":"AMSL","raw":"От земли до 450 м (1500 фут) AMSL"},"source":"Московская зона.kml"}},{"type":"Feature","geometry":{"type":"Polygon","coordinates":[[[37.0486111,55.6144458],[37.0560588,55.6141139],[37.0633228,55.6131261],[37.0702237,55.611507],[37.0765916,55.6092964],[37.0822694,55.606549],[37.0871172,55.6033323],[37.0910157,55.5997258],[37.0938691,55.5958184],[37.0956073,55.5917063],[37.0961881,55.5874908],[37.0955973,55.5832757],[37.0938499,55.5791649],[37.0909893,55.5752595],[37.0870862,55.5716555],[37.0822368,55.5684418],[37.0765606,55.5656971],[37.0701974,55.5634891],[37.0633036,55.561872],[37.0560488,55.5608856],[37.0486111,55.5605541],[37.0411734,55.5608856],[37.0339186,55.561872],[37.0270247,55.5634891],[37.0206615,55.5656971],[37.0149853,55.5684418],[37.010136,55.5716555],[37.0062329,55.5752595],[37.0033723,55.5791649],[37.0016249,55.5832757],[37.0010341,55.5874908],[37.0016148,55.5917063],[37.0033531,55.5958184],[37.0062065,55.5997258],[37.010105,55.6033323],[37.0149527,55.606549],[37.0206305,55.6092964],[37.0269984,55.611507],[37.0338994,55.6131261],[37.0411633,55.6141139],[37.0486111,55.6144458]]]},"properties":{"kind":"restriction","id":"UUP425","name":"UUP425","zone_type":"prohibited","alt":{"lower_m":0.0,"lower_ref":"GND","upper_m":450.0,"upper_ref":"AMSL","raw":"От земли до 450 м (1500 фут) AMSL\n\nНе распространяется на полеты воздушных судов по МВЛ и полеты воздушных судов, выполняющих литерные рейсы."},"source":"Московская зона.kml","notes":"Не распространяется на полеты воздушных судов по МВЛ и полеты воздушных судов, выполняющих литерные рейсы."}},{"type":"Feature","geometry":{"type":"Polygon","coordinates":[[[38.9911111,55.0648161],[38.9935595,55.0647055],[38.9959477,55.0643763],[38.9982166,55.0638368],[39.0003105,55.0631002],[39.0021778,55.0621846],[39.0037724,55.0611126],[39.0050551,55.0599106],[39.0059944,55.0586082],[39.0065671,55.0572375],[39.0067593,55.0558324],[39.006566,55.0544271],[39.0059923,55.0530566],[39.0050523,55.0517545],[39.0037691,55.0505528],[39.0021743,55.0494811],[39.0003071,55.0485658],[38.9982138,55.0478294],[38.9959456,55.0472901],[38.9935584,55.0469612],[38.9911111,55.0468506],[38.9886637,55.0469612],[38.9862765,55.0472901],[38.9840084,55.0478294],[38.981915,55.0485658],[38.9800479,55.0494811],[38.9784531,55.0505528],[38.9771698,55.0517545],[38.9762299,55.0530566],[38.9756561,55.0544271],[38.9754629,55.0558324],[38.975655,55.0572375],[38.9762278,55.0586082],[38.9771671,55.0599106],[38.9784498,55.0611126],[38.9800444,55.0621846],[38.9819116,55.0631002],[38.9840056,55.0638368],[38.9862745,55.0643763],[38.9886626,55.0647055],[38.9911111,55.0648161]]]},"properties":{"kind":"restriction","id":"UUP426","name":"UUP426","zone_type":"prohibited","alt":{"lower_m":0.0,"lower_ref":"GND","upper_m":500.0,"upper_ref":"AGL","raw":"От земли до 500 м (1600 фут) AGL\n\nНе распространяется на воздушные суда Министерства обороны Российской Федерации. Разрешаются полеты воздушных судов экспериментальной авиации с/на аэродрома Луховицы."},"source":"Московская зона.kml","notes":"Не распространяется на воздушные суда Министерства обороны Российской Федерации. Разрешаются полеты воздушных судов экспериментальной авиации с/на аэродрома Луховицы."}},{"type":"Feature","geometry":{"type":"Polygon","coordinates":[[[33.8591666,57.7992565],[33.8617974,57.7991459],[33.8643633,57.798817],[33.8668013,57.7982777],[33.869051,57.7975413],[33.8710572,57.7966261],[33.8727706,57.7955546],[33.8741488,57.7943531],[33.8751579,57.7930513],[33.8757732,57.7916812],[33.8759795,57.7902767],[33.8757719,57.7888721],[33.8751554,57.7875022],[33.8741453,57.7862006],[33.8727666,57.7849994],[33.8710531,57.7839283],[33.869047,57.7830134],[33.8667978,57.7822774],[33.8643609,57.7817383],[33.8617961,57.7814095],[33.8591666,57.781299],[33.8565372,57.7814095],[33.8539724,57.7817383],[33.8515355,57.7822774],[33.8492863,57.7830134],[33.8472802,57.7839283],[33.8455667,57.7849994],[33.844188,57.7862006],[33.8431779,57.7875022],[33.8425614,57.7888721],[33.8423538,57.7902767],[33.8425601,57.7916812],[33.8431754,57.7930513],[33.8441845,57.7943531],[33.8455627,57.7955546],[33.8472761,57.7966261],[33.8492823,57.7975413],[33.851532,57.7982777],[33.85397,57.798817],[33.8565359,57.7991459],[33.8591666,57.7992565]]]},"properties":{"kind":"restriction","id":"UUP427","name":"UUP427","zone_type":"prohibited","alt":{"lower_m":0.0,"lower_ref":"GND","upper_m":500.0,"upper_ref":"AMSL","raw":"От земли до 500 м (1600 фут) AMSL"},"source":"Московская зона.kml"}},{"type":"Feature","geometry":{"type":"Polygon","coordinates":[[[37.0436111,55.0767605],[37.0460603,55.0766499],[37.0484492,55.0763208],[37.0507188,55.0757812],[37.0528133,55.0750446],[37.0546811,55.074129],[37.0562762,55.073057],[37.0575594,55.0718551],[37.0584989,55.0705527],[37.0590718,55.069182],[37.059264,55.0677767],[37.0590707,55.0663716],[37.0584969,55.065001],[37.0575565,55.0636989],[37.0562729,55.0624972],[37.0546776,55.0614255],[37.05281,55.0605103],[37.0507159,55.0597739],[37.0484471,55.0592346],[37.0460592,55.0589056],[37.0436111,55.058795],[37.0411631,55.0589056],[37.0387752,55.0592346],[37.0365064,55.0597739],[37.0344123,55.0605103],[37.0325447,55.0614255],[37.0309494,55.0624972],[37.0296658,55.0636989],[37.0287254,55.065001],[37.0281516,55.0663716],[37.0279583,55.0677767],[37.0281505,55.069182],[37.0287234,55.0705527],[37.0296629,55.0718551],[37.0309461,55.073057],[37.0325412,55.074129],[37.034409,55.0750446],[37.0365035,55.0757812],[37.0387731,55.0763208],[37.041162,55.0766499],[37.0436111,55.0767605]]]},"properties":{"kind":"restriction","id":"UUP428","name":"UUP428","zone_type":"prohibited","alt":{"lower_m":0.0,"lower_ref":"GND","upper_m":500.0,"upper_ref":"AMSL","raw":"От земли до 500 м (1600 фут) AMSL\n\nНе распространяется на воздушные суда, выполняющие полеты в интересах ФСО России."},"source":"Московская зона.kml","notes":"Не распространяется на воздушные суда, выполняющие полеты в интересах ФСО России."}},{"type":"Feature","geometry":{"type":"Polygon","coordinates":[[[37.0275,56.4131474],[37.0300344,56.4130368],[37.0325063,56.4127078],[37.0348548,56.4121683],[37.0370222,56.4114319],[37.0389549,56.4105165],[37.0406055,56.4094447],[37.0419332,56.408243],[37.0429053,56.4069409],[37.0434981,56.4055705],[37.0436969,56.4041656],[37.043497,56.4027607],[37.0429031,56.4013905],[37.04193,56.4000886],[37.0406018,56.3988872],[37.0389511,56.3978158],[37.0370186,56.3969007],[37.0348518,56.3961645],[37.032504,56.3956253],[37.0300332,56.3952964],[37.0275,56.3951859],[37.0249669,56.3952964],[37.0224961,56.3956253],[37.0201483,56.3961645],[37.0179815,56.3969007],[37.0160489,56.3978158],[37.0143983,56.3988872],[37.01307,56.4000886],[37.012097,56.4013905],[37.0115031,56.4027607],[37.0113031,56.4041656],[37.0115019,56.4055705],[37.0120947,56.4069409],[37.0130669,56.408243],[37.0143946,56.4094447],[37.0160452,56.4105165],[37.0179779,56.4114319],[37.0201453,56.4121683],[37.0224938,56.4127078],[37.0249657,56.4130368],[37.0275,56.4131474]]]},"properties":{"kind":"restriction","id":"UUP429","name":"UUP429","zone_type":"prohibited","alt":{"lower_m":0.0,"lower_ref":"GND","upper_m":600.0,"upper_ref":"AGL","raw":"От земли до 600 м (2000 фут) AGL\n\nНе распространяется на воздушные суда Министерства обороны Российской Федерации."},"source":"Московская зона.kml","notes":"Не распространяется на воздушные суда Министерства обороны Российской Федерации."}},{"type":"Feature","geometry":{"type":"Polygon","coordinates":[[[37.0186111,56.3614808],[37.021142,56.3613702],[37.0236106,56.3610412],[37.0259559,56.3605017],[37.0281204,56.3597653],[37.0300505,56.3588498],[37.0316988,56.3577781],[37.0330247,56.3565764],[37.0339956,56.3552742],[37.0345876,56.3539038],[37.0347862,56.3524989],[37.0345864,56.351094],[37.0339933,56.3497238],[37.0330216,56.3484219],[37.0316952,56.3472205],[37.0300467,56.3461491],[37.0281167,56.3452339],[37.0259529,56.3444978],[37.0236084,56.3439586],[37.0211409,56.3436297],[37.0186111,56.3435192],[37.0160814,56.3436297],[37.0136139,56.3439586],[37.0112694,56.3444978],[37.0091055,56.3452339],[37.0071756,56.3461491],[37.0055271,56.3472205],[37.0042006,56.3484219],[37.0032289,56.3497238],[37.0026358,56.351094],[37.0024361,56.3524989],[37.0026347,56.3539038],[37.0032267,56.3552742],[37.0041976,56.3565764],[37.0055235,56.3577781],[37.0071717,56.3588498],[37.0091018,56.3597653],[37.0112663,56.3605017],[37.0136116,56.3610412],[37.0160802,56.3613702],[37.0186111,56.3614808]]]},"properties":{"kind":"restriction","id":"UUP430","name":"UUP430","zone_type":"prohibited","alt":{"lower_m":0.0,"lower_ref":"GND","upper_m":600.0,"upper_ref":"AGL","raw":"От земли до 600 м (2000 фут) AGL\n\nНе распространяется на воздушные суда Министерства обороны Российской Федерации."},"source":"Московская зона.kml","notes":"Не распространяется на воздушные суда Министерства обороны Российской Федерации."}},{"type":"Feature","geometry":{"type":"Polygon","coordinates":[[[36.4983333,56.1441667],[36.4925,56.1461111],[36.5041667,56.1566666],[36.5130555,56.1536111],[36.5122223,56.1511111],[36.5072222,56.1466667],[36.4983333,56.1441667]]]},"properties":{"kind":"restriction","id":"UUP431","name":"UUP431","zone_type":"prohibited","alt":{"lower_m":0.0,"lower_ref":"GND","upper_m":350.0,"upper_ref":"AMSL","raw":"От земли до 350 м (1200 фут) AMSL\n\nНе распространяется на воздушные суда Министерства обороны Российской Федерации"},"source":"Московская зона.kml","notes":"Не распространяется на воздушные суда Министерства обороны Российской Федерации"}},{"type":"Feature","geometry":{"type":"Polygon","coordinates":[[[37.2883333,55.2522252],[37.2957132,55.2518932],[37.3029109,55.2509054],[37.3097491,55.2492862],[37.3160589,55.2470756],[37.321685,55.2443279],[37.3264887,55.2411111],[37.3303517,55.2375044],[37.3331791,55.2335967],[37.3349016,55.2294844],[37.3354771,55.2252687],[37.3348918,55.2210534],[37.3331604,55.2169423],[37.3303259,55.2130367],[37.3264583,55.2094325],[37.3216531,55.2062185],[37.3160287,55.2034736],[37.3097233,55.2012655],[37.3028922,55.1996483],[37.2957033,55.1986618],[37.2883333,55.1983302],[37.2809634,55.1986618],[37.2737744,55.1996483],[37.2669434,55.2012655],[37.260638,55.2034736],[37.2550136,55.2062185],[37.2502084,55.2094325],[37.2463408,55.2130367],[37.2435062,55.2169423],[37.2417749,55.2210534],[37.2411896,55.2252687],[37.241765,55.2294844],[37.2434876,55.2335967],[37.246315,55.2375044],[37.250178,55.2411111],[37.2549817,55.2443279],[37.2606077,55.2470756],[37.2669176,55.2492862],[37.2737557,55.2509054],[37.2809535,55.2518932],[37.2883333,55.2522252]]]},"properties":{"kind":"restriction","id":"UUP432","name":"UUP432","zone_type":"prohibited","alt":{"lower_m":0.0,"lower_ref":"GND","upper_m":500.0,"upper_ref":"AGL","raw":"От земли до 500 м (1600 фут) AGL\n\nНе распространяется на воздушные суда Министерства обороны Российской Федерации"},"source":"Московская зона.kml","notes":"Не распространяется на воздушные суда Министерства обороны Российской Федерации"}},{"type":"Feature","geometry":{"type":"Polygon","coordinates":[[[36.2536111,54.9870384],[36.2560548,54.9869278],[36.2584383,54.9865986],[36.2607029,54.9860591],[36.2627928,54.9853225],[36.2646564,54.9844069],[36.2662479,54.9833349],[36.2675282,54.9821328],[36.2684657,54.9808305],[36.2690373,54.9794598],[36.2692291,54.9780545],[36.2690362,54.9766493],[36.2684636,54.9752788],[36.2675254,54.9739766],[36.2662446,54.9727749],[36.2646529,54.9717032],[36.2627895,54.9707879],[36.2607001,54.9700515],[36.2584363,54.9695122],[36.2560537,54.9691832],[36.2536111,54.9690727],[36.2511685,54.9691832],[36.2487859,54.9695122],[36.2465222,54.9700515],[36.2444328,54.9707879],[36.2425693,54.9717032],[36.2409777,54.9727749],[36.2396969,54.9739766],[36.2387587,54.9752788],[36.2381861,54.9766493],[36.2379932,54.9780545],[36.238185,54.9794598],[36.2387566,54.9808305],[36.2396941,54.9821328],[36.2409743,54.9833349],[36.2425659,54.9844069],[36.2444294,54.9853225],[36.2465194,54.9860591],[36.2487839,54.9865986],[36.2511674,54.9869278],[36.2536111,54.9870384]]]},"properties":{"kind":"restriction","id":"UUP433","name":"UUP433","zone_type":"prohibited","alt":{"lower_m":0.0,"lower_ref":"GND","upper_m":500.0,"upper_ref":"AMSL","raw":"От земли до 500 м (1600 фут) AMSL\n\nНе распространяется на воздушные суда Министерства обороны Российской Федерации\n\nРазрешаются полеты воздушных судов с/на аэродрома Ермолино."},"source":"Московская зона.kml","notes":"Не распространяется на воздушные суда Министерства обороны Российской Федерации\nРазрешаются полеты воздушных судов с/на аэродрома Ермолино."}},{"type":"Feature","geometry":{"type":"Polygon","coordinates":[[[39.7763889,57.5685137],[39.7816171,57.5682926],[39.7867163,57.5676344],[39.7915609,57.5665555],[39.7960315,57.5650825],[39.8000178,57.5632517],[39.8034217,57.5611082],[39.8061594,57.5587049],[39.8081634,57.556101],[39.8093848,57.5533606],[39.8097936,57.5505512],[39.8093797,57.547742],[39.8081538,57.5450022],[39.8061461,57.5423992],[39.803406,57.5399971],[39.8000013,57.537855],[39.7960158,57.5360255],[39.7915476,57.5345537],[39.7867067,57.5334758],[39.781612,57.5328183],[39.7763889,57.5325973],[39.7711658,57.5328183],[39.7660711,57.5334758],[39.7612302,57.5345537],[39.756762,57.5360255],[39.7527765,57.537855],[39.7493718,57.5399971],[39.7466318,57.5423992],[39.744624,57.5450022],[39.7433981,57.547742],[39.7429843,57.5505512],[39.743393,57.5533606],[39.7446144,57.556101],[39.7466185,57.5587049],[39.7493562,57.5611082],[39.7527601,57.5632517],[39.7567464,57.5650825],[39.7612169,57.5665555],[39.7660615,57.5676344],[39.7711607,57.5682926],[39.7763889,57.5685137]]]},"properties":{"kind":"restriction","id":"UUP434","name":"UUP434","zone_type":"prohibited","alt":{"lower_m":0.0,"lower_ref":"GND","upper_m":250.0,"upper_ref":"AMSL","raw":"От земли до 250 м (900 фут) AMSL"},"source":"Московская зона.kml"}},{"type":"Feature","geometry":{"type":"Polygon","coordinates":[[[39.7480555,52.5469596],[39.7549734,52.5466275],[39.7617208,52.5456393],[39.7681311,52.5440195],[39.7740461,52.5418079],[39.7793204,52.5390592],[39.7838237,52.5358411],[39.7874454,52.5322328],[39.7900964,52.5283235],[39.7917116,52.5242094],[39.7922515,52.5199917],[39.7917032,52.5157745],[39.7900805,52.5116615],[39.7874236,52.507754],[39.783798,52.504148],[39.7792933,52.5009324],[39.7740204,52.4981862],[39.7681091,52.495977],[39.7617049,52.494359],[39.7549651,52.4933719],[39.7480555,52.4930402],[39.7411459,52.4933719],[39.7344062,52.494359],[39.7280019,52.495977],[39.7220906,52.4981862],[39.7168178,52.5009324],[39.7123131,52.504148],[39.7086875,52.507754],[39.7060305,52.5116615],[39.7044078,52.5157745],[39.7038595,52.5199917],[39.7043995,52.5242094],[39.7060146,52.5283235],[39.7086656,52.5322328],[39.7122873,52.5358411],[39.7167906,52.5390592],[39.7220649,52.5418079],[39.72798,52.5440195],[39.7343903,52.5456393],[39.7411376,52.5466275],[39.7480555,52.5469596]]]},"properties":{"kind":"restriction","id":"UUP435","name":"UUP435","zone_type":"prohibited","alt":{"lower_m":0.0,"lower_ref":"GND","upper_m":2000.0,"upper_ref":"AMSL","raw":"От земли до 2000 м (6600 фут) AMSL"},"source":"Московская зона.kml"}},{"type":"Feature","geometry":{"type":"Polygon","coordinates":[[[41.9919444,55.5351863],[41.9968996,55.5349651],[42.0017326,55.5343067],[42.0063243,55.5332275],[42.0105614,55.5317541],[42.0143397,55.5299227],[42.0175659,55.5277786],[42.0201608,55.5253745],[42.0220605,55.5227697],[42.0232183,55.5200285],[42.0236059,55.5172181],[42.0232139,55.514408],[42.022052,55.5116673],[42.0201492,55.5090634],[42.0175522,55.5066605],[42.0143252,55.5045176],[42.0105477,55.5026875],[42.0063126,55.5012152],[42.0017241,55.5001369],[41.9968951,55.4994791],[41.9919444,55.4992581],[41.9869937,55.4994791],[41.9821647,55.5001369],[41.9775762,55.5012152],[41.9733411,55.5026875],[41.9695636,55.5045176],[41.9663366,55.5066605],[41.9637397,55.5090634],[41.9618368,55.5116673],[41.960675,55.514408],[41.9602829,55.5172181],[41.9606706,55.5200285],[41.9618283,55.5227697],[41.9637281,55.5253745],[41.9663229,55.5277786],[41.9695491,55.5299227],[41.9733275,55.5317541],[41.9775645,55.5332275],[41.9821563,55.5343067],[41.9869892,55.5349651],[41.9919444,55.5351863]]]},"properties":{"kind":"restriction","id":"UUP436","name":"UUP436","zone_type":"prohibited","alt":{"lower_m":0.0,"lower_ref":"GND","upper_m":450.0,"upper_ref":"AMSL","raw":"От земли до 450 м (1600 фут) AMSL"},"source":"Московская зона.kml"}},{"type":"Feature","geometry":{"type":"Polygon","coordinates":[[[38.0352777,55.7571854],[38.0372711,55.7570969],[38.0392152,55.7568336],[38.0410624,55.7564021],[38.0427672,55.7558129],[38.0442874,55.7550805],[38.0455856,55.754223],[38.04663,55.7532615],[38.0473948,55.7522198],[38.0478612,55.7511234],[38.0480176,55.7499993],[38.0478604,55.7488753],[38.0473934,55.747779],[38.0466281,55.7467374],[38.0455834,55.7457761],[38.0442851,55.7449188],[38.0427649,55.7441866],[38.0410606,55.7435976],[38.0392139,55.7431662],[38.0372703,55.7429031],[38.0352777,55.7428146],[38.0332852,55.7429031],[38.0313416,55.7431662],[38.0294949,55.7435976],[38.0277905,55.7441866],[38.0262704,55.7449188],[38.0249721,55.7457761],[38.0239273,55.7467374],[38.0231621,55.747779],[38.022695,55.7488753],[38.0225378,55.7499993],[38.0226943,55.7511234],[38.0231607,55.7522198],[38.0239255,55.7532615],[38.0249698,55.754223],[38.0262681,55.7550805],[38.0277883,55.7558129],[38.029493,55.7564021],[38.0313402,55.7568336],[38.0332844,55.7570969],[38.0352777,55.7571854]]]},"properties":{"kind":"restriction","id":"UUP437","name":"UUP437","zone_type":"prohibited","alt":{"lower_m":0.0,"lower_ref":"GND","upper_m":300.0,"upper_ref":"AMSL","raw":"От земли до 300 м (1000 фут) AMSL\n\nНе распространяется на воздушные суда, выполняющие полеты (перелеты) с/на аэродром Черное"},"source":"Московская зона.kml","notes":"Не распространяется на воздушные суда, выполняющие полеты (перелеты) с/на аэродром Черное"}},{"type":"Feature","geometry":{"type":"Polygon","coordinates":[[[38.1055555,55.7312224],[38.1070495,55.731156],[38.1085068,55.7309586],[38.1098913,55.7306349],[38.1111689,55.7301931],[38.1123084,55.7296438],[38.1132815,55.7290007],[38.1140643,55.7282796],[38.1146376,55.7274983],[38.1149872,55.726676],[38.1151045,55.725833],[38.1149868,55.7249899],[38.1146368,55.7241677],[38.1140632,55.7233865],[38.1132803,55.7226655],[38.112307,55.7220225],[38.1111677,55.7214734],[38.1098902,55.7210316],[38.108506,55.720708],[38.1070492,55.7205107],[38.1055555,55.7204443],[38.1040619,55.7205107],[38.1026051,55.720708],[38.1012209,55.7210316],[38.0999434,55.7214734],[38.0988041,55.7220225],[38.0978308,55.7226655],[38.0970479,55.7233865],[38.0964743,55.7241677],[38.0961243,55.7249899],[38.0960065,55.725833],[38.0961239,55.726676],[38.0964735,55.7274983],[38.0970468,55.7282796],[38.0978296,55.7290007],[38.0988027,55.7296438],[38.0999422,55.7301931],[38.1012198,55.7306349],[38.1026043,55.7309586],[38.1040616,55.731156],[38.1055555,55.7312224]]]},"properties":{"kind":"restriction","id":"UUP438","name":"UUP438","zone_type":"prohibited","alt":{"lower_m":0.0,"lower_ref":"GND","upper_m":300.0,"upper_ref":"AMSL","raw":"От земли до 300 м (1000 фут) AMSL\n\nНе распространяется на воздушные суда, выполняющие полеты (перелеты) с/на аэродром Черное"},"source":"Московская зона.kml","notes":"Не распространяется на воздушные суда, выполняющие полеты (перелеты) с/на аэродром Черное"}},{"type":"Feature","geometry":{"type":"Polygon","coordinates":[[[37.3838888,54.9067607],[37.3863277,54.9066501],[37.3887064,54.906321],[37.3909665,54.9057815],[37.3930522,54.9050448],[37.3949122,54.9041292],[37.3965005,54.9030572],[37.3977782,54.9018551],[37.3987138,54.9005527],[37.3992844,54.899182],[37.3994757,54.8977768],[37.3992833,54.8963715],[37.3987118,54.8950009],[37.3977755,54.8936988],[37.3964972,54.892497],[37.3949087,54.8914253],[37.3930489,54.89051],[37.3909637,54.8897736],[37.3887044,54.8892343],[37.3863266,54.8889054],[37.3838888,54.8887947],[37.3814511,54.8889054],[37.3790732,54.8892343],[37.376814,54.8897736],[37.3747288,54.89051],[37.372869,54.8914253],[37.3712805,54.892497],[37.3700022,54.8936988],[37.3690659,54.8950009],[37.3684944,54.8963715],[37.368302,54.8977768],[37.3684933,54.899182],[37.3690639,54.9005527],[37.3699995,54.9018551],[37.3712772,54.9030572],[37.3728655,54.9041292],[37.3747255,54.9050448],[37.3768112,54.9057815],[37.3790713,54.906321],[37.38145,54.9066501],[37.3838888,54.9067607]]]},"properties":{"kind":"restriction","id":"UUP439","name":"UUP439","zone_type":"prohibited","alt":{"lower_m":0.0,"lower_ref":"GND","upper_m":1700.0,"upper_ref":"AMSL","raw":"От земли до 1700 м (5500 фут) AMSL\n\nНе распространяется на воздушные суда Министерства обороны Российской Федерации"},"source":"Московская зона.kml","notes":"Не распространяется на воздушные суда Министерства обороны Российской Федерации"}},{"type":"Feature","geometry":{"type":"Polygon","coordinates":[[[34.9761111,55.5681021],[34.977351,55.5680468],[34.9785603,55.5678823],[34.9797092,55.5676126],[34.9807696,55.5672443],[34.9817152,55.5667866],[34.9825228,55.5662507],[34.9831724,55.5656498],[34.9836483,55.5649987],[34.9839384,55.5643134],[34.9840358,55.5636109],[34.9839381,55.5629083],[34.9836477,55.5622231],[34.9831717,55.561572],[34.9825219,55.5609712],[34.9817143,55.5604354],[34.9807687,55.5599777],[34.9797085,55.5596096],[34.9785597,55.5593399],[34.9773507,55.5591754],[34.9761111,55.5591201],[34.9748715,55.5591754],[34.9736625,55.5593399],[34.9725137,55.5596096],[34.9714535,55.5599777],[34.970508,55.5604354],[34.9697004,55.5609712],[34.9690505,55.561572],[34.9685745,55.5622231],[34.9682841,55.5629083],[34.9681865,55.5636109],[34.9682838,55.5643134],[34.968574,55.5649987],[34.9690498,55.5656498],[34.9696995,55.5662507],[34.9705071,55.5667866],[34.9714526,55.5672443],[34.972513,55.5676126],[34.973662,55.5678823],[34.9748713,55.5680468],[34.9761111,55.5681021]]]},"properties":{"kind":"restriction","id":"UUP440","name":"UUP440","zone_type":"prohibited","alt":{"lower_m":0.0,"lower_ref":"GND","upper_m":1000.0,"upper_ref":"AMSL","raw":"От земли до 1000 м (3300 фут) AMSL\n\nНе распространяется на воздушные суда Министерства обороны Российской Федерации"},"source":"Московская зона.kml","notes":"Не распространяется на воздушные суда Министерства обороны Российской Федерации"}},{"type":"Feature","geometry":{"type":"Polygon","coordinates":[[[34.9177778,55.6215284],[34.9215023,55.6213625],[34.9251351,55.6208688],[34.9285865,55.6200595],[34.9317714,55.6189545],[34.9346117,55.6175812],[34.937037,55.6159732],[34.9389879,55.6141703],[34.9404162,55.6122168],[34.9412869,55.6101609],[34.9415787,55.6080533],[34.9412844,55.6059456],[34.9404114,55.6038901],[34.9389812,55.6019371],[34.9370293,55.6001349],[34.9346035,55.5985276],[34.9317637,55.5971549],[34.9285798,55.5960506],[34.9251303,55.5952419],[34.9214998,55.5947484],[34.9177778,55.5945827],[34.9140558,55.5947484],[34.9104252,55.5952419],[34.9069757,55.5960506],[34.9037918,55.5971549],[34.900952,55.5985276],[34.8985262,55.6001349],[34.8965743,55.6019371],[34.8951442,55.6038901],[34.8942711,55.6059456],[34.8939768,55.6080533],[34.8942686,55.6101609],[34.8951393,55.6122168],[34.8965676,55.6141703],[34.8985185,55.6159732],[34.9009439,55.6175812],[34.9037841,55.6189545],[34.9069691,55.6200595],[34.9104205,55.6208688],[34.9140533,55.6213625],[34.9177778,55.6215284]]]},"properties":{"kind":"restriction","id":"UUP441","name":"UUP441","zone_type":"prohibited","alt":{"lower_m":0.0,"lower_ref":"GND","upper_m":1000.0,"upper_ref":"AMSL","raw":"От земли до 1000 м (3300 фут) AMSL\n\nНе распространяется на воздушные суда Министерства обороны Российской Федерации"},"source":"Московская зона.kml","notes":"Не распространяется на воздушные суда Министерства обороны Российской Федерации"}},{"type":"Feature","geometry":{"type":"Polygon","coordinates":[[[43.8755555,55.7585198],[43.8880141,55.7579663],[43.9001648,55.7563193],[43.9117075,55.7536198],[43.9223574,55.7499341],[43.9318517,55.7453535],[43.9399565,55.7399909],[43.9464722,55.7339788],[43.9512391,55.7274654],[43.9541404,55.7206113],[43.9551058,55.7135853],[43.9541122,55.7065607],[43.9511854,55.6997102],[43.9463984,55.6932024],[43.9398696,55.6871975],[43.9317604,55.6818428],[43.9222706,55.6772701],[43.9116337,55.6735916],[43.9001112,55.6708976],[43.8879859,55.6692544],[43.8755555,55.6687021],[43.8631252,55.6692544],[43.8509999,55.6708976],[43.8394774,55.6735916],[43.8288404,55.6772701],[43.8193506,55.6818428],[43.8112415,55.6871975],[43.8047127,55.6932024],[43.7999256,55.6997102],[43.7969988,55.7065607],[43.7960053,55.7135853],[43.7969706,55.7206113],[43.7998719,55.7274654],[43.8046388,55.7339788],[43.8111546,55.7399909],[43.8192594,55.7453535],[43.8287537,55.7499341],[43.8394036,55.7536198],[43.8509463,55.7563193],[43.863097,55.7579663],[43.8755555,55.7585198]]]},"properties":{"kind":"restriction","id":"UUP442","name":"UUP442","zone_type":"prohibited","alt":{"lower_m":0.0,"lower_ref":"GND","upper_m":1700.0,"upper_ref":"AMSL","raw":"От земли до 1700 м (5500 фут) AMSL\n\nНе распространяется на воздушные суда Министерства обороны Российской Федерации"},"source":"Московская зона.kml","notes":"Не распространяется на воздушные суда Министерства обороны Российской Федерации"}},{"type":"Feature","geometry":{"type":"Polygon","coordinates":[[[38.805,56.7278692],[38.8075554,56.7277586],[38.810048,56.7274296],[38.8124161,56.7268901],[38.8146016,56.7261537],[38.8165504,56.7252384],[38.8182147,56.7241666],[38.8195534,56.722965],[38.8205338,56.721663],[38.8211315,56.7202927],[38.8213319,56.7188878],[38.8211302,56.717483],[38.8205314,56.7161128],[38.8195503,56.7148111],[38.818211,56.7136097],[38.8165465,56.7125383],[38.8145979,56.7116233],[38.812413,56.7108871],[38.8100457,56.710348],[38.8075543,56.7100191],[38.805,56.7099086],[38.8024457,56.7100191],[38.7999543,56.710348],[38.797587,56.7108871],[38.7954021,56.7116233],[38.7934535,56.7125383],[38.791789,56.7136097],[38.7904497,56.7148111],[38.7894686,56.7161128],[38.7888698,56.717483],[38.7886681,56.7188878],[38.7888685,56.7202927],[38.7894662,56.721663],[38.7904466,56.722965],[38.7917853,56.7241666],[38.7934496,56.7252384],[38.7953984,56.7261537],[38.7975839,56.7268901],[38.799952,56.7274296],[38.8024446,56.7277586],[38.805,56.7278692]]]},"properties":{"kind":"restriction","id":"UUP443","name":"UUP443","zone_type":"prohibited","alt":{"lower_m":0.0,"lower_ref":"GND","upper_m":500.0,"upper_ref":"AMSL","raw":"От земли до 500 м (1700 фут) AMSL\n\nНе распространяется на воздушные суда Министерства обороны Российской Федерации"},"source":"Московская зона.kml","notes":"Не распространяется на воздушные суда Министерства обороны Российской Федерации"}},{"type":"Feature","geometry":{"type":"Polygon","coordinates":[[[37.9191666,55.8045372],[37.9216613,55.8044266],[37.9240945,55.8040975],[37.9264062,55.8035581],[37.9285396,55.8028215],[37.9304422,55.801906],[37.9320669,55.8008342],[37.9333738,55.7996323],[37.9343308,55.7983301],[37.9349144,55.7969596],[37.9351101,55.7955546],[37.9349132,55.7941495],[37.9343287,55.7927792],[37.9333709,55.7914772],[37.9320634,55.7902756],[37.9304385,55.7892041],[37.9285362,55.7882889],[37.9264033,55.7875527],[37.9240924,55.7870134],[37.9216602,55.7866845],[37.9191666,55.7865739],[37.9166731,55.7866845],[37.9142409,55.7870134],[37.91193,55.7875527],[37.909797,55.7882889],[37.9078947,55.7892041],[37.9062699,55.7902756],[37.9049624,55.7914772],[37.9040046,55.7927792],[37.9034201,55.7941495],[37.9032231,55.7955546],[37.9034189,55.7969596],[37.9040024,55.7983301],[37.9049594,55.7996323],[37.9062664,55.8008342],[37.9078911,55.801906],[37.9097936,55.8028215],[37.911927,55.8035581],[37.9142387,55.8040975],[37.9166719,55.8044266],[37.9191666,55.8045372]]]},"properties":{"kind":"restriction","id":"UUP444","name":"UUP444","zone_type":"prohibited","alt":{"lower_m":0.0,"lower_ref":"GND","upper_m":450.0,"upper_ref":"AMSL","raw":"От земли до 450 м (1600 фут) AMSL"},"source":"Московская зона.kml"}},{"type":"Feature","geometry":{"type":"Polygon","coordinates":[[[37.9936111,55.806713],[37.9948585,55.8066577],[37.9960752,55.8064932],[37.9972311,55.8062235],[37.998298,55.8058553],[37.9992494,55.8053976],[38.0000619,55.8048617],[38.0007155,55.8042608],[38.0011942,55.8036097],[38.0014862,55.8029245],[38.0015842,55.8022219],[38.0014859,55.8015194],[38.0011937,55.8008342],[38.0007148,55.8001832],[38.000061,55.7995824],[37.9992485,55.7990466],[37.9982972,55.798589],[37.9972304,55.7982208],[37.9960746,55.7979511],[37.9948582,55.7977867],[37.9936111,55.7977314],[37.992364,55.7977867],[37.9911476,55.7979511],[37.9899918,55.7982208],[37.988925,55.798589],[37.9879737,55.7990466],[37.9871612,55.7995824],[37.9865074,55.8001832],[37.9860285,55.8008342],[37.9857363,55.8015194],[37.985638,55.8022219],[37.985736,55.8029245],[37.986028,55.8036097],[37.9865067,55.8042608],[37.9871603,55.8048617],[37.9879728,55.8053976],[37.9889242,55.8058553],[37.9899911,55.8062235],[37.991147,55.8064932],[37.9923637,55.8066577],[37.9936111,55.806713]]]},"properties":{"kind":"restriction","id":"UUP445","name":"UUP445","zone_type":"prohibited","alt":{"lower_m":0.0,"lower_ref":"GND","upper_m":300.0,"upper_ref":"AMSL","raw":"От земли до 300 м (700 фут) AMSL"},"source":"Московская зона.kml"}},{"type":"Feature","geometry":{"type":"Polygon","coordinates":[[[37.6327778,55.2315324],[37.6438418,55.2310343],[37.6546324,55.2295521],[37.6648836,55.2271226],[37.6743419,55.2238056],[37.6827743,55.2196831],[37.6899731,55.2148568],[37.6957609,55.2094458],[37.6999958,55.2035835],[37.7025741,55.1974145],[37.703433,55.1910907],[37.702552,55.1847679],[37.6999538,55.1786017],[37.6957031,55.1727439],[37.689905,55.1673386],[37.6827028,55.1625186],[37.6742738,55.1584023],[37.6648256,55.155091],[37.6545904,55.152666],[37.6438196,55.1511867],[37.6327778,55.1506895],[37.621736,55.1511867],[37.6109652,55.152666],[37.6007299,55.155091],[37.5912817,55.1584023],[37.5828527,55.1625186],[37.5756506,55.1673386],[37.5698525,55.1727439],[37.5656018,55.1786017],[37.5630036,55.1847679],[37.5621226,55.1910907],[37.5629815,55.1974145],[37.5655597,55.2035835],[37.5697947,55.2094458],[37.5755825,55.2148568],[37.5827812,55.2196831],[37.5912136,55.2238056],[37.600672,55.2271226],[37.6109231,55.2295521],[37.6217138,55.2310343],[37.6327778,55.2315324]]]},"properties":{"kind":"restriction","id":"UUP446","name":"UUP446","zone_type":"prohibited","alt":{"lower_m":0.0,"lower_ref":"GND","upper_m":500.0,"upper_ref":"AGL","raw":"От земли до 500 м (1700 фут) AGL"},"source":"Московская зона.kml"}},{"type":"Feature","geometry":{"type":"Polygon","coordinates":[[[36.8638889,56.1234256],[36.8664042,56.123315],[36.8688575,56.122986],[36.8711883,56.1224465],[36.8733393,56.12171],[36.8752575,56.1207946],[36.8768957,56.1197228],[36.8782133,56.118521],[36.8791782,56.1172189],[36.8797666,56.1158484],[36.8799639,56.1144434],[36.8797654,56.1130385],[36.8791761,56.1116682],[36.8782104,56.1103663],[36.8768921,56.1091647],[36.8752537,56.1080933],[36.8733358,56.1071782],[36.8711853,56.106442],[36.8688552,56.1059028],[36.866403,56.1055738],[36.8638889,56.1054632],[36.8613748,56.1055738],[36.8589226,56.1059028],[36.8565925,56.106442],[36.854442,56.1071782],[36.852524,56.1080933],[36.8508857,56.1091647],[36.8495674,56.1103663],[36.8486017,56.1116682],[36.8480123,56.1130385],[36.8478139,56.1144434],[36.8480112,56.1158484],[36.8485996,56.1172189],[36.8495644,56.118521],[36.8508821,56.1197228],[36.8525203,56.1207946],[36.8544384,56.12171],[36.8565895,56.1224465],[36.8589203,56.122986],[36.8613736,56.123315],[36.8638889,56.1234256]]]},"properties":{"kind":"restriction","id":"UUP447","name":"UUP447","zone_type":"prohibited","alt":{"lower_m":0.0,"lower_ref":"GND","upper_m":500.0,"upper_ref":"AGL","raw":"От земли до 500 м (1700 фут) AGL"},"source":"Московская зона.kml"}},{"type":"Feature","geometry":{"type":"Polygon","coordinates":[[[37.9733333,55.7907316],[37.975079,55.7906542],[37.9767816,55.7904239],[37.9783993,55.7900462],[37.9798922,55.7895307],[37.9812236,55.7888899],[37.9823606,55.7881396],[37.9832753,55.7872984],[37.983945,55.7863868],[37.9843535,55.7854275],[37.9844906,55.784444],[37.9843529,55.7834604],[37.983944,55.7825011],[37.9832737,55.7815898],[37.9823589,55.7807486],[37.9812218,55.7799985],[37.9798905,55.7793579],[37.9783979,55.7788424],[37.9767806,55.778465],[37.9750784,55.7782347],[37.9733333,55.7781573],[37.9715883,55.7782347],[37.969886,55.778465],[37.9682688,55.7788424],[37.9667762,55.7793579],[37.9654449,55.7799985],[37.9643078,55.7807486],[37.9633929,55.7815898],[37.9627227,55.7825011],[37.9623138,55.7834604],[37.9621761,55.784444],[37.9623132,55.7854275],[37.9627216,55.7863868],[37.9633914,55.7872984],[37.9643061,55.7881396],[37.9654431,55.7888899],[37.9667745,55.7895307],[37.9682674,55.7900462],[37.9698851,55.7904239],[37.9715876,55.7906542],[37.9733333,55.7907316]]]},"properties":{"kind":"restriction","id":"UUP448","name":"UUP448","zone_type":"prohibited","alt":{"lower_m":0.0,"lower_ref":"GND","upper_m":200.0,"upper_ref":"AGL","raw":"От земли до 200 м (700 фут) AGL\n\nНе распространяется на воздушные суда Министерства обороны Российской Федерации"},"source":"Московская зона.kml","notes":"Не распространяется на воздушные суда Министерства обороны Российской Федерации"}},{"type":"Feature","geometry":{"type":"Polygon","coordinates":[[[38.2180555,56.4491667],[38.2061111,56.4308333],[38.1775,56.4416667],[38.2180555,56.4491667]]]},"properties":{"kind":"restriction","id":"UUP449","name":"UUP449","zone_type":"prohibited","alt":{"lower_m":0.0,"lower_ref":"GND","upper_m":500.0,"upper_ref":"AMSL","raw":"От земли до 500 м (1700 фут) AMSL\n\nНе распространяется на полеты (перелеты) воздушных судов с/на аэродром Чкаловский и в зоне ограничения UUR449"},"source":"Московская зона.kml","notes":"Не распространяется на полеты (перелеты) воздушных судов с/на аэродром Чкаловский и в зоне ограничения UUR449"}},{"type":"Feature","geometry":{"type":"Polygon","coordinates":[[[36.9930556,54.1742697],[37.0026377,54.1738269],[37.0119834,54.1725094],[37.0208618,54.1703497],[37.0290539,54.1674011],[37.0363579,54.1637364],[37.0425936,54.159446],[37.0476077,54.1546358],[37.0512769,54.1494242],[37.0535115,54.1439399],[37.0542568,54.1383178],[37.0534951,54.1326965],[37.0512458,54.1272143],[37.0475648,54.1220062],[37.0425432,54.1172002],[37.0363049,54.1129146],[37.0290036,54.1092547],[37.0208189,54.1063104],[37.0119523,54.1041542],[37.0026214,54.1028388],[36.9930556,54.1023968],[36.9834898,54.1028388],[36.9741589,54.1041542],[36.9652922,54.1063104],[36.9571076,54.1092547],[36.9498063,54.1129146],[36.9435679,54.1172002],[36.9385463,54.1220062],[36.9348653,54.1272143],[36.932616,54.1326965],[36.9318543,54.1383178],[36.9325997,54.1439399],[36.9348342,54.1494242],[36.9385035,54.1546358],[36.9435175,54.159446],[36.9497533,54.1637364],[36.9570572,54.1674011],[36.9652494,54.1703497],[36.9741278,54.1725094],[36.9834734,54.1738269],[36.9930556,54.1742697]]]},"properties":{"kind":"restriction","id":"UUP450","name":"UUP450","zone_type":"prohibited","alt":{"lower_m":0.0,"lower_ref":"GND","upper_m":2743.2,"upper_ref":"AMSL","raw":"От земли до FL090"},"source":"Московская зона.kml"}},{"type":"Feature","geometry":{"type":"Polygon","coordinates":[[[36.8852778,54.165103],[36.8948579,54.1646603],[36.9042014,54.1633427],[36.9130779,54.161183],[36.9212682,54.1582345],[36.9285706,54.1545698],[36.9348049,54.1502794],[36.9398178,54.1454691],[36.9434863,54.1402576],[36.9457203,54.1347732],[36.9464654,54.1291511],[36.9457039,54.1235298],[36.9434552,54.1180476],[36.939775,54.1128395],[36.9347545,54.1080335],[36.9285176,54.1037479],[36.9212178,54.100088],[36.913035,54.0971437],[36.9041702,54.0949874],[36.8948415,54.0936721],[36.8852778,54.09323],[36.875714,54.0936721],[36.8663853,54.0949874],[36.8575206,54.0971437],[36.8493377,54.100088],[36.842038,54.1037479],[36.8358011,54.1080335],[36.8307806,54.1128395],[36.8271004,54.1180476],[36.8248516,54.1235298],[36.8240901,54.1291511],[36.8248353,54.1347732],[36.8270693,54.1402576],[36.8307377,54.1454691],[36.8357507,54.1502794],[36.841985,54.1545698],[36.8492873,54.1582345],[36.8574777,54.161183],[36.8663541,54.1633427],[36.8756977,54.1646603],[36.8852778,54.165103]]]},"properties":{"kind":"restriction","id":"UUP451","name":"UUP451","zone_type":"prohibited","alt":{"lower_m":0.0,"lower_ref":"GND","upper_m":2743.2,"upper_ref":"AMSL","raw":"От земли до FL090"},"source":"Московская зона.kml"}},{"type":"Feature","geometry":{"type":"Polygon","coordinates":[[[40.3105556,51.123661],[40.3116728,51.1236057],[40.3127625,51.123441],[40.3137979,51.1231711],[40.3147533,51.1228026],[40.3156054,51.1223446],[40.3163332,51.1218082],[40.3169186,51.1212069],[40.3173473,51.1205553],[40.3176088,51.1198695],[40.3176966,51.1191664],[40.3176086,51.1184634],[40.3173469,51.1177776],[40.316918,51.1171261],[40.3163325,51.1165248],[40.3156047,51.1159885],[40.3147527,51.1155305],[40.3137972,51.1151621],[40.3127621,51.1148922],[40.3116725,51.1147276],[40.3105556,51.1146723],[40.3094386,51.1147276],[40.308349,51.1148922],[40.3073139,51.1151621],[40.3063585,51.1155305],[40.3055064,51.1159885],[40.3047787,51.1165248],[40.3041932,51.1171261],[40.3037642,51.1177776],[40.3035025,51.1184634],[40.3034145,51.1191664],[40.3035024,51.1198695],[40.3037639,51.1205553],[40.3041925,51.1212069],[40.304778,51.1218082],[40.3055058,51.1223446],[40.3063578,51.1228026],[40.3073133,51.1231711],[40.3083487,51.123441],[40.3094383,51.1236057],[40.3105556,51.123661]]]},"properties":{"kind":"restriction","id":"UUP452","name":"UUP452","zone_type":"prohibited","alt":{"lower_m":0.0,"lower_ref":"GND","upper_m":650.0,"upper_ref":"AMSL","raw":"От земли до 650 м (2150 фут) AMSL\n\nНе распространяется на полеты воздушных судов государственной авиации"},"source":"Московская зона.kml","notes":"Не распространяется на полеты воздушных судов государственной авиации"}},{"type":"Feature","geometry":{"type":"Polygon","coordinates":[[[39.4261111,52.6886598],[39.4272678,52.6886045],[39.428396,52.6884399],[39.429468,52.68817],[39.4304573,52.6878016],[39.4313395,52.6873436],[39.432093,52.6868075],[39.4326992,52.6862063],[39.433143,52.6855549],[39.4334138,52.6848693],[39.4335047,52.6841664],[39.4334135,52.6834636],[39.4331426,52.682778],[39.4326985,52.6821266],[39.4320922,52.6815255],[39.4313387,52.6809894],[39.4304566,52.6805315],[39.4294674,52.6801632],[39.4283956,52.6798934],[39.4272676,52.6797288],[39.4261111,52.6796735],[39.4249546,52.6797288],[39.4238266,52.6798934],[39.4227548,52.6801632],[39.4217656,52.6805315],[39.4208834,52.6809894],[39.4201299,52.6815255],[39.4195236,52.6821266],[39.4190796,52.682778],[39.4188087,52.6834636],[39.4187175,52.6841664],[39.4188084,52.6848693],[39.4190792,52.6855549],[39.419523,52.6862063],[39.4201292,52.6868075],[39.4208826,52.6873436],[39.4217649,52.6878016],[39.4227542,52.68817],[39.4238261,52.6884399],[39.4249543,52.6886045],[39.4261111,52.6886598]]]},"properties":{"kind":"restriction","id":"UUP453","name":"UUP453","zone_type":"prohibited","alt":{"lower_m":0.0,"lower_ref":"GND","upper_m":300.0,"upper_ref":"AMSL","raw":"От земли до 300 м (1000 фут) AMSL\n\nНе распространяется на полеты (перелеты) воздушных судов государственной авиации и на воздушные суда, выполняющие полеты с/на аэродромы Липецк, Липецк-2, Смуглянка"},"source":"Московская зона.kml","notes":"Не распространяется на полеты (перелеты) воздушных судов государственной авиации и на воздушные суда, выполняющие полеты с/на аэродромы Липецк, Липецк-2, Смуглянка"}},{"type":"Feature","geometry":{"type":"Polygon","coordinates":[[[35.0019444,57.0682303],[35.0037496,57.0681529],[35.0055103,57.0679226],[35.0071832,57.0675451],[35.008727,57.0670296],[35.0101037,57.066389],[35.0112794,57.0656388],[35.0122253,57.0647977],[35.0129179,57.0638864],[35.0133403,57.0629272],[35.013482,57.0619439],[35.0133396,57.0609606],[35.0129168,57.0600015],[35.0122238,57.0590903],[35.0112776,57.0582494],[35.0101018,57.0574994],[35.0087251,57.0568589],[35.0071816,57.0563436],[35.0055092,57.0559662],[35.003749,57.055736],[35.0019444,57.0556586],[35.0001399,57.055736],[34.9983796,57.0559662],[34.9967072,57.0563436],[34.9951638,57.0568589],[34.9937871,57.0574994],[34.9926112,57.0582494],[34.9916651,57.0590903],[34.990972,57.0600015],[34.9905492,57.0609606],[34.9904068,57.0619439],[34.9905486,57.0629272],[34.990971,57.0638864],[34.9916636,57.0647977],[34.9926094,57.0656388],[34.9937851,57.066389],[34.9951619,57.0670296],[34.9967056,57.0675451],[34.9983786,57.0679226],[35.0001393,57.0681529],[35.0019444,57.0682303]]]},"properties":{"kind":"restriction","id":"UUP454","name":"UUP454","zone_type":"prohibited","alt":{"lower_m":0.0,"lower_ref":"GND","upper_m":260.0,"upper_ref":"AMSL","raw":"От земли до 260 м (900 фут) AMSL\n\nНе распространяется на полеты (перелеты) воздушных судов государственной авиации, общества с ограниченной ответственностью \"Лукойл-Варандей-Авиа\" и на воздушные суда, выполняющие полеты с/на аэродром Торжок"},"source":"Московская зона.kml","notes":"Не распространяется на полеты (перелеты) воздушных судов государственной авиации, общества с ограниченной ответственностью \"Лукойл-Варандей-Авиа\" и на воздушные суда, выполняющие полеты с/на аэродром Торжок"}},{"type":"Feature","geometry":{"type":"Polygon","coordinates":[[[37.5719444,55.3475467],[37.5731773,55.3474914],[37.5743799,55.3473269],[37.5755225,55.3470572],[37.5765769,55.3466889],[37.5775173,55.3462312],[37.5783204,55.3456952],[37.5789665,55.3450943],[37.5794396,55.3444432],[37.5797281,55.3437579],[37.579825,55.3430553],[37.5797279,55.3423527],[37.5794391,55.3416675],[37.5789657,55.3410164],[37.5783195,55.3404155],[37.5775164,55.3398797],[37.5765761,55.339422],[37.5755218,55.3390538],[37.5743794,55.3387842],[37.5731771,55.3386197],[37.5719444,55.3385644],[37.5707117,55.3386197],[37.5695094,55.3387842],[37.5683671,55.3390538],[37.5673127,55.339422],[37.5663724,55.3398797],[37.5655693,55.3404155],[37.5649231,55.3410164],[37.5644498,55.3416675],[37.564161,55.3423527],[37.5640639,55.3430553],[37.5641607,55.3437579],[37.5644492,55.3444432],[37.5649224,55.3450943],[37.5655684,55.3456952],[37.5663715,55.3462312],[37.5673119,55.3466889],[37.5683663,55.3470572],[37.5695089,55.3473269],[37.5707115,55.3474914],[37.5719444,55.3475467]]]},"properties":{"kind":"restriction","id":"UUP455","name":"UUP455","zone_type":"prohibited","alt":{"lower_m":0.0,"lower_ref":"GND","upper_m":700.0,"upper_ref":"AMSL","raw":"От земли до 700 м (2300 фут) AMSL\n\nНе распространяется на полеты (перелеты) воздушных судов государственной авиации и на воздушные суда, выполняющие полеты с/на аэродромы Москва (Внуково), Москва (Остафьево), по МВЛ КР 907"},"source":"Московская зона.kml","notes":"Не распространяется на полеты (перелеты) воздушных судов государственной авиации и на воздушные суда, выполняющие полеты с/на аэродромы Москва (Внуково), Москва (Остафьево), по МВЛ КР 907"}},{"type":"Feature","geometry":{"type":"Polygon","coordinates":[[[32.4316667,54.8856026],[32.4328855,54.8855473],[32.4340743,54.8853828],[32.4352037,54.885113],[32.436246,54.8847447],[32.4371756,54.8842869],[32.4379695,54.883751],[32.4386081,54.88315],[32.4390759,54.8824988],[32.4393611,54.8818135],[32.4394569,54.8811108],[32.4393608,54.8804082],[32.4390754,54.8797229],[32.4386074,54.8790718],[32.4379686,54.8784709],[32.4371748,54.877935],[32.4362452,54.8774773],[32.435203,54.8771091],[32.4340737,54.8768394],[32.4328852,54.8766749],[32.4316667,54.8766196],[32.4304481,54.8766749],[32.4292596,54.8768394],[32.4281304,54.8771091],[32.4270881,54.8774773],[32.4261586,54.877935],[32.4253647,54.8784709],[32.4247259,54.8790718],[32.424258,54.8797229],[32.4239725,54.8804082],[32.4238765,54.8811108],[32.4239722,54.8818135],[32.4242575,54.8824988],[32.4247252,54.88315],[32.4253638,54.883751],[32.4261578,54.8842869],[32.4270873,54.8847447],[32.4281296,54.885113],[32.4292591,54.8853828],[32.4304478,54.8855473],[32.4316667,54.8856026]]]},"properties":{"kind":"restriction","id":"UUP456","name":"UUP456","zone_type":"prohibited","alt":{"lower_m":0.0,"lower_ref":"GND","upper_m":700.0,"upper_ref":"AMSL","raw":"От земли до 700 м (2300 фут) AMSL\n\nНе распространяется на полеты воздушных судов государственной авиации"},"source":"Московская зона.kml","notes":"Не распространяется на полеты воздушных судов государственной авиации"}},{"type":"Feature","geometry":{"type":"Polygon","coordinates":[[[41.1297222,55.9519907],[41.1309743,55.9519354],[41.1321955,55.9517709],[41.1333558,55.9515012],[41.1344266,55.951133],[41.1353816,55.9506753],[41.1361972,55.9501394],[41.1368532,55.9495385],[41.1373337,55.9488875],[41.1376267,55.9482023],[41.1377251,55.9474997],[41.1376264,55.9467973],[41.1373332,55.946112],[41.1368525,55.9454611],[41.1361963,55.9448603],[41.1353807,55.9443244],[41.1344258,55.9438668],[41.1333551,55.9434987],[41.132195,55.9432291],[41.130974,55.9430646],[41.1297222,55.9430093],[41.1284704,55.9430646],[41.1272494,55.9432291],[41.1260893,55.9434987],[41.1250186,55.9438668],[41.1240637,55.9443244],[41.1232481,55.9448603],[41.1225919,55.9454611],[41.1221112,55.946112],[41.121818,55.9467973],[41.1217193,55.9474997],[41.1218176,55.9482023],[41.1221107,55.9488875],[41.1225912,55.9495385],[41.1232472,55.9501394],[41.1240628,55.9506753],[41.1250178,55.951133],[41.1260886,55.9515012],[41.1272489,55.9517709],[41.1284701,55.9519354],[41.1297222,55.9519907]]]},"properties":{"kind":"restriction","id":"UUP457","name":"UUP457","zone_type":"prohibited","alt":{"lower_m":0.0,"lower_ref":"GND","upper_m":700.0,"upper_ref":"AMSL","raw":"От земли до 700 м (2300 фут) AMSL\n\nНе распространяется на полеты воздушных судов государственной авиации"},"source":"Московская зона.kml","notes":"Не распространяется на полеты воздушных судов государственной авиации"}},{"type":"Feature","geometry":{"type":"Polygon","coordinates":[[[41.5586111,52.6229241],[41.5620761,52.6227581],[41.5654557,52.6222641],[41.5686666,52.6214545],[41.5716297,52.620349],[41.574272,52.6189749],[41.5765285,52.6173662],[41.5783434,52.6155624],[41.5796724,52.613608],[41.5804826,52.6115511],[41.5807542,52.6094424],[41.5804804,52.6073338],[41.5796684,52.6052771],[41.578338,52.6033231],[41.576522,52.6015199],[41.5742652,52.5999119],[41.5716232,52.5985385],[41.5686611,52.5974336],[41.5654517,52.5966243],[41.5620741,52.5961307],[41.5586111,52.5959648],[41.5551482,52.5961307],[41.5517706,52.5966243],[41.5485611,52.5974336],[41.545599,52.5985385],[41.5429571,52.5999119],[41.5407003,52.6015199],[41.5388843,52.6033231],[41.5375539,52.6052771],[41.5367418,52.6073338],[41.5364681,52.6094424],[41.5367397,52.6115511],[41.5375499,52.613608],[41.5388788,52.6155624],[41.5406938,52.6173662],[41.5429503,52.6189749],[41.5455926,52.620349],[41.5485557,52.6214545],[41.5517666,52.6222641],[41.5551462,52.6227581],[41.5586111,52.6229241]]]},"properties":{"kind":"restriction","id":"UUP458","name":"UUP458","zone_type":"prohibited","alt":{"lower_m":0.0,"lower_ref":"GND","upper_m":500.0,"upper_ref":"AMSL","raw":"От земли до 500 м (1700 фут) AMSL"},"source":"Московская зона.kml"}},{"type":"Feature","geometry":{"type":"Polygon","coordinates":[[[35.8322222,56.3566667],[36.0516667,56.5161111],[36.3027778,56.4238889],[36.1483333,56.2941667],[35.9722222,56.2813889],[35.8322222,56.3566667]]]},"properties":{"kind":"restriction","id":"UUP459","name":"UUP459","zone_type":"prohibited","alt":{"lower_m":0.0,"lower_ref":"GND","upper_m":5200.0,"upper_ref":"AMSL","raw":"От земли до 5200 м (17000 фут) AMSL\n\nНе распространяются на полеты воздушных судов в интересах Федеральной службы охраны Российской Федерации"},"source":"Московская зона.kml","notes":"Не распространяются на полеты воздушных судов в интересах Федеральной службы охраны Российской Федерации"}},{"type":"Feature","geometry":{"type":"Polygon","coordinates":[[[41.4669444,52.4693133],[41.4703974,52.4691473],[41.4737652,52.4686533],[41.4769649,52.4678437],[41.4799176,52.4667381],[41.4825508,52.4653641],[41.4847994,52.4637553],[41.486608,52.4619514],[41.4879323,52.459997],[41.4887397,52.45794],[41.4890103,52.4558312],[41.4887376,52.4537225],[41.4879284,52.4516659],[41.4866025,52.4497119],[41.4847929,52.4479086],[41.482544,52.4463005],[41.4799113,52.4449271],[41.4769594,52.4438221],[41.4737612,52.4430128],[41.4703952,52.4425192],[41.4669444,52.4423533],[41.4634937,52.4425192],[41.4601277,52.4430128],[41.4569295,52.4438221],[41.4539776,52.4449271],[41.4513448,52.4463005],[41.449096,52.4479086],[41.4472863,52.4497119],[41.4459605,52.4516659],[41.4451513,52.4537225],[41.4448786,52.4558312],[41.4451492,52.45794],[41.4459566,52.459997],[41.4472809,52.4619514],[41.4490895,52.4637553],[41.4513381,52.4653641],[41.4539712,52.4667381],[41.456924,52.4678437],[41.4601237,52.4686533],[41.4634915,52.4691473],[41.4669444,52.4693133]]]},"properties":{"kind":"restriction","id":"UUP460","name":"UUP460","zone_type":"prohibited","alt":{"lower_m":0.0,"lower_ref":"GND","upper_m":500.0,"upper_ref":"AMSL","raw":"От земли до 500 м (1600 фут) AMSL\n\nНе распространяется на воздушные суда, выполняющие полеты с/на аэродром Тамбов"},"source":"Московская зона.kml","notes":"Не распространяется на воздушные суда, выполняющие полеты с/на аэродром Тамбов"}},{"type":"Feature","geometry":{"type":"Polygon","coordinates":[[[41.455,56.3174062],[41.460056,56.317185],[41.4649873,56.3165267],[41.4696724,56.3154476],[41.4739958,56.3139744],[41.4778508,56.3121433],[41.4811427,56.3099994],[41.4837903,56.3075956],[41.4857286,56.3049911],[41.4869099,56.3022502],[41.4873052,56.2994403],[41.4869052,56.2966305],[41.4857196,56.2938901],[41.4837781,56.2912866],[41.4811283,56.288884],[41.4778356,56.2867414],[41.4739813,56.2849115],[41.4696601,56.2834395],[41.4649784,56.2823613],[41.4600513,56.2817037],[41.455,56.2814826],[41.4499487,56.2817037],[41.4450216,56.2823613],[41.4403398,56.2834395],[41.4360187,56.2849115],[41.4321644,56.2867414],[41.4288717,56.288884],[41.4262219,56.2912866],[41.4242804,56.2938901],[41.4230948,56.2966305],[41.4226948,56.2994403],[41.4230901,56.3022502],[41.4242714,56.3049911],[41.4262097,56.3075956],[41.4288573,56.3099994],[41.4321492,56.3121433],[41.4360042,56.3139744],[41.4403276,56.3154476],[41.4450127,56.3165267],[41.449944,56.317185],[41.455,56.3174062]]]},"properties":{"kind":"restriction","id":"UUP461","name":"UUP461","zone_type":"prohibited","alt":{"lower_m":0.0,"lower_ref":"GND","upper_m":2438.4,"upper_ref":"AMSL","raw":"От земли до FL080"},"source":"Московская зона.kml"}},{"type":"Feature","geometry":{"type":"Polygon","coordinates":[[[37.0296642,56.2418959],[37.0295378,56.240488],[37.0290175,56.2391086],[37.0281162,56.2377914],[37.026856,56.2365689],[37.025268,56.2354713],[37.0233914,56.2345255],[37.0212723,56.2337548],[37.0189629,56.2331782],[37.0165201,56.2328098],[37.0140038,56.2326588],[37.0114762,56.2327288],[37.0089993,56.2330182],[37.0066341,56.2335197],[37.0044389,56.2342212],[37.0024676,56.2351052],[37.0007687,56.23615],[36.9993842,56.23733],[36.9983481,56.2386161],[36.9976859,56.2399766],[36.9974141,56.241378],[36.9975393,56.2427859],[36.9980585,56.2441655],[36.998959,56.2454829],[37.0002185,56.2467056],[37.0018062,56.2478036],[37.0036829,56.2487497],[37.0058025,56.2495207],[37.0081127,56.2500976],[37.0105565,56.2504661],[37.0130739,56.2506172],[37.0156027,56.2505471],[37.0180807,56.2502576],[37.0204468,56.2497559],[37.0226426,56.2490542],[37.0246142,56.2481698],[37.0263129,56.2471247],[37.027697,56.2459444],[37.0287323,56.244658],[37.0293935,56.2432974],[37.0296642,56.2418959]]]},"properties":{"kind":"restriction","id":"UUP_���24-2928_1","name":"UUP_���24-2928_1","zone_type":"prohibited","alt":{"lower_m":0.0,"lower_ref":"GND","upper_m":null,"upper_ref":"AMSL","raw":""},"source":"Московская зона.kml"}},{"type":"Feature","geometry":{"type":"Polygon","coordinates":[[[37.4108571,55.6888639],[37.4107184,55.6874562],[37.4101916,55.6860782],[37.4092897,55.6847637],[37.408035,55.6835451],[37.4064584,55.6824523],[37.4045988,55.6815123],[37.4025018,55.6807482],[37.4002192,55.6801788],[37.3978071,55.6798182],[37.3953249,55.6796751],[37.3928336,55.6797532],[37.3903946,55.6800504],[37.3880678,55.6805595],[37.3859106,55.681268],[37.383976,55.6821584],[37.3823117,55.6832088],[37.3809586,55.6843933],[37.37995,55.6856828],[37.379311,55.6870456],[37.3790571,55.6884481],[37.3791947,55.6898557],[37.3797205,55.6912339],[37.3806215,55.6925486],[37.3818756,55.6937675],[37.3834519,55.6948606],[37.3853117,55.6958009],[37.3874091,55.6965653],[37.3896925,55.6971349],[37.3921056,55.6974957],[37.3945889,55.6976389],[37.3970813,55.6975608],[37.3995214,55.6972634],[37.401849,55.6967541],[37.4040068,55.6960454],[37.4059416,55.6951547],[37.4076059,55.694104],[37.4089585,55.6929191],[37.4099663,55.6916293],[37.4106044,55.6902664],[37.4108571,55.6888639]]]},"properties":{"kind":"restriction","id":"���","name":"���","zone_type":"prohibited","alt":{"lower_m":0.0,"lower_ref":"GND","upper_m":null,"upper_ref":"AMSL","raw":""},"source":"Московская зона.kml"}},{"type":"Feature","geometry":{"type":"Polygon","coordinates":[[[37.0337688,56.2195603],[37.0336423,56.2181524],[37.0331222,56.216773],[37.0322212,56.2154558],[37.0309616,56.2142334],[37.0293745,56.2131358],[37.0274988,56.2121901],[37.0253809,56.2114195],[37.0230727,56.2108429],[37.0206313,56.2104747],[37.0181165,56.2103237],[37.0155903,56.2103939],[37.0131149,56.2106833],[37.0107512,56.211185],[37.0085573,56.2118865],[37.0065872,56.2127706],[37.0048895,56.2138155],[37.0035059,56.2149955],[37.0024706,56.2162817],[37.001809,56.2176422],[37.0015374,56.2190436],[37.0016627,56.2204515],[37.0021818,56.2218311],[37.0030819,56.2231485],[37.0043409,56.2243711],[37.0059278,56.2254691],[37.0078035,56.2264151],[37.0099219,56.227186],[37.0122308,56.2277628],[37.0146733,56.2281312],[37.0171892,56.2282822],[37.0197166,56.2282121],[37.0221931,56.2279225],[37.0245577,56.2274207],[37.0267522,56.2267189],[37.0287226,56.2258345],[37.0304202,56.2247892],[37.0318033,56.2236089],[37.0328379,56.2223225],[37.0334985,56.2209618],[37.0337688,56.2195603]]]},"properties":{"kind":"restriction","id":"UUP_���24-2928_2","name":"UUP_���24-2928_2","zone_type":"prohibited","alt":{"lower_m":0.0,"lower_ref":"GND","upper_m":null,"upper_ref":"AMSL","raw":""},"source":"Московская зона.kml"}},{"type":"Feature","geometry":{"type":"Polygon","coordinates":[[[38.167961,54.8873257],[38.1677166,54.8852152],[38.1669026,54.8831528],[38.1655391,54.8811891],[38.1636598,54.8793726],[38.1613109,54.8777479],[38.1585503,54.876355],[38.155446,54.8752282],[38.1520744,54.8743952],[38.1485184,54.8738765],[38.1448655,54.8736849],[38.1412056,54.8738251],[38.1376288,54.8742935],[38.1342229,54.8750788],[38.1310719,54.8761616],[38.1282531,54.8775152],[38.1258362,54.8791063],[38.1238805,54.8808958],[38.1224342,54.8828397],[38.1215331,54.88489],[38.1211993,54.8869964],[38.1214413,54.889107],[38.1222531,54.8911697],[38.1236149,54.8931339],[38.125493,54.894951],[38.1278415,54.8965764],[38.1306024,54.89797],[38.1337077,54.8990974],[38.137081,54.8999309],[38.1406391,54.9004499],[38.1442944,54.9006417],[38.1479567,54.9005014],[38.1515358,54.9000327],[38.1549434,54.8992469],[38.1580956,54.8981636],[38.1609148,54.8968093],[38.1633315,54.8952174],[38.1652861,54.8934273],[38.1667307,54.8914829],[38.1676297,54.8894322],[38.167961,54.8873257]]]},"properties":{"kind":"restriction","id":"Ступино","name":"Ступино","zone_type":"prohibited","alt":{"lower_m":0.0,"lower_ref":"GND","upper_m":null,"upper_ref":"AMSL","raw":"Уточнить, в фз 172 нет"},"source":"Московская зона.kml"}},{"type":"Feature","geometry":{"type":"Polygon","coordinates":[[[34.9411111,53.155],[34.9502778,53.1538889],[34.9622222,53.1452778],[34.9711111,53.1369444],[34.9616667,53.1302778],[34.9519445,53.1325],[34.9469444,53.1383334],[34.9416667,53.1394445],[34.9366666,53.1425],[34.9363889,53.1519444],[34.9411111,53.155]]]},"properties":{"kind":"restriction","id":"UUR205","name":"UUR205","zone_type":"permanent","alt":{"lower_m":0.0,"lower_ref":"GND","upper_m":1400.0,"upper_ref":"AMSL","raw":"От земли до 1400 м (4600 фут) AMSL"},"source":"Московская зона.kml"}},{"type":"Feature","geometry":{"type":"Polygon","coordinates":[[[36.9397222,54.8977778],[36.8747222,54.9016666],[36.8333333,54.9097222],[36.795,54.9216667],[36.7608334,54.9372222],[36.7319444,54.9561111],[36.7088889,54.9772222],[36.6927778,55.0005556],[36.6825,55.0377778],[36.685,55.0627778],[36.695,55.0872222],[36.7125,55.1102778],[36.7508333,55.1405555],[36.7836111,55.1572222],[36.8411111,55.1755555],[36.8833334,55.1827778],[36.9269444,55.1855556],[36.9708333,55.1838889],[37.0338889,55.1736111],[37.0725,55.1613889],[37.1066667,55.1458334],[37.1477778,55.1166667],[37.1672222,55.0941667],[37.1794444,55.07],[37.1844444,55.045],[37.1772223,55.0077778],[37.1630555,54.9838889],[37.15,54.9688889],[37.15,54.9391667],[37.15,54.9094444],[37.15,54.8797222],[37.15,54.85],[37.0974773,54.8619785],[37.0449234,54.8739343],[36.9923384,54.8858674],[36.9397222,54.8977778]]]},"properties":{"kind":"restriction","id":"UUR252","name":"UUR252","zone_type":"permanent","alt":{"lower_m":0.0,"lower_ref":"GND","upper_m":4500.0,"upper_ref":"AMSL","raw":"От земли до 4500 м (14800 фут) AMSL\n\nНе распространяется на воздушные суда, выполняющие полеты (перелеты) по стандартным маршрутам вылета, прилета, схемам захода на посадку, в том числе при уходе на второй круг с/на аэродромы Московского узлового диспетчерского района Москва (Домодедово), Москва (Внуково), Москва (Шереметьево), Кубинка, Раменское, Ермолино. Для аэродрома Ермолино и посадочной площадки Ермолино (Авиазапчасть) маневрирование в зоне UUR252 ограничить кривой, урезающей зону, образованной точками 550612с 0364222в, 550609с 0364919в, 551103с 0365806в. Полеты воздушных судов по траекториям, задаваемым органом ОВД для аэродромов Москва (Домодедово), Москва (Внуково), Москва (Шереметьево), Кубинка, Раменское, Ермолино разрешаются при согласовании с Государственным комплексом \"Таруса\" Федеральной службы охраны Российской Федерации."},"source":"Московская зона.kml","notes":"Не распространяется на воздушные суда, выполняющие полеты (перелеты) по стандартным маршрутам вылета, прилета, схемам захода на посадку, в том числе при уходе на второй круг с/на аэродромы Московского узлового диспетчерского района Москва (Домодедово), Москва (Внуково), Москва (Шереметьево), Кубинка, Раменское, Ермолино. Для аэродрома Ермолино и посадочной площадки Ермолино (Авиазапчасть) маневрирование в зоне UUR252 ограничить кривой, урезающей зону, образованной точками 550612с 0364222в, 550609с 0364919в, 551103с 0365806в. Полеты воздушных судов по траекториям, задаваемым органом ОВД для аэродромов Москва (Домодедово), Москва (Внуково), Москва (Шереметьево), Кубинка, Раменское, Ермолино разрешаются при согласовании с Государственным комплексом \"Таруса\" Федеральной службы охраны Российской Федерации."}},{"type":"Feature","geometry":{"type":"Polygon","coordinates":[[[36.9036111,55.7875],[37.285,55.8538889],[37.38,55.7955556],[37.3694445,55.78],[37.3691666,55.735],[37.4233333,55.6777778],[37.005,55.595],[36.9333333,55.69],[36.9036111,55.7875]]]},"properties":{"kind":"restriction","id":"UUR276","name":"UUR276","zone_type":"permanent","alt":{"lower_m":0.0,"lower_ref":"GND","upper_m":8100.0,"upper_ref":"AMSL","raw":"От земли до 8100 м (26500 фут) AMSL\n\nИсключая границы запретных зон UUP52 и UUP425. Не распространяется на воздушные суда, выполняющие полеты (перелеты) с/на аэродромы Москва (Внуково), Москва (Шереметьево), Остафьево, Кубинка, Ермолино, на воздушные суда, выполняющие полеты (перелеты) с/на вертодром и посадочные площадки, информация о которых опубликована в Сборнике аэронавигационной информации Российской Федерации, на пилотируемые воздушные суда и беспилотные воздушные суда Федеральной службы безопасности Российской Федерации и Федеральной службы охраны Российской Федерации, по траекториям, задаваемым органом ОВД, по маршрутам ОВД"},"source":"Московская зона.kml","notes":"Исключая границы запретных зон UUP52 и UUP425. Не распространяется на воздушные суда, выполняющие полеты (перелеты) с/на аэродромы Москва (Внуково), Москва (Шереметьево), Остафьево, Кубинка, Ермолино, на воздушные суда, выполняющие полеты (перелеты) с/на вертодром и посадочные площадки, информация о которых опубликована в Сборнике аэронавигационной информации Российской Федерации, на пилотируемые воздушные суда и беспилотные воздушные суда Федеральной службы безопасности Российской Федерации и Федеральной службы охраны Российской Федерации, по траекториям, задаваемым органом ОВД, по маршрутам ОВД"}},{"type":"Feature","geometry":{"type":"Polygon","coordinates":[[[38.0483333,55.6272222],[38.0519445,55.6241667],[38.0463889,55.6211111],[38.0411111,55.6213889],[38.0358333,55.6227778],[38.0361111,55.6241667],[38.0405555,55.6255555],[38.0483333,55.6272222]]]},"properties":{"kind":"restriction","id":"UUR278","name":"UUR278","zone_type":"permanent","alt":{"lower_m":0.0,"lower_ref":"GND","upper_m":200.0,"upper_ref":"AGL","raw":"От земли до 200 м (700 фут) AGL"},"source":"Московская зона.kml"}},{"type":"Feature","geometry":{"type":"Polygon","coordinates":[[[43.4,56.7115684],[43.4127717,56.7110149],[43.4252278,56.7093682],[43.4370607,56.7066689],[43.4479781,56.7029837],[43.4577108,56.6984036],[43.4660189,56.6930418],[43.472698,56.6870304],[43.4775841,56.6805179],[43.4805578,56.6736648],[43.4815467,56.66664],[43.4805278,56.6596164],[43.4775271,56.6527671],[43.4726195,56.6462604],[43.4659266,56.6402565],[43.4576138,56.6349028],[43.447886,56.630331],[43.4369823,56.6266532],[43.4251709,56.6239597],[43.4127418,56.6223168],[43.4,56.6217646],[43.3872582,56.6223168],[43.3748291,56.6239597],[43.3630177,56.6266532],[43.352114,56.630331],[43.3423862,56.6349028],[43.3340734,56.6402565],[43.3273805,56.6462604],[43.3224729,56.6527671],[43.3194722,56.6596164],[43.3184533,56.66664],[43.3194422,56.6736648],[43.3224159,56.6805179],[43.327302,56.6870304],[43.3339811,56.6930418],[43.3422892,56.6984036],[43.3520219,56.7029837],[43.3629393,56.7066689],[43.3747722,56.7093682],[43.3872283,56.7110149],[43.4,56.7115684]]]},"properties":{"kind":"restriction","id":"UUR279","name":"UUR279","zone_type":"permanent","alt":{"lower_m":0.0,"lower_ref":"GND","upper_m":3657.6,"upper_ref":"AMSL","raw":"От земли до FL120"},"source":"Московская зона.kml"}},{"type":"Feature","geometry":{"type":"Polygon","coordinates":[[[37.8972222,55.792315],[37.8997161,55.7922044],[37.9021486,55.7918753],[37.9044596,55.7913359],[37.9065924,55.7905993],[37.9084943,55.7896838],[37.9101184,55.7886119],[37.9114249,55.7874101],[37.9123816,55.7861079],[37.912965,55.7847374],[37.9131607,55.7833323],[37.9129638,55.7819273],[37.9123795,55.7805569],[37.911422,55.7792549],[37.9101149,55.7780533],[37.9084906,55.7769818],[37.9065889,55.7760667],[37.9044566,55.7753304],[37.9021464,55.7747911],[37.899715,55.7744622],[37.8972222,55.7743516],[37.8947295,55.7744622],[37.892298,55.7747911],[37.8899878,55.7753304],[37.8878556,55.7760667],[37.8859538,55.7769818],[37.8843295,55.7780533],[37.8830225,55.7792549],[37.8820649,55.7805569],[37.8814806,55.7819273],[37.8812838,55.7833323],[37.8814794,55.7847374],[37.8820628,55.7861079],[37.8830195,55.7874101],[37.884326,55.7886119],[37.8859502,55.7896838],[37.8878521,55.7905993],[37.8899849,55.7913359],[37.8922959,55.7918753],[37.8947283,55.7922044],[37.8972222,55.792315]]]},"properties":{"kind":"restriction","id":"UUR280","name":"UUR280","zone_type":"permanent","alt":{"lower_m":0.0,"lower_ref":"GND","upper_m":450.0,"upper_ref":"AMSL","raw":"От земли до 450 м (1500 фут) AMSL"},"source":"Московская зона.kml"}},{"type":"Feature","geometry":{"type":"Polygon","coordinates":[[[36.845,55.9243611],[36.8457507,55.9243279],[36.846483,55.9242292],[36.8471786,55.9240674],[36.8478207,55.9238465],[36.8483933,55.9235719],[36.8488823,55.9232503],[36.8492757,55.9228898],[36.8495638,55.9224992],[36.8497395,55.9220881],[36.8497985,55.9216665],[36.8497394,55.9212451],[36.8495636,55.9208339],[36.8492755,55.9204433],[36.848882,55.9200828],[36.848393,55.9197613],[36.8478204,55.9194868],[36.8471783,55.9192659],[36.8464828,55.9191041],[36.8457506,55.9190054],[36.845,55.9189722],[36.8442494,55.9190054],[36.8435173,55.9191041],[36.8428217,55.9192659],[36.8421797,55.9194868],[36.8416071,55.9197613],[36.841118,55.9200828],[36.8407246,55.9204433],[36.8404364,55.9208339],[36.8402606,55.9212451],[36.8402015,55.9216665],[36.8402605,55.9220881],[36.8404362,55.9224992],[36.8407243,55.9228898],[36.8411178,55.9232503],[36.8416067,55.9235719],[36.8421793,55.9238465],[36.8428214,55.9240674],[36.8435171,55.9242292],[36.8442493,55.9243279],[36.845,55.9243611]]]},"properties":{"kind":"restriction","id":"UUR281","name":"UUR281","zone_type":"permanent","alt":{"lower_m":0.0,"lower_ref":"GND","upper_m":450.0,"upper_ref":"AMSL","raw":"От земли до 450 м (1500 фут) AMSL"},"source":"Московская зона.kml"}},{"type":"Feature","geometry":{"type":"Polygon","coordinates":[[[35.6241666,53.5236111],[35.7486112,53.4213889],[35.1747223,53.1186111],[35.1069445,53.2566667],[35.6241666,53.5236111]]]},"properties":{"kind":"restriction","id":"UUR282","name":"UUR282","zone_type":"permanent","alt":{"lower_m":0.0,"lower_ref":"GND","upper_m":500.0,"upper_ref":"AGL","raw":"От земли до 500 м (1700 фyт) AGL\n\nНе распространяется на воздушные суда, выполняющие полеты (перелеты) по МВЛ"},"source":"Московская зона.kml","notes":"Не распространяется на воздушные суда, выполняющие полеты (перелеты) по МВЛ"}},{"type":"Feature","geometry":{"type":"Polygon","coordinates":[[[40.2075,49.450658],[40.2096574,49.4505473],[40.2117617,49.4502179],[40.213761,49.4496778],[40.2156061,49.4489405],[40.2172514,49.4480241],[40.2186566,49.4469511],[40.2197869,49.445748],[40.2206147,49.4444444],[40.2211195,49.4430725],[40.2212888,49.4416659],[40.2211187,49.4402594],[40.2206132,49.4388875],[40.2197849,49.4375841],[40.2186542,49.4363812],[40.2172489,49.4353085],[40.2156036,49.4343922],[40.213759,49.4336552],[40.2117603,49.4331154],[40.2096567,49.432786],[40.2075,49.4326754],[40.2053434,49.432786],[40.2032398,49.4331154],[40.2012411,49.4336552],[40.1993964,49.4343922],[40.1977512,49.4353085],[40.1963458,49.4363812],[40.1952151,49.4375841],[40.1943869,49.4388875],[40.1938814,49.4402594],[40.1937113,49.4416659],[40.1938806,49.4430725],[40.1943854,49.4444444],[40.1952131,49.445748],[40.1963435,49.4469511],[40.1977486,49.4480241],[40.199394,49.4489405],[40.201239,49.4496778],[40.2032383,49.4502179],[40.2053426,49.4505473],[40.2075,49.450658]]]},"properties":{"kind":"restriction","id":"UUR284","name":"UUR284","zone_type":"permanent","alt":{"lower_m":0.0,"lower_ref":"GND","upper_m":500.0,"upper_ref":"AGL","raw":"От земли до 500 м (1700 фyт) AGL\n\nНе распространяется на воздушные суда государственной авиации и на воздушные суда, выполняющие полеты (перелеты) под литерами \"А\", \"К\""},"source":"Московская зона.kml","notes":"Не распространяется на воздушные суда государственной авиации и на воздушные суда, выполняющие полеты (перелеты) под литерами \"А\", \"К\""}},{"type":"Feature","geometry":{"type":"Polygon","coordinates":[[[38.1786111,56.4358333],[38.1977778,56.4344444],[38.2025,56.4302778],[38.2016667,56.4244445],[38.1844444,56.4233333],[38.17,56.4197222],[38.1630555,56.4308333],[38.1786111,56.4358333]]]},"properties":{"kind":"restriction","id":"UUR285","name":"UUR285","zone_type":"permanent","alt":{"lower_m":0.0,"lower_ref":"GND","upper_m":500.0,"upper_ref":"AGL","raw":"От земли до 500 м (1700 фyт) AGL\n\nНе распространяется на воздушные суда государственной авиации и на воздушные суда, выполняющие полеты (перелеты) с/на аэродром Чкаловский и посадочную площадку Пересвет"},"source":"Московская зона.kml","notes":"Не распространяется на воздушные суда государственной авиации и на воздушные суда, выполняющие полеты (перелеты) с/на аэродром Чкаловский и посадочную площадку Пересвет"}},{"type":"Feature","geometry":{"type":"Polygon","coordinates":[[[32.3583333,54.3218091],[32.3619395,54.3216432],[32.3654568,54.3211493],[32.3687985,54.3203399],[32.3718824,54.3192347],[32.3746324,54.3178611],[32.3769807,54.3162528],[32.3788695,54.3144495],[32.3802526,54.3124956],[32.3810957,54.3104393],[32.3813783,54.3083311],[32.3810934,54.3062231],[32.3802482,54.3041671],[32.3788634,54.3022137],[32.3769735,54.300411],[32.3746248,54.2988034],[32.3718753,54.2974304],[32.3687925,54.2963258],[32.3654524,54.2955169],[32.3619372,54.2950234],[32.3583333,54.2948575],[32.3547295,54.2950234],[32.3512143,54.2955169],[32.3478742,54.2963258],[32.3447914,54.2974304],[32.3420419,54.2988034],[32.3396932,54.300411],[32.3378032,54.3022137],[32.3364185,54.3041671],[32.3355733,54.3062231],[32.3352884,54.3083311],[32.3355709,54.3104393],[32.3364141,54.3124956],[32.3377971,54.3144495],[32.339686,54.3162528],[32.3420343,54.3178611],[32.3447843,54.3192347],[32.3478681,54.3203399],[32.3512099,54.3211493],[32.3547271,54.3216432],[32.3583333,54.3218091]]]},"properties":{"kind":"restriction","id":"UUR286","name":"UUR286","zone_type":"permanent","alt":{"lower_m":0.0,"lower_ref":"GND","upper_m":3657.6,"upper_ref":"AMSL","raw":"От земли до FL120"},"source":"Московская зона.kml"}},{"type":"Feature","geometry":{"type":"Polygon","coordinates":[[[36.4880555,54.1408334],[36.495,54.1358333],[36.4752778,54.1327778],[36.4538889,54.1377778],[36.4880555,54.1408334]]]},"properties":{"kind":"restriction","id":"UUR287","name":"UUR287","zone_type":"permanent","alt":{"lower_m":0.0,"lower_ref":"GND","upper_m":300.0,"upper_ref":"AGL","raw":"От земли до 300 м (1000 фyт) AGL\n\nНе распространяется на воздушные суда государственной авиации"},"source":"Московская зона.kml","notes":"Не распространяется на воздушные суда государственной авиации"}},{"type":"Feature","geometry":{"type":"Polygon","coordinates":[[[38.7494444,56.1227308],[38.7557324,56.1224542],[38.7618654,56.1216312],[38.767692,56.1202822],[38.7730685,56.1184404],[38.7778626,56.1161512],[38.7819561,56.113471],[38.7852481,56.1104661],[38.7876579,56.1072103],[38.7891262,56.1037838],[38.7896172,56.1002713],[38.789119,56.096759],[38.7876442,56.0933335],[38.7852292,56.0900791],[38.7819338,56.0870759],[38.7778392,56.0843978],[38.7730463,56.0821106],[38.767673,56.0802706],[38.7618517,56.078923],[38.7557252,56.078101],[38.7494444,56.0778247],[38.7431636,56.078101],[38.7370371,56.078923],[38.7312158,56.0802706],[38.7258425,56.0821106],[38.7210496,56.0843978],[38.716955,56.0870759],[38.7136597,56.0900791],[38.7112446,56.0933335],[38.7097698,56.096759],[38.7092716,56.1002713],[38.7097626,56.1037838],[38.7112309,56.1072103],[38.7136407,56.1104661],[38.7169328,56.113471],[38.7210262,56.1161512],[38.7258203,56.1184404],[38.7311968,56.1202822],[38.7370234,56.1216312],[38.7431564,56.1224542],[38.7494444,56.1227308]]]},"properties":{"kind":"restriction","id":"UUR288","name":"UUR288","zone_type":"permanent","alt":{"lower_m":0.0,"lower_ref":"GND","upper_m":1200.0,"upper_ref":"AMSL","raw":"От земли до 1200 м (4000 фут) AMSL"},"source":"Московская зона.kml"}},{"type":"Feature","geometry":{"type":"Polygon","coordinates":[[[41.4636112,56.1788878],[41.4711678,56.1785558],[41.478538,56.1775682],[41.4855398,56.1759492],[41.4920008,56.1737388],[41.4977615,56.1709915],[41.5026801,56.1677752],[41.5066355,56.164169],[41.5095305,56.1602619],[41.5112941,56.1561501],[41.5118832,56.151935],[41.5112837,56.1477204],[41.5095107,56.14361],[41.5066082,56.1397049],[41.502648,56.1361014],[41.4977277,56.1328879],[41.4919687,56.1301435],[41.4855125,56.1279357],[41.4785182,56.1263188],[41.4711574,56.1253325],[41.4636112,56.125001],[41.4560649,56.1253325],[41.4487041,56.1263188],[41.4417098,56.1279357],[41.4352536,56.1301435],[41.4294946,56.1328879],[41.4245743,56.1361014],[41.4206141,56.1397049],[41.4177116,56.14361],[41.4159386,56.1477204],[41.4153391,56.151935],[41.4159282,56.1561501],[41.4176918,56.1602619],[41.4205868,56.164169],[41.4245422,56.1677752],[41.4294608,56.1709915],[41.4352215,56.1737388],[41.4416825,56.1759492],[41.4486843,56.1775682],[41.4560545,56.1785558],[41.4636112,56.1788878]]]},"properties":{"kind":"restriction","id":"UUR289","name":"UUR289","zone_type":"permanent","alt":{"lower_m":0.0,"lower_ref":"GND","upper_m":1200.0,"upper_ref":"AMSL","raw":"От земли до 1200 м (4000 фут) AMSL"},"source":"Московская зона.kml"}},{"type":"Feature","geometry":{"type":"Polygon","coordinates":[[[31.6905556,56.5381176],[31.6984378,56.5377746],[31.7061256,56.536754],[31.7134292,56.5350811],[31.7201685,56.5327971],[31.7261774,56.5299584],[31.7313077,56.5266349],[31.7354333,56.5229087],[31.7384528,56.5188715],[31.7402921,56.5146229],[31.7409062,56.5102676],[31.7402807,56.5059127],[31.738431,56.5016656],[31.7354034,56.4976306],[31.7312726,56.4939072],[31.7261405,56.4905869],[31.7201334,56.4877513],[31.7133994,56.4854701],[31.706104,56.4837994],[31.6984264,56.4827803],[31.6905556,56.4824378],[31.6826847,56.4827803],[31.6750072,56.4837994],[31.6677118,56.4854701],[31.6609777,56.4877513],[31.6549707,56.4905869],[31.6498385,56.4939072],[31.6457077,56.4976306],[31.6426801,56.5016656],[31.6408305,56.5059127],[31.6402049,56.5102676],[31.6408191,56.5146229],[31.6426584,56.5188715],[31.6456779,56.5229087],[31.6498035,56.5266349],[31.6549338,56.5299584],[31.6609426,56.5327971],[31.667682,56.5350811],[31.6749855,56.536754],[31.6826733,56.5377746],[31.6905556,56.5381176]]]},"properties":{"kind":"restriction","id":"UUR290","name":"UUR290","zone_type":"permanent","alt":{"lower_m":0.0,"lower_ref":"GND","upper_m":1200.0,"upper_ref":"AMSL","raw":"От земли до 1200 м (4000 фут) AMSL"},"source":"Московская зона.kml"}},{"type":"Feature","geometry":{"type":"Polygon","coordinates":[[[34.1194444,53.4096371],[34.1241492,53.4094158],[34.1287379,53.4087572],[34.1330977,53.4076776],[34.1371208,53.4062038],[34.1407082,53.4043718],[34.1437715,53.4022269],[34.1462354,53.399822],[34.1480392,53.3972164],[34.1491388,53.3944741],[34.1495069,53.3916629],[34.1491348,53.3888518],[34.1480319,53.38611],[34.1462252,53.3835052],[34.1437595,53.3811014],[34.1406955,53.3789577],[34.1371087,53.3771269],[34.1330874,53.375654],[34.1287305,53.3745753],[34.1241453,53.3739173],[34.1194444,53.3736961],[34.1147435,53.3739173],[34.1101584,53.3745753],[34.1058014,53.375654],[34.1017801,53.3771269],[34.0981933,53.3789577],[34.0951294,53.3811014],[34.0926637,53.3835052],[34.090857,53.38611],[34.089754,53.3888518],[34.0893819,53.3916629],[34.0897501,53.3944741],[34.0908496,53.3972164],[34.0926534,53.399822],[34.0951173,53.4022269],[34.0981807,53.4043718],[34.1017681,53.4062038],[34.1057912,53.4076776],[34.1101509,53.4087572],[34.1147397,53.4094158],[34.1194444,53.4096371]]]},"properties":{"kind":"restriction","id":"UUR292","name":"UUR292","zone_type":"permanent","alt":{"lower_m":0.0,"lower_ref":"GND","upper_m":500.0,"upper_ref":"AGL","raw":"От земли до 500 м (1700 фут) AGL"},"source":"Московская зона.kml"}},{"type":"Feature","geometry":{"type":"Polygon","coordinates":[[[36.1213889,58.5713889],[36.1697222,58.5475],[36.1269444,58.5277778],[36.0741666,58.5486111],[36.1213889,58.5713889]]]},"properties":{"kind":"restriction","id":"UUR293","name":"UUR293","zone_type":"permanent","alt":{"lower_m":0.0,"lower_ref":"GND","upper_m":500.0,"upper_ref":"AMSL","raw":"От земли до 500 м (1700 фут) AMSL\n\nHe распространяется на воздушные суда, выполняющие полеты (перелеты) под литерами \"А\" и \"К\""},"source":"Московская зона.kml","notes":"He распространяется на воздушные суда, выполняющие полеты (перелеты) под литерами \"А\" и \"К\""}},{"type":"Feature","geometry":{"type":"Polygon","coordinates":[[[32.4052778,54.5519444],[32.4283333,54.5263889],[32.3808334,54.5163889],[32.3638889,54.5419445],[32.4052778,54.5519444]]]},"properties":{"kind":"restriction","id":"UUR294","name":"UUR294","zone_type":"permanent","alt":{"lower_m":0.0,"lower_ref":"GND","upper_m":500.0,"upper_ref":"AMSL","raw":"От земли до 500 м (1700 фут) AMSL\n\nHe распространяется на воздушные суда, выполняющие полеты (перелеты) под литерами \"А\" и \"К\""},"source":"Московская зона.kml","notes":"He распространяется на воздушные суда, выполняющие полеты (перелеты) под литерами \"А\" и \"К\""}},{"type":"Feature","geometry":{"type":"Polygon","coordinates":[[[32.1902778,56.5527778],[32.2013889,56.5266667],[32.1508334,56.5216667],[32.1433333,56.5463889],[32.1902778,56.5527778]]]},"properties":{"kind":"restriction","id":"UUR295","name":"UUR295","zone_type":"permanent","alt":{"lower_m":0.0,"lower_ref":"GND","upper_m":500.0,"upper_ref":"AMSL","raw":"От земли до 500 м (1700 фут) AMSL\n\nHe распространяется на воздушные суда, выполняющие полеты (перелеты) под литерами \"А\" и \"К\""},"source":"Московская зона.kml","notes":"He распространяется на воздушные суда, выполняющие полеты (перелеты) под литерами \"А\" и \"К\""}},{"type":"Feature","geometry":{"type":"Polygon","coordinates":[[[39.8405556,57.5608333],[39.88,57.5388889],[39.8402778,57.5177778],[39.7963889,57.5388889],[39.8405556,57.5608333]]]},"properties":{"kind":"restriction","id":"UUR296","name":"UUR296","zone_type":"permanent","alt":{"lower_m":0.0,"lower_ref":"GND","upper_m":500.0,"upper_ref":"AMSL","raw":"От земли до 500 м (1700 фут) AMSL\n\nHe распространяется на воздушные суда, выполняющие полеты (перелеты) под литерами \"А\" и \"К\""},"source":"Московская зона.kml","notes":"He распространяется на воздушные суда, выполняющие полеты (перелеты) под литерами \"А\" и \"К\""}},{"type":"Feature","geometry":{"type":"Polygon","coordinates":[[[39.7175,57.5933333],[39.7727778,57.5952778],[39.7763889,57.5663889],[39.7222222,57.5625],[39.7175,57.5933333]]]},"properties":{"kind":"restriction","id":"UUR297","name":"UUR297","zone_type":"permanent","alt":{"lower_m":0.0,"lower_ref":"GND","upper_m":500.0,"upper_ref":"AMSL","raw":"От земли до 500 м (1700 фут) AMSL\n\nHe распространяется на воздушные суда, выполняющие полеты (перелеты) под литерами \"А\" и \"К\""},"source":"Московская зона.kml","notes":"He распространяется на воздушные суда, выполняющие полеты (перелеты) под литерами \"А\" и \"К\""}},{"type":"Feature","geometry":{"type":"Polygon","coordinates":[[[39.6261111,57.3938889],[39.6641667,57.3819444],[39.6369444,57.3533333],[39.5936111,57.3652778],[39.6261111,57.3938889]]]},"properties":{"kind":"restriction","id":"UUR298","name":"UUR298","zone_type":"permanent","alt":{"lower_m":0.0,"lower_ref":"GND","upper_m":500.0,"upper_ref":"AMSL","raw":"От земли до 500 м (1700 фут) AMSL\n\nHe распространяется на воздушные суда, выполняющие полеты (перелеты) под литерами \"А\" и \"К\""},"source":"Московская зона.kml","notes":"He распространяется на воздушные суда, выполняющие полеты (перелеты) под литерами \"А\" и \"К\""}},{"type":"Feature","geometry":{"type":"Polygon","coordinates":[[[38.3794444,57.7547222],[38.4305556,57.7425],[38.4088889,57.7191666],[38.3558334,57.7297222],[38.3794444,57.7547222]]]},"properties":{"kind":"restriction","id":"UUR299","name":"UUR299","zone_type":"permanent","alt":{"lower_m":0.0,"lower_ref":"GND","upper_m":500.0,"upper_ref":"AMSL","raw":"От земли до 500 м (1700 фут) AMSL\n\nHe распространяется на воздушные суда, выполняющие полеты (перелеты) под литерами \"А\" и \"К\""},"source":"Московская зона.kml","notes":"He распространяется на воздушные суда, выполняющие полеты (перелеты) под литерами \"А\" и \"К\""}},{"type":"Feature","geometry":{"type":"Polygon","coordinates":[[[37.8861111,57.9905555],[37.9330556,57.9825],[37.9172222,57.9538889],[37.8680555,57.9619445],[37.8861111,57.9905555]]]},"properties":{"kind":"restriction","id":"UUR300","name":"UUR300","zone_type":"permanent","alt":{"lower_m":0.0,"lower_ref":"GND","upper_m":500.0,"upper_ref":"AMSL","raw":"От земли до 500 м (1700 фут) AMSL\n\nHe распространяется на воздушные суда, выполняющие полеты (перелеты) под литерами \"А\" и \"К\""},"source":"Московская зона.kml","notes":"He распространяется на воздушные суда, выполняющие полеты (перелеты) под литерами \"А\" и \"К\""}},{"type":"Feature","geometry":{"type":"Polygon","coordinates":[[[38.1272222,57.9233333],[38.165,57.9041667],[38.1302778,57.8855555],[38.0911111,57.9047222],[38.1272222,57.9233333]]]},"properties":{"kind":"restriction","id":"UUR301","name":"UUR301","zone_type":"permanent","alt":{"lower_m":0.0,"lower_ref":"GND","upper_m":500.0,"upper_ref":"AMSL","raw":"От земли до 500 м (1700 фут) AMSL\n\nHe распространяется на воздушные суда, выполняющие полеты (перелеты) под литерами \"А\" и \"К\""},"source":"Московская зона.kml","notes":"He распространяется на воздушные суда, выполняющие полеты (перелеты) под литерами \"А\" и \"К\""}},{"type":"Feature","geometry":{"type":"Polygon","coordinates":[[[32.4116667,55.6181486],[32.4141495,55.618038],[32.4165711,55.6177089],[32.418872,55.6171694],[32.4209952,55.6164328],[32.4228887,55.6155174],[32.4245057,55.6144454],[32.4258064,55.6132435],[32.4267588,55.6119413],[32.4273396,55.6105707],[32.4275344,55.6091656],[32.4273385,55.6077606],[32.4267568,55.6063902],[32.4258035,55.6050882],[32.4245023,55.6038865],[32.422885,55.6028149],[32.4209918,55.6018998],[32.418869,55.6011635],[32.4165691,55.6006243],[32.4141484,55.6002953],[32.4116667,55.6001847],[32.409185,55.6002953],[32.4067643,55.6006243],[32.4044643,55.6011635],[32.4023415,55.6018998],[32.4004483,55.6028149],[32.3988311,55.6038865],[32.3975299,55.6050882],[32.3965766,55.6063902],[32.3959948,55.6077606],[32.3957989,55.6091656],[32.3959938,55.6105707],[32.3965745,55.6119413],[32.3975269,55.6132435],[32.3988277,55.6144454],[32.4004447,55.6155174],[32.4023381,55.6164328],[32.4044614,55.6171694],[32.4067622,55.6177089],[32.4091838,55.618038],[32.4116667,55.6181486]]]},"properties":{"kind":"restriction","id":"UUR302","name":"UUR302","zone_type":"permanent","alt":{"lower_m":0.0,"lower_ref":"GND","upper_m":500.0,"upper_ref":"AMSL","raw":"От земли до 500 м (1700 фут) AMSL"},"source":"Московская зона.kml"}},{"type":"Feature","geometry":{"type":"Polygon","coordinates":[[[36.7758333,56.7504986],[36.7789017,56.7503658],[36.7818945,56.749971],[36.784738,56.7493237],[36.787362,56.7484399],[36.7897019,56.7473414],[36.7917002,56.7460554],[36.7933075,56.7446134],[36.7944844,56.7430509],[36.795202,56.7414065],[36.7954425,56.7397207],[36.7952002,56.7380349],[36.7944811,56.7363908],[36.793303,56.7348287],[36.7916948,56.7333871],[36.7896963,56.7321014],[36.7873567,56.7310035],[36.7847335,56.7301201],[36.7818912,56.7294732],[36.7789,56.7290785],[36.7758333,56.7289459],[36.7727667,56.7290785],[36.7697755,56.7294732],[36.7669332,56.7301201],[36.76431,56.7310035],[36.7619704,56.7321014],[36.7599719,56.7333871],[36.7583637,56.7348287],[36.7571856,56.7363908],[36.7564665,56.7380349],[36.7562242,56.7397207],[36.7564647,56.7414065],[36.7571822,56.7430509],[36.7583591,56.7446134],[36.7599665,56.7460554],[36.7619648,56.7473414],[36.7643047,56.7484399],[36.7669287,56.7493237],[36.7697721,56.749971],[36.772765,56.7503658],[36.7758333,56.7504986]]]},"properties":{"kind":"restriction","id":"UUR303","name":"UUR303","zone_type":"permanent","alt":{"lower_m":0.0,"lower_ref":"GND","upper_m":1000.0,"upper_ref":"AMSL","raw":"От земли до 1000 м (3300 фут) AMSL"},"source":"Московская зона.kml"}},{"type":"Feature","geometry":{"type":"Polygon","coordinates":[[[46.0888889,56.4329614],[46.0939602,56.4327402],[46.0989064,56.432082],[46.1036057,56.4310029],[46.1079422,56.4295296],[46.1118089,56.4276985],[46.1151108,56.4255547],[46.1177664,56.423151],[46.1197105,56.4205466],[46.1208954,56.4178057],[46.1212919,56.4149958],[46.1208906,56.4121861],[46.1197015,56.4094458],[46.1177541,56.4068423],[46.1150962,56.4044397],[46.1117937,56.4022972],[46.1079277,56.4004673],[46.1035934,56.3989953],[46.0988974,56.3979172],[46.0939555,56.3972595],[46.0888889,56.3970385],[46.0838223,56.3972595],[46.0788803,56.3979172],[46.0741843,56.3989953],[46.0698501,56.4004673],[46.0659841,56.4022972],[46.0626815,56.4044397],[46.0600237,56.4068423],[46.0580762,56.4094458],[46.0568871,56.4121861],[46.0564858,56.4149958],[46.0568823,56.4178057],[46.0580672,56.4205466],[46.0600114,56.423151],[46.062667,56.4255547],[46.0659688,56.4276985],[46.0698355,56.4295296],[46.074172,56.4310029],[46.0788713,56.432082],[46.0838175,56.4327402],[46.0888889,56.4329614]]]},"properties":{"kind":"restriction","id":"UUR304","name":"UUR304","zone_type":"permanent","alt":{"lower_m":0.0,"lower_ref":"GND","upper_m":500.0,"upper_ref":"AMSL","raw":"От земли до 500 м (1700 фут) AMSL"},"source":"Московская зона.kml"}},{"type":"Feature","geometry":{"type":"Polygon","coordinates":[[[38.3108333,52.777139],[38.3154696,52.7769177],[38.3199916,52.7762591],[38.3242878,52.7751794],[38.3282524,52.7737053],[38.3317876,52.7718732],[38.3348064,52.7697281],[38.3372345,52.767323],[38.3390121,52.7647171],[38.3400956,52.7619745],[38.3404585,52.7591629],[38.3400918,52.7563516],[38.339005,52.7536095],[38.3372246,52.7510044],[38.3347948,52.7486003],[38.3317754,52.7464564],[38.3282408,52.7446254],[38.324278,52.7431524],[38.3199844,52.7420735],[38.3154659,52.7414154],[38.3108333,52.7411942],[38.3062008,52.7414154],[38.3016823,52.7420735],[38.2973887,52.7431524],[38.2934259,52.7446254],[38.2898913,52.7464564],[38.2868719,52.7486003],[38.2844421,52.7510044],[38.2826617,52.7536095],[38.2815749,52.7563516],[38.2812082,52.7591629],[38.2815711,52.7619745],[38.2826545,52.7647171],[38.2844322,52.767323],[38.2868603,52.7697281],[38.2898791,52.7718732],[38.2934143,52.7737053],[38.2973789,52.7751794],[38.3016751,52.7762591],[38.3061971,52.7769177],[38.3108333,52.777139]]]},"properties":{"kind":"restriction","id":"UUR305","name":"UUR305","zone_type":"permanent","alt":{"lower_m":0.0,"lower_ref":"GND","upper_m":500.0,"upper_ref":"AMSL","raw":"От земли до 500 м (1700 фут) AMSL"},"source":"Московская зона.kml"}},{"type":"Feature","geometry":{"type":"Polygon","coordinates":[[[36.0666667,53.1374157],[36.0713417,53.1371943],[36.0759014,53.1365358],[36.0802334,53.1354562],[36.0842311,53.1339822],[36.0877958,53.1321502],[36.0908397,53.1300052],[36.0932881,53.1276003],[36.0950805,53.1249945],[36.0961731,53.1222521],[36.0965389,53.1194407],[36.0961692,53.1166294],[36.0950732,53.1138876],[36.093278,53.1112826],[36.090828,53.1088787],[36.0877833,53.1067349],[36.0842192,53.104904],[36.0802233,53.1034311],[36.0758941,53.1023523],[36.0713378,53.1016943],[36.0666667,53.1014731],[36.0619955,53.1016943],[36.0574393,53.1023523],[36.05311,53.1034311],[36.0491141,53.104904],[36.0455501,53.1067349],[36.0425054,53.1088787],[36.0400554,53.1112826],[36.0382602,53.1138876],[36.0371641,53.1166294],[36.0367945,53.1194407],[36.0371603,53.1222521],[36.0382529,53.1249945],[36.0400453,53.1276003],[36.0424936,53.1300052],[36.0455376,53.1321502],[36.0491023,53.1339822],[36.0531,53.1354562],[36.057432,53.1365358],[36.0619917,53.1371943],[36.0666667,53.1374157]]]},"properties":{"kind":"restriction","id":"UUR306","name":"UUR306","zone_type":"permanent","alt":{"lower_m":0.0,"lower_ref":"GND","upper_m":500.0,"upper_ref":"AMSL","raw":"От земли до 500 м (1700 фут) AMSL"},"source":"Московская зона.kml"}},{"type":"Feature","geometry":{"type":"Polygon","coordinates":[[[32.0161111,52.5257509],[32.0207209,52.5255296],[32.025217,52.5248709],[32.0294887,52.5237912],[32.0334306,52.5223171],[32.0369456,52.5204849],[32.0399471,52.5183398],[32.0423614,52.5159345],[32.0441289,52.5133285],[32.0452062,52.5105858],[32.045567,52.5077741],[32.0452025,52.5049626],[32.0441218,52.5022204],[32.0423517,52.4996152],[32.0399357,52.497211],[32.0369336,52.495067],[32.0334192,52.4932359],[32.029479,52.4917628],[32.02521,52.4906839],[32.0207172,52.4900258],[32.0161111,52.4898046],[32.0115051,52.4900258],[32.0070123,52.4906839],[32.0027433,52.4917628],[31.9988031,52.4932359],[31.9952887,52.495067],[31.9922866,52.497211],[31.9898706,52.4996152],[31.9881005,52.5022204],[31.9870198,52.5049626],[31.9866553,52.5077741],[31.9870161,52.5105858],[31.9880934,52.5133285],[31.9898609,52.5159345],[31.9922752,52.5183398],[31.9952767,52.5204849],[31.9987917,52.5223171],[32.0027336,52.5237912],[32.0070053,52.5248709],[32.0115014,52.5255296],[32.0161111,52.5257509]]]},"properties":{"kind":"restriction","id":"UUR307","name":"UUR307","zone_type":"permanent","alt":{"lower_m":0.0,"lower_ref":"GND","upper_m":500.0,"upper_ref":"AMSL","raw":"От земли до 500 м (1700 фут) AMSL"},"source":"Московская зона.kml"}},{"type":"Feature","geometry":{"type":"Polygon","coordinates":[[[33.9941666,52.9921384],[33.9988259,52.9919171],[34.0033703,52.9912585],[34.0076878,52.9901789],[34.011672,52.9887049],[34.0152248,52.9868727],[34.0182586,52.9847278],[34.0206986,52.9823227],[34.0224851,52.9797169],[34.023574,52.9769744],[34.0239386,52.974163],[34.0235701,52.9713516],[34.0224779,52.9686097],[34.0206887,52.9660047],[34.0182468,52.9636007],[34.0152125,52.9614569],[34.0116602,52.9596259],[34.0076778,52.958153],[34.0033631,52.9570741],[33.9988221,52.9564161],[33.9941666,52.9561949],[33.9895112,52.9564161],[33.9849702,52.9570741],[33.9806554,52.958153],[33.976673,52.9596259],[33.9731208,52.9614569],[33.9700865,52.9636007],[33.9676446,52.9660047],[33.9658554,52.9686097],[33.9647632,52.9713516],[33.9643947,52.974163],[33.9647593,52.9769744],[33.9658481,52.9797169],[33.9676346,52.9823227],[33.9700747,52.9847278],[33.9731085,52.9868727],[33.9766613,52.9887049],[33.9806455,52.9901789],[33.9849629,52.9912585],[33.9895073,52.9919171],[33.9941666,52.9921384]]]},"properties":{"kind":"restriction","id":"UUR308","name":"UUR308","zone_type":"permanent","alt":{"lower_m":0.0,"lower_ref":"GND","upper_m":500.0,"upper_ref":"AMSL","raw":"От земли до 500 м (1700 фут) AMSL"},"source":"Московская зона.kml"}},{"type":"Feature","geometry":{"type":"Polygon","coordinates":[[[37.1980555,52.8582499],[37.2027004,52.8580285],[37.2072308,52.8573699],[37.2115351,52.8562903],[37.215507,52.8548162],[37.2190488,52.8529841],[37.2220732,52.8508391],[37.2245059,52.848434],[37.2262868,52.8458281],[37.2273723,52.8430856],[37.2277359,52.8402741],[37.2273685,52.8374627],[37.2262796,52.8347207],[37.2244959,52.8321156],[37.2220616,52.8297116],[37.2190366,52.8275677],[37.2154953,52.8257367],[37.2115251,52.8242637],[37.2072236,52.8231848],[37.2026967,52.8225268],[37.1980555,52.8223056],[37.1934144,52.8225268],[37.1888874,52.8231848],[37.1845859,52.8242637],[37.1806157,52.8257367],[37.1770745,52.8275677],[37.1740495,52.8297116],[37.1716151,52.8321156],[37.1698315,52.8347207],[37.1687425,52.8374627],[37.1683752,52.8402741],[37.1687387,52.8430856],[37.1698243,52.8458281],[37.1716052,52.848434],[37.1740378,52.8508391],[37.1770623,52.8529841],[37.180604,52.8548162],[37.1845759,52.8562903],[37.1888802,52.8573699],[37.1934106,52.8580285],[37.1980555,52.8582499]]]},"properties":{"kind":"restriction","id":"UUR309","name":"UUR309","zone_type":"permanent","alt":{"lower_m":0.0,"lower_ref":"GND","upper_m":500.0,"upper_ref":"AMSL","raw":"От земли до 500 м (1700 фут) AMSL"},"source":"Московская зона.kml"}},{"type":"Feature","geometry":{"type":"Polygon","coordinates":[[[35.0925,53.122138],[35.0971733,53.1219167],[35.1017314,53.1212581],[35.1060619,53.1201785],[35.1100582,53.1187045],[35.1136216,53.1168724],[35.1166645,53.1147275],[35.119112,53.1123225],[35.1209037,53.1097167],[35.1219959,53.1069744],[35.1223616,53.1041629],[35.121992,53.1013517],[35.1208965,53.0986098],[35.1191019,53.0960049],[35.1166526,53.0936009],[35.1136091,53.0914571],[35.1100463,53.0896262],[35.1060519,53.0881533],[35.1017241,53.0870745],[35.0971694,53.0864165],[35.0925,53.0861953],[35.0878306,53.0864165],[35.0832759,53.0870745],[35.0789481,53.0881533],[35.0749537,53.0896262],[35.0713908,53.0914571],[35.0683474,53.0936009],[35.0658981,53.0960049],[35.0641035,53.0986098],[35.0630079,53.1013517],[35.0626384,53.1041629],[35.0630041,53.1069744],[35.0640963,53.1097167],[35.065888,53.1123225],[35.0683355,53.1147275],[35.0713784,53.1168724],[35.0749418,53.1187045],[35.078938,53.1201785],[35.0832685,53.1212581],[35.0878267,53.1219167],[35.0925,53.122138]]]},"properties":{"kind":"restriction","id":"UUR310","name":"UUR310","zone_type":"permanent","alt":{"lower_m":0.0,"lower_ref":"GND","upper_m":500.0,"upper_ref":"AMSL","raw":"От земли до 500 м (1700 фут) AMSL"},"source":"Московская зона.kml"}},{"type":"Feature","geometry":{"type":"Polygon","coordinates":[[[32.9372223,52.7857501],[32.9418595,52.7855287],[32.9463823,52.7848702],[32.9506794,52.7837905],[32.9546447,52.7823164],[32.9581807,52.7804843],[32.9612,52.7783392],[32.9636286,52.7759341],[32.9654066,52.7733282],[32.9664904,52.7705856],[32.9668533,52.7677741],[32.9664866,52.7649626],[32.9653994,52.7622207],[32.9636187,52.7596155],[32.9611884,52.7572115],[32.9581685,52.7550675],[32.9546331,52.7532365],[32.9506695,52.7517635],[32.9463752,52.7506846],[32.9418557,52.7500266],[32.9372223,52.7498054],[32.9325888,52.7500266],[32.9280693,52.7506846],[32.923775,52.7517635],[32.9198114,52.7532365],[32.9162761,52.7550675],[32.9132561,52.7572115],[32.9108258,52.7596155],[32.9090451,52.7622207],[32.9079579,52.7649626],[32.9075912,52.7677741],[32.9079542,52.7705856],[32.9090379,52.7733282],[32.9108159,52.7759341],[32.9132445,52.7783392],[32.9162638,52.7804843],[32.9197998,52.7823164],[32.9237651,52.7837905],[32.9280622,52.7848702],[32.9325851,52.7855287],[32.9372223,52.7857501]]]},"properties":{"kind":"restriction","id":"UUR311","name":"UUR311","zone_type":"permanent","alt":{"lower_m":0.0,"lower_ref":"GND","upper_m":500.0,"upper_ref":"AMSL","raw":"От земли до 500 м (1700 фут) AMSL"},"source":"Московская зона.kml"}},{"type":"Feature","geometry":{"type":"Polygon","coordinates":[[[36.1313889,53.059916],[36.1360554,53.0596946],[36.140607,53.059036],[36.1449312,53.0579564],[36.1489217,53.0564824],[36.15248,53.0546504],[36.1555185,53.0525054],[36.1579625,53.0501004],[36.1597517,53.0474946],[36.1608423,53.0447522],[36.1612075,53.0419407],[36.1608384,53.0391294],[36.1597445,53.0363875],[36.1579524,53.0337826],[36.1555067,53.0313786],[36.1524677,53.0292347],[36.14891,53.0274039],[36.1449213,53.0259309],[36.1405996,53.0248521],[36.1360516,53.0241941],[36.1313889,53.0239728],[36.1267262,53.0241941],[36.1221781,53.0248521],[36.1178565,53.0259309],[36.1138678,53.0274039],[36.1103101,53.0292347],[36.107271,53.0313786],[36.1048253,53.0337826],[36.1030333,53.0363875],[36.1019393,53.0391294],[36.1015702,53.0419407],[36.1019354,53.0447522],[36.103026,53.0474946],[36.1048153,53.0501004],[36.1072592,53.0525054],[36.1102977,53.0546504],[36.113856,53.0564824],[36.1178465,53.0579564],[36.1221707,53.059036],[36.1267223,53.0596946],[36.1313889,53.059916]]]},"properties":{"kind":"restriction","id":"UUR312","name":"UUR312","zone_type":"permanent","alt":{"lower_m":0.0,"lower_ref":"GND","upper_m":500.0,"upper_ref":"AMSL","raw":"От земли до 500 м (1700 фут) AMSL"},"source":"Московская зона.kml"}},{"type":"Feature","geometry":{"type":"Polygon","coordinates":[[[32.6913888,52.7835279],[32.6960258,52.7833066],[32.7005484,52.7826479],[32.7048453,52.7815683],[32.7088104,52.7800942],[32.7123462,52.7782621],[32.7153654,52.776117],[32.7177938,52.7737119],[32.7195718,52.7711059],[32.7206554,52.7683634],[32.7210183,52.7655518],[32.7206516,52.7627404],[32.7195646,52.7599984],[32.717784,52.7573933],[32.7153538,52.7549892],[32.712334,52.7528453],[32.7087988,52.7510143],[32.7048355,52.7495413],[32.7005412,52.7484624],[32.696022,52.7478043],[32.6913888,52.7475831],[32.6867557,52.7478043],[32.6822365,52.7484624],[32.6779422,52.7495413],[32.6739789,52.7510143],[32.6704437,52.7528453],[32.6674239,52.7549892],[32.6649937,52.7573933],[32.6632131,52.7599984],[32.662126,52.7627404],[32.6617594,52.7655518],[32.6621223,52.7683634],[32.6632059,52.7711059],[32.6649839,52.7737119],[32.6674123,52.776117],[32.6704315,52.7782621],[32.6739673,52.7800942],[32.6779324,52.7815683],[32.6822293,52.7826479],[32.6867519,52.7833066],[32.6913888,52.7835279]]]},"properties":{"kind":"restriction","id":"UUR313","name":"UUR313","zone_type":"permanent","alt":{"lower_m":0.0,"lower_ref":"GND","upper_m":500.0,"upper_ref":"AMSL","raw":"От земли до 500 м (1700 фут) AMSL"},"source":"Московская зона.kml"}},{"type":"Feature","geometry":{"type":"Polygon","coordinates":[[[39.5636111,55.5873153],[39.566092,55.5872047],[39.5685117,55.5868756],[39.5708107,55.5863361],[39.5729324,55.5855995],[39.5748243,55.5846841],[39.57644,55.5836121],[39.5777397,55.5824103],[39.5786915,55.581108],[39.5792718,55.5797375],[39.5794664,55.5783323],[39.5792706,55.5769272],[39.5786893,55.5755568],[39.5777368,55.5742548],[39.5764366,55.5730532],[39.5748207,55.5719816],[39.5729289,55.5710664],[39.5708078,55.5703301],[39.5685096,55.5697909],[39.5660909,55.5694619],[39.5636111,55.5693514],[39.5611313,55.5694619],[39.5587126,55.5697909],[39.5564144,55.5703301],[39.5542933,55.5710664],[39.5524015,55.5719816],[39.5507856,55.5730532],[39.5494853,55.5742548],[39.5485329,55.5755568],[39.5479516,55.5769272],[39.5477558,55.5783323],[39.5479504,55.5797375],[39.5485307,55.581108],[39.5494825,55.5824103],[39.5507822,55.5836121],[39.5523979,55.5846841],[39.5542898,55.5855995],[39.5564114,55.5863361],[39.5587105,55.5868756],[39.5611302,55.5872047],[39.5636111,55.5873153]]]},"properties":{"kind":"restriction","id":"UUR314","name":"UUR314","zone_type":"permanent","alt":{"lower_m":0.0,"lower_ref":"GND","upper_m":500.0,"upper_ref":"AMSL","raw":"От земли до 500 м (1700 фут) AMSL"},"source":"Московская зона.kml"}},{"type":"Feature","geometry":{"type":"Polygon","coordinates":[[[42.7463888,56.0367591],[42.7488985,56.0366485],[42.7513463,56.0363194],[42.7536719,56.0357799],[42.7558181,56.0350434],[42.757732,56.034128],[42.7593665,56.0330562],[42.7606812,56.0318544],[42.761644,56.0305522],[42.762231,56.0291817],[42.7624278,56.0277767],[42.7622298,56.0263718],[42.7616418,56.0250014],[42.7606782,56.0236995],[42.7593629,56.022498],[42.7577283,56.0214265],[42.7558146,56.0205113],[42.7536689,56.0197751],[42.751344,56.0192359],[42.7488973,56.018907],[42.7463888,56.0187964],[42.7438804,56.018907],[42.7414337,56.0192359],[42.7391088,56.0197751],[42.7369631,56.0205113],[42.7350494,56.0214265],[42.7334148,56.022498],[42.7320995,56.0236995],[42.7311359,56.0250014],[42.7305479,56.0263718],[42.7303499,56.0277767],[42.7305467,56.0291817],[42.7311337,56.0305522],[42.7320965,56.0318544],[42.7334112,56.0330562],[42.7350457,56.034128],[42.7369596,56.0350434],[42.7391058,56.0357799],[42.7414314,56.0363194],[42.7438792,56.0366485],[42.7463888,56.0367591]]]},"properties":{"kind":"restriction","id":"UUR315","name":"UUR315","zone_type":"permanent","alt":{"lower_m":0.0,"lower_ref":"GND","upper_m":500.0,"upper_ref":"AMSL","raw":"От земли до 500 м (1700 фут) AMSL"},"source":"Московская зона.kml"}},{"type":"Feature","geometry":{"type":"Polygon","coordinates":[[[41.5888889,56.3809252],[41.591421,56.3808146],[41.5938909,56.3804856],[41.5962374,56.3799461],[41.5984029,56.3792097],[41.600334,56.3782943],[41.6019832,56.3772225],[41.6033098,56.3760208],[41.6042812,56.3747187],[41.6048735,56.3733483],[41.6050721,56.3719434],[41.6048723,56.3705385],[41.604279,56.3691683],[41.6033067,56.3678664],[41.6019796,56.3666649],[41.6003302,56.3655935],[41.5983993,56.3646784],[41.5962344,56.3639422],[41.5938886,56.3634031],[41.5914199,56.3630742],[41.5888889,56.3629636],[41.5863579,56.3630742],[41.5838891,56.3634031],[41.5815433,56.3639422],[41.5793784,56.3646784],[41.5774475,56.3655935],[41.5757982,56.3666649],[41.574471,56.3678664],[41.5734987,56.3691683],[41.5729054,56.3705385],[41.5727056,56.3719434],[41.5729042,56.3733483],[41.5734965,56.3747187],[41.5744679,56.3760208],[41.5757945,56.3772225],[41.5774437,56.3782943],[41.5793748,56.3792097],[41.5815403,56.3799461],[41.5838869,56.3804856],[41.5863567,56.3808146],[41.5888889,56.3809252]]]},"properties":{"kind":"restriction","id":"UUR316","name":"UUR316","zone_type":"permanent","alt":{"lower_m":0.0,"lower_ref":"GND","upper_m":500.0,"upper_ref":"AMSL","raw":"От земли до 500 м (1700 фут) AMSL"},"source":"Московская зона.kml"}},{"type":"Feature","geometry":{"type":"Polygon","coordinates":[[[37.3977778,55.9233333],[37.5916667,55.9633333],[37.5997222,55.9322222],[37.4433333,55.8897222],[37.3977778,55.9233333]]]},"properties":{"kind":"restriction","id":"UUR317","name":"UUR317","zone_type":"permanent","alt":{"lower_m":0.0,"lower_ref":"GND","upper_m":950.0,"upper_ref":"AMSL","raw":"От земли до 950 м (3200 фут) AMSL"},"source":"Московская зона.kml"}},{"type":"Feature","geometry":{"type":"Polygon","coordinates":[[[33.8066667,52.4691667],[34.0130555,52.5536111],[34.1069445,52.5555555],[34.1163889,52.4888889],[34.1094445,52.4694444],[33.8869444,52.4677778],[33.8961111,52.4294444],[33.8283333,52.4288889],[33.8066667,52.4691667]]]},"properties":{"kind":"restriction","id":"UUR319","name":"UUR319","zone_type":"permanent","alt":{"lower_m":0.0,"lower_ref":"GND","upper_m":750.0,"upper_ref":"AMSL","raw":"От земли до 750 м (2500 фут) AMSL"},"source":"Московская зона.kml"}},{"type":"Feature","geometry":{"type":"Polygon","coordinates":[[[35.9,56.595],[36.3,56.6416667],[36.535,56.5333333],[36.575,56.45],[36.3333334,56.3666666],[36.42,56.2583333],[36.125,56.2333333],[35.7,56.2333333],[35.9,56.595]]]},"properties":{"kind":"restriction","id":"UUR320","name":"UUR320","zone_type":"permanent","alt":{"lower_m":0.0,"lower_ref":"GND","upper_m":2150.0,"upper_ref":"AMSL","raw":"От земли до 2150 м (7000 фут) AMSL"},"source":"Московская зона.kml"}},{"type":"Feature","geometry":{"type":"Polygon","coordinates":[[[39.3547222,51.9069445],[39.6277777,52.0311111],[39.7911111,52.0069444],[39.6813889,51.8613889],[39.3547222,51.9069445]]]},"properties":{"kind":"restriction","id":"UUR321","name":"UUR321","zone_type":"permanent","alt":{"lower_m":0.0,"lower_ref":"GND","upper_m":700.0,"upper_ref":"AMSL","raw":"От земли до 700 м (2300 фут) AMSL"},"source":"Московская зона.kml"}},{"type":"Feature","geometry":{"type":"Polygon","coordinates":[[[37.5002778,58.6716667],[37.9041666,58.65],[37.7016667,58.8469444],[37.9797222,58.8966667],[38.1386111,58.8211111],[38.2069444,58.5708333],[38.1108333,58.4738889],[37.6458334,58.4686111],[37.5002778,58.6716667]]]},"properties":{"kind":"restriction","id":"UUR322","name":"UUR322","zone_type":"permanent","alt":{"lower_m":0.0,"lower_ref":"GND","upper_m":700.0,"upper_ref":"AMSL","raw":"От земли до 700 м (2300 фут) AMSL"},"source":"Московская зона.kml"}},{"type":"Feature","geometry":{"type":"Polygon","coordinates":[[[35.6233334,53.8197222],[35.6702778,53.8452778],[35.8036111,53.7763889],[35.6780556,53.7352778],[35.6233334,53.8197222]]]},"properties":{"kind":"restriction","id":"UUR323","name":"UUR323","zone_type":"permanent","alt":{"lower_m":0.0,"lower_ref":"GND","upper_m":750.0,"upper_ref":"AMSL","raw":"От земли до 750 м (2500 фут) AMSL"},"source":"Московская зона.kml"}},{"type":"Feature","geometry":{"type":"Polygon","coordinates":[[[35.9088889,53.6391667],[35.7741667,53.5072222],[35.6308333,53.5422222],[35.6283333,53.5905556],[35.6727778,53.64],[35.8808334,53.6536111],[35.9088889,53.6391667]]]},"properties":{"kind":"restriction","id":"UUR324","name":"UUR324","zone_type":"permanent","alt":{"lower_m":0.0,"lower_ref":"GND","upper_m":750.0,"upper_ref":"AMSL","raw":"От земли до 750 м (2500 фут) AMSL"},"source":"Московская зона.kml"}},{"type":"Feature","geometry":{"type":"Polygon","coordinates":[[[45.2713889,56.4580556],[44.8938889,56.3888889],[44.7444444,56.5436111],[44.9522222,56.6197222],[45.0719444,56.6158333],[45.2713889,56.4580556]]]},"properties":{"kind":"restriction","id":"UUR325","name":"UUR325","zone_type":"permanent","alt":{"lower_m":0.0,"lower_ref":"GND","upper_m":700.0,"upper_ref":"AMSL","raw":"От земли до 700 м (2300 фут) AMSL"},"source":"Московская зона.kml"}},{"type":"Feature","geometry":{"type":"Polygon","coordinates":[[[43.2486111,54.9225],[43.4330556,54.9369445],[43.6322222,54.8619444],[43.2238889,54.7058333],[43.0694444,54.7741666],[43.2486111,54.9225]]]},"properties":{"kind":"restriction","id":"UUR326","name":"UUR326","zone_type":"permanent","alt":{"lower_m":0.0,"lower_ref":"GND","upper_m":700.0,"upper_ref":"AMSL","raw":"От земли до 700 м (2300 фут) AMSL"},"source":"Московская зона.kml"}},{"type":"Feature","geometry":{"type":"Polygon","coordinates":[[[40.4947222,54.9611111],[40.5508334,55.0033333],[40.7955555,54.9613889],[41.0272223,54.805],[40.9647222,54.7252778],[40.7283334,54.6588889],[40.5730555,54.65],[40.5497222,54.6630555],[40.5975,54.8497222],[40.4983333,54.8747222],[40.4947222,54.9611111]]]},"properties":{"kind":"restriction","id":"UUR327","name":"UUR327","zone_type":"permanent","alt":{"lower_m":0.0,"lower_ref":"GND","upper_m":700.0,"upper_ref":"AMSL","raw":"От земли до 700 м (2300 фут) AMSL"},"source":"Московская зона.kml"}},{"type":"Feature","geometry":{"type":"Polygon","coordinates":[[[41.5777778,51.14],[41.7738889,51.3080555],[41.8788889,51.3058333],[41.9416667,51.245],[41.65,51.1033333],[41.5777778,51.14]]]},"properties":{"kind":"restriction","id":"UUR328","name":"UUR328","zone_type":"permanent","alt":{"lower_m":0.0,"lower_ref":"GND","upper_m":700.0,"upper_ref":"AMSL","raw":"От земли до 700 м (2300 фyт) AMSL\n\nНе распространяется на воздушные суда, выполняющие полеты (перелеты) с/на аэродром Борисоглебск"},"source":"Московская зона.kml","notes":"Не распространяется на воздушные суда, выполняющие полеты (перелеты) с/на аэродром Борисоглебск"}},{"type":"Feature","geometry":{"type":"Polygon","coordinates":[[[32.83,56.4202778],[32.7219444,56.5075],[32.8597223,56.6163889],[33.0119445,56.5502778],[33.0283333,56.4397222],[32.83,56.4202778]]]},"properties":{"kind":"restriction","id":"UUR329","name":"UUR329","zone_type":"permanent","alt":{"lower_m":0.0,"lower_ref":"GND","upper_m":800.0,"upper_ref":"AMSL","raw":"От земли до 800 м (2600 фут) AMSL"},"source":"Московская зона.kml"}},{"type":"Feature","geometry":{"type":"Polygon","coordinates":[[[42.3122222,54.774261],[42.314653,54.7741503],[42.3170241,54.7738212],[42.3192768,54.7732816],[42.3213556,54.772545],[42.3232094,54.7716293],[42.3247926,54.7705573],[42.3260661,54.7693553],[42.3269987,54.7680528],[42.3275673,54.7666821],[42.3277581,54.7652768],[42.3275662,54.7638715],[42.3269967,54.7625009],[42.3260634,54.7611987],[42.3247894,54.7599969],[42.323206,54.7589252],[42.3213523,54.7580099],[42.319274,54.7572735],[42.3170221,54.7567341],[42.3146521,54.7564052],[42.3122222,54.7562946],[42.3097924,54.7564052],[42.3074223,54.7567341],[42.3051704,54.7572735],[42.3030921,54.7580099],[42.3012384,54.7589252],[42.299655,54.7599969],[42.2983811,54.7611987],[42.2974477,54.7625009],[42.2968782,54.7638715],[42.2966863,54.7652768],[42.2968771,54.7666821],[42.2974457,54.7680528],[42.2983783,54.7693553],[42.2996518,54.7705573],[42.301235,54.7716293],[42.3030889,54.772545],[42.3051676,54.7732816],[42.3074203,54.7738212],[42.3097914,54.7741503],[42.3122222,54.774261]]]},"properties":{"kind":"restriction","id":"UUR330","name":"UUR330","zone_type":"permanent","alt":{"lower_m":0.0,"lower_ref":"GND","upper_m":300.0,"upper_ref":"AMSL","raw":"От земли до 300 м (1000 фут) AMSL"},"source":"Московская зона.kml"}},{"type":"Feature","geometry":{"type":"Polygon","coordinates":[[[40.7511111,57.0334243],[40.7536876,57.0333137],[40.7562004,57.0329847],[40.758588,57.0324453],[40.7607913,57.0317089],[40.7627561,57.0307936],[40.764434,57.029722],[40.7657838,57.0285204],[40.7667721,57.0272184],[40.7673747,57.0258482],[40.7675768,57.0244434],[40.7673735,57.0230386],[40.7667698,57.0216686],[40.7657805,57.0203668],[40.7644303,57.0191655],[40.7627521,57.0180942],[40.7607875,57.0171792],[40.7585848,57.0164431],[40.7561981,57.015904],[40.7536863,57.0155751],[40.7511111,57.0154646],[40.7485359,57.0155751],[40.7460241,57.015904],[40.7436375,57.0164431],[40.7414347,57.0171792],[40.7394701,57.0180942],[40.737792,57.0191655],[40.7364417,57.0203668],[40.7354525,57.0216686],[40.7348487,57.0230386],[40.7346455,57.0244434],[40.7348476,57.0258482],[40.7354502,57.0272184],[40.7364385,57.0285204],[40.7377882,57.029722],[40.7394662,57.0307936],[40.741431,57.0317089],[40.7436343,57.0324453],[40.7460218,57.0329847],[40.7485347,57.0333137],[40.7511111,57.0334243]]]},"properties":{"kind":"restriction","id":"UUR331","name":"UUR331","zone_type":"permanent","alt":{"lower_m":0.0,"lower_ref":"GND","upper_m":500.0,"upper_ref":"AMSL","raw":"От земли до 500 м (1700 фут) AMSL"},"source":"Московская зона.kml"}},{"type":"Feature","geometry":{"type":"Polygon","coordinates":[[[38.6716667,55.0592605],[38.6741147,55.0591499],[38.6765026,55.0588208],[38.6787712,55.0582813],[38.6808648,55.0575446],[38.6827318,55.056629],[38.6843262,55.055557],[38.6856088,55.054355],[38.6865479,55.0530527],[38.6871206,55.051682],[38.6873127,55.0502768],[38.6871195,55.0488716],[38.6865459,55.0475011],[38.6856059,55.0461989],[38.6843228,55.0449972],[38.6827283,55.0439255],[38.6808614,55.0430102],[38.6787684,55.0422738],[38.6765005,55.0417346],[38.6741137,55.0414056],[38.6716667,55.041295],[38.6692196,55.0414056],[38.6668328,55.0417346],[38.6645649,55.0422738],[38.6624719,55.0430102],[38.660605,55.0439255],[38.6590105,55.0449972],[38.6577274,55.0461989],[38.6567874,55.0475011],[38.6562138,55.0488716],[38.6560206,55.0502768],[38.6562128,55.051682],[38.6567854,55.0530527],[38.6577245,55.054355],[38.6590071,55.055557],[38.6606015,55.056629],[38.6624685,55.0575446],[38.6645621,55.0582813],[38.6668308,55.0588208],[38.6692186,55.0591499],[38.6716667,55.0592605]]]},"properties":{"kind":"restriction","id":"UUR332","name":"UUR332","zone_type":"permanent","alt":{"lower_m":0.0,"lower_ref":"GND","upper_m":500.0,"upper_ref":"AMSL","raw":"От земли до 500 м (1700 фут) AMSL"},"source":"Московская зона.kml"}},{"type":"Feature","geometry":{"type":"Polygon","coordinates":[[[36.5466666,55.335],[36.5866666,55.305],[36.5516667,55.28],[36.5133333,55.3133333],[36.5466666,55.335]]]},"properties":{"kind":"restriction","id":"UUR333","name":"UUR333","zone_type":"permanent","alt":{"lower_m":0.0,"lower_ref":"GND","upper_m":850.0,"upper_ref":"AMSL","raw":"От земли до 850 м (2800 фут) AMSL"},"source":"Московская зона.kml"}},{"type":"Feature","geometry":{"type":"Polygon","coordinates":[[[36.2944444,51.1930555],[36.3108334,51.1977778],[36.3491666,51.1838889],[36.3347223,51.1675],[36.2944444,51.1930555]]]},"properties":{"kind":"restriction","id":"UUR334","name":"UUR334","zone_type":"permanent","alt":{"lower_m":0.0,"lower_ref":"GND","upper_m":700.0,"upper_ref":"AMSL","raw":"От земли до 700 м (2300 фут) AMSL"},"source":"Московская зона.kml"}},{"type":"Feature","geometry":{"type":"Polygon","coordinates":[[[36.3755555,51.1844445],[36.4416667,51.1805556],[36.4733333,51.1558334],[36.4327778,51.1397222],[36.3697222,51.1816666],[36.3755555,51.1844445]]]},"properties":{"kind":"restriction","id":"UUR335","name":"UUR335","zone_type":"permanent","alt":{"lower_m":0.0,"lower_ref":"GND","upper_m":700.0,"upper_ref":"AMSL","raw":"От земли до 700 м (2300 фут) AMSL"},"source":"Московская зона.kml"}},{"type":"Feature","geometry":{"type":"Polygon","coordinates":[[[36.0888888,51.5463889],[36.0688888,51.5494444],[36.0883333,51.5786111],[36.1747222,51.6047222],[36.2030556,51.6008333],[36.0888888,51.5463889]]]},"properties":{"kind":"restriction","id":"UUR336","name":"UUR336","zone_type":"permanent","alt":{"lower_m":0.0,"lower_ref":"GND","upper_m":750.0,"upper_ref":"AMSL","raw":"От земли до 750 м (2500 фут) AMSL"},"source":"Московская зона.kml"}},{"type":"Feature","geometry":{"type":"Polygon","coordinates":[[[36.2519445,51.5283333],[36.2705556,51.54],[36.3422222,51.5463889],[36.3441667,51.5436111],[36.2980555,51.505],[36.2519445,51.5283333]]]},"properties":{"kind":"restriction","id":"UUR337","name":"UUR337","zone_type":"permanent","alt":{"lower_m":0.0,"lower_ref":"GND","upper_m":750.0,"upper_ref":"AMSL","raw":"От земли до 750 м (2500 фут) AMSL"},"source":"Московская зона.kml"}},{"type":"Feature","geometry":{"type":"Polygon","coordinates":[[[37.6538889,51.5486111],[37.6472222,51.5527778],[37.6788888,51.5677778],[37.6794445,51.59],[37.7019445,51.58],[37.7008333,51.5666667],[37.6538889,51.5486111]]]},"properties":{"kind":"restriction","id":"UUR338","name":"UUR338","zone_type":"permanent","alt":{"lower_m":0.0,"lower_ref":"GND","upper_m":750.0,"upper_ref":"AMSL","raw":"От земли до 750 м (2500 фут) AMSL"},"source":"Московская зона.kml"}},{"type":"Feature","geometry":{"type":"Polygon","coordinates":[[[37.3036111,51.5038889],[37.3475,51.5102778],[37.3641667,51.5044445],[37.3552778,51.4966666],[37.3036111,51.5038889]]]},"properties":{"kind":"restriction","id":"UUR339","name":"UUR339","zone_type":"permanent","alt":{"lower_m":0.0,"lower_ref":"GND","upper_m":750.0,"upper_ref":"AMSL","raw":"От земли до 750 м (2500 фут) AMSL"},"source":"Московская зона.kml"}},{"type":"Feature","geometry":{"type":"Polygon","coordinates":[[[45.8338889,56.0639813],[45.8364003,56.0638707],[45.8388498,56.0635416],[45.8411771,56.0630022],[45.8433248,56.0622656],[45.84524,56.0613502],[45.8468756,56.0602784],[45.8481913,56.0590766],[45.8491547,56.0577745],[45.8497422,56.056404],[45.8499392,56.054999],[45.849741,56.053594],[45.8491525,56.0522237],[45.8481883,56.0509218],[45.846872,56.0497203],[45.8452363,56.0486488],[45.8433213,56.0477336],[45.841174,56.0469974],[45.8388476,56.0464582],[45.8363991,56.0461293],[45.8338889,56.0460188],[45.8313786,56.0461293],[45.8289302,56.0464582],[45.8266037,56.0469974],[45.8244565,56.0477336],[45.8225414,56.0486488],[45.8209057,56.0497203],[45.8195895,56.0509218],[45.8186252,56.0522237],[45.8180367,56.053594],[45.8178386,56.054999],[45.8180356,56.056404],[45.818623,56.0577745],[45.8195864,56.0590766],[45.8209021,56.0602784],[45.8225378,56.0613502],[45.824453,56.0622656],[45.8266007,56.0630022],[45.8289279,56.0635416],[45.8313774,56.0638707],[45.8338889,56.0639813]]]},"properties":{"kind":"restriction","id":"UUR340","name":"UUR340","zone_type":"permanent","alt":{"lower_m":0.0,"lower_ref":"GND","upper_m":300.0,"upper_ref":"AMSL","raw":"От земли до 300 м (1000 фут) AMSL"},"source":"Московская зона.kml"}},{"type":"Feature","geometry":{"type":"Polygon","coordinates":[[[44.1413889,56.1422674],[44.1501966,56.1418801],[44.1587868,56.1407277],[44.1669477,56.1388386],[44.1744779,56.1362596],[44.1811918,56.1330542],[44.1869238,56.1293014],[44.1915331,56.1250939],[44.1949063,56.1205354],[44.1969606,56.1157382],[44.1976462,56.1108205],[44.1969465,56.1059035],[44.1948793,56.1011081],[44.191496,56.0965523],[44.1868802,56.0923484],[44.1811459,56.0885996],[44.1744343,56.0853981],[44.1669106,56.0828226],[44.1587598,56.0809363],[44.1501824,56.0797858],[44.1413889,56.0793991],[44.1325953,56.0797858],[44.1240179,56.0809363],[44.1158671,56.0828226],[44.1083434,56.0853981],[44.1016318,56.0885996],[44.0958975,56.0923484],[44.0912817,56.0965523],[44.0878984,56.1011081],[44.0858312,56.1059035],[44.0851315,56.1108205],[44.0858171,56.1157382],[44.0878715,56.1205354],[44.0912446,56.1250939],[44.0958539,56.1293014],[44.1015859,56.1330542],[44.1082998,56.1362596],[44.11583,56.1388386],[44.1239909,56.1407277],[44.1325811,56.1418801],[44.1413889,56.1422674]]]},"properties":{"kind":"restriction","id":"UUR356","name":"UUR356","zone_type":"permanent","alt":{"lower_m":0.0,"lower_ref":"GND","upper_m":500.0,"upper_ref":"AMSL","raw":"От земли до 500 м (1700 фут) AMSL"},"source":"Московская зона.kml"}},{"type":"Feature","geometry":{"type":"Polygon","coordinates":[[[44.2030556,56.0009258],[44.2055629,56.0008152],[44.2080085,56.0004861],[44.2103319,55.9999467],[44.2124761,55.9992102],[44.2143883,55.9982947],[44.2160212,55.9972229],[44.2173348,55.9960211],[44.2182966,55.9947189],[44.218883,55.9933484],[44.2190797,55.9919434],[44.2188819,55.9905385],[44.2182943,55.9891681],[44.2173317,55.9878662],[44.2160177,55.9866646],[44.2143845,55.9855931],[44.2124726,55.984678],[44.2103289,55.9839418],[44.2080062,55.9834026],[44.2055617,55.9830737],[44.2030556,55.9829631],[44.2005495,55.9830737],[44.198105,55.9834026],[44.1957823,55.9839418],[44.1936386,55.984678],[44.1917267,55.9855931],[44.1900935,55.9866646],[44.1887795,55.9878662],[44.1878168,55.9891681],[44.1872293,55.9905385],[44.1870314,55.9919434],[44.1872282,55.9933484],[44.1878146,55.9947189],[44.1887764,55.9960211],[44.19009,55.9972229],[44.1917229,55.9982947],[44.193635,55.9992102],[44.1957792,55.9999467],[44.1981027,56.0004861],[44.2005483,56.0008152],[44.2030556,56.0009258]]]},"properties":{"kind":"restriction","id":"UUR362","name":"UUR362","zone_type":"permanent","alt":{"lower_m":0.0,"lower_ref":"GND","upper_m":500.0,"upper_ref":"AMSL","raw":"От земли до 500 м (1700 фут) AMSL"},"source":"Московская зона.kml"}},{"type":"Feature","geometry":{"type":"Polygon","coordinates":[[[44.9575,56.2189337],[44.9663253,56.2185464],[44.9749327,56.217394],[44.9831099,56.215505],[44.990655,56.212926],[44.9973823,56.2097206],[45.0031258,56.2059679],[45.0077442,56.2017604],[45.0111241,56.1972019],[45.0131825,56.1924048],[45.0138695,56.1874872],[45.0131684,56.1825701],[45.011097,56.1777748],[45.007707,56.1732191],[45.003082,56.1690153],[44.9973363,56.1652665],[44.9906113,56.1620651],[44.9830726,56.1594896],[44.9749056,56.1576034],[44.9663111,56.1564528],[44.9575,56.1560661],[44.948689,56.1564528],[44.9400944,56.1576034],[44.9319274,56.1594896],[44.9243888,56.1620651],[44.9176638,56.1652665],[44.9119181,56.1690153],[44.9072931,56.1732191],[44.903903,56.1777748],[44.9018317,56.1825701],[44.9011306,56.1874872],[44.9018175,56.1924048],[44.903876,56.1972019],[44.9072558,56.2017604],[44.9118742,56.2059679],[44.9176178,56.2097206],[44.924345,56.212926],[44.9318901,56.215505],[44.9400673,56.217394],[44.9486748,56.2185464],[44.9575,56.2189337]]]},"properties":{"kind":"restriction","id":"UUR364","name":"UUR364","zone_type":"permanent","alt":{"lower_m":0.0,"lower_ref":"GND","upper_m":500.0,"upper_ref":"AMSL","raw":"От земли до 500 м (1700 фут) AMSL"},"source":"Московская зона.kml"}},{"type":"Feature","geometry":{"type":"Polygon","coordinates":[[[39.6883334,57.7287011],[39.690959,57.7285905],[39.69352,57.7282615],[39.695953,57.7277222],[39.6981985,57.7269859],[39.7002008,57.7260707],[39.7019108,57.7249991],[39.7032863,57.7237977],[39.7042935,57.7224958],[39.7049075,57.7211257],[39.7051135,57.7197211],[39.7049063,57.7183165],[39.704291,57.7169466],[39.7032829,57.715645],[39.7019068,57.7144438],[39.7001967,57.7133726],[39.6981945,57.7124578],[39.6959497,57.7117218],[39.6935175,57.7111827],[39.6909577,57.7108539],[39.6883334,57.7107433],[39.685709,57.7108539],[39.6831492,57.7111827],[39.680717,57.7117218],[39.6784722,57.7124578],[39.67647,57.7133726],[39.6747599,57.7144438],[39.6733838,57.715645],[39.6723757,57.7169466],[39.6717604,57.7183165],[39.6715532,57.7197211],[39.6717592,57.7211257],[39.6723733,57.7224958],[39.6733805,57.7237977],[39.674756,57.7249991],[39.6764659,57.7260707],[39.6784682,57.7269859],[39.6807137,57.7277222],[39.6831468,57.7282615],[39.6857078,57.7285905],[39.6883334,57.7287011]]]},"properties":{"kind":"restriction","id":"UUR365","name":"UUR365","zone_type":"permanent","alt":{"lower_m":0.0,"lower_ref":"GND","upper_m":500.0,"upper_ref":"AMSL","raw":"От земли до 500 м (1700 фут) AMSL\n\nНе распространяется на воздушные суда, выполняющие полеты (перелеты) под литерами \"А\" и \"К\""},"source":"Московская зона.kml","notes":"Не распространяется на воздушные суда, выполняющие полеты (перелеты) под литерами \"А\" и \"К\""}},{"type":"Feature","geometry":{"type":"Polygon","coordinates":[[[34.4416667,53.2366787],[34.4486954,53.2363466],[34.4555506,53.2353586],[34.4620634,53.2337389],[34.4680731,53.2315276],[34.4734317,53.2287791],[34.478007,53.2255613],[34.4816865,53.2219535],[34.4843798,53.2180446],[34.4860208,53.2139309],[34.4865692,53.2097138],[34.486012,53.2054971],[34.4843632,53.2013845],[34.4816637,53.1974775],[34.4779802,53.193872],[34.4734035,53.1906568],[34.4680464,53.187911],[34.4620406,53.185702],[34.4555341,53.1840842],[34.4486867,53.1830973],[34.4416667,53.1827656],[34.4346467,53.1830973],[34.4277993,53.1840842],[34.4212928,53.185702],[34.4152871,53.187911],[34.4099299,53.1906568],[34.4053532,53.193872],[34.4016697,53.1974775],[34.3989702,53.2013845],[34.3973214,53.2054971],[34.3967642,53.2097138],[34.3973127,53.2139309],[34.3989536,53.2180446],[34.4016469,53.2219535],[34.4053264,53.2255613],[34.4099017,53.2287791],[34.4152603,53.2315276],[34.42127,53.2337389],[34.4277828,53.2353586],[34.434638,53.2363466],[34.4416667,53.2366787]]]},"properties":{"kind":"restriction","id":"UUR368","name":"UUR368","zone_type":"permanent","alt":{"lower_m":0.0,"lower_ref":"GND","upper_m":300.0,"upper_ref":"AMSL","raw":"От земли до 300 м (1000 фут) AMSL"},"source":"Московская зона.kml"}},{"type":"Feature","geometry":{"type":"Polygon","coordinates":[[[39.365,56.3144427],[39.3725834,56.3141108],[39.3799797,56.3131231],[39.3870063,56.3115042],[39.3934902,56.3092939],[39.3992713,56.3065467],[39.4042072,56.3033303],[39.4081766,56.2997242],[39.4110818,56.2958172],[39.4128516,56.2917055],[39.4134428,56.2874905],[39.4128411,56.283276],[39.4110618,56.2791656],[39.4081491,56.2752607],[39.4041749,56.2716572],[39.3992372,56.2684438],[39.3934578,56.2656995],[39.3869788,56.2634918],[39.3799597,56.2618749],[39.3725729,56.2608886],[39.365,56.2605572],[39.3574272,56.2608886],[39.3500404,56.2618749],[39.3430213,56.2634918],[39.3365423,56.2656995],[39.3307629,56.2684438],[39.3258252,56.2716572],[39.321851,56.2752607],[39.3189383,56.2791656],[39.317159,56.283276],[39.3165573,56.2874905],[39.3171485,56.2917055],[39.3189183,56.2958172],[39.3218235,56.2997242],[39.3257929,56.3033303],[39.3307288,56.3065467],[39.3365099,56.3092939],[39.3429937,56.3115042],[39.3500204,56.3131231],[39.3574166,56.3141108],[39.365,56.3144427]]]},"properties":{"kind":"restriction","id":"UUR371","name":"UUR371","zone_type":"permanent","alt":{"lower_m":0.0,"lower_ref":"GND","upper_m":500.0,"upper_ref":"AGL","raw":"От земли до 500 м (1700 фут) AGL"},"source":"Московская зона.kml"}},{"type":"Feature","geometry":{"type":"Polygon","coordinates":[[[37.8613889,55.6672687],[37.8626319,55.6672134],[37.8638441,55.6670489],[37.8649961,55.6667792],[37.8660591,55.6664109],[37.8670071,55.6659533],[37.8678167,55.6654173],[37.868468,55.6648164],[37.8689451,55.6641653],[37.8692359,55.6634801],[37.8693336,55.6627775],[37.8692357,55.662075],[37.8689445,55.6613898],[37.8684673,55.6607388],[37.8678159,55.6601379],[37.8670062,55.6596021],[37.8660582,55.6591445],[37.8649953,55.6587763],[37.8638437,55.6585067],[37.8626316,55.6583422],[37.8613889,55.6582869],[37.8601461,55.6583422],[37.858934,55.6585067],[37.8577824,55.6587763],[37.8567195,55.6591445],[37.8557715,55.6596021],[37.8549619,55.6601379],[37.8543104,55.6607388],[37.8538332,55.6613898],[37.8535421,55.662075],[37.8534442,55.6627775],[37.8535418,55.6634801],[37.8538327,55.6641653],[37.8543097,55.6648164],[37.8549611,55.6654173],[37.8557706,55.6659533],[37.8567186,55.6664109],[37.8577817,55.6667792],[37.8589336,55.6670489],[37.8601459,55.6672134],[37.8613889,55.6672687]]]},"properties":{"kind":"restriction","id":"UUR376","name":"UUR376","zone_type":"permanent","alt":{"lower_m":0.0,"lower_ref":"GND","upper_m":50.0,"upper_ref":"AGL","raw":"От земли до 50 м (170 фyт) AGL"},"source":"Московская зона.kml"}},{"type":"Feature","geometry":{"type":"Polygon","coordinates":[[[38.225,54.0705638],[38.2321688,54.0702318],[38.2391606,54.0692438],[38.2458032,54.0676244],[38.2519326,54.0654133],[38.2573979,54.0626652],[38.2620643,54.0594478],[38.265817,54.0558404],[38.2685637,54.0519321],[38.2702372,54.0478189],[38.2707965,54.0436024],[38.2702281,54.0393862],[38.2685464,54.0352744],[38.265793,54.0313679],[38.2620361,54.0277629],[38.2573682,54.0245482],[38.2519045,54.0218028],[38.2457792,54.0195941],[38.2391432,54.0179766],[38.2321596,54.0169899],[38.225,54.0166583],[38.2178405,54.0169899],[38.2108569,54.0179766],[38.2042208,54.0195941],[38.1980956,54.0218028],[38.1926319,54.0245482],[38.187964,54.0277629],[38.1842071,54.0313679],[38.1814537,54.0352744],[38.1797719,54.0393862],[38.1792036,54.0436024],[38.1797629,54.0478189],[38.1814363,54.0519321],[38.1841831,54.0558404],[38.1879358,54.0594478],[38.1926022,54.0626652],[38.1980675,54.0654133],[38.2041969,54.0676244],[38.2108394,54.0692438],[38.2178313,54.0702318],[38.225,54.0705638]]]},"properties":{"kind":"restriction","id":"UUR377","name":"UUR377","zone_type":"permanent","alt":{"lower_m":0.0,"lower_ref":"GND","upper_m":500.0,"upper_ref":"AGL","raw":"От земли до 500 м (1700 фут) AGL"},"source":"Московская зона.kml"}},{"type":"Feature","geometry":{"type":"Polygon","coordinates":[[[31.8761111,54.8247271],[31.8834128,54.8243951],[31.8905344,54.8234073],[31.8973001,54.8217879],[31.9035432,54.8195771],[31.9091097,54.8168293],[31.9138625,54.8136123],[31.9176847,54.8100054],[31.9204823,54.8060975],[31.9221866,54.8019848],[31.9227562,54.7977688],[31.922177,54.7935532],[31.920464,54.7894418],[31.9176596,54.7855359],[31.913833,54.7819314],[31.9090786,54.7787172],[31.9035136,54.7759721],[31.897275,54.7737638],[31.8905162,54.7721465],[31.8834032,54.7711599],[31.8761111,54.7708283],[31.8688191,54.7711599],[31.8617061,54.7721465],[31.8549473,54.7737638],[31.8487087,54.7759721],[31.8431437,54.7787172],[31.8383893,54.7819314],[31.8345627,54.7855359],[31.8317583,54.7894418],[31.8300453,54.7935532],[31.8294661,54.7977688],[31.8300356,54.8019848],[31.83174,54.8060975],[31.8345376,54.8100054],[31.8383598,54.8136123],[31.8431126,54.8168293],[31.8486791,54.8195771],[31.8549222,54.8217879],[31.8616879,54.8234073],[31.8688094,54.8243951],[31.8761111,54.8247271]]]},"properties":{"kind":"restriction","id":"UUR381","name":"UUR381","zone_type":"permanent","alt":{"lower_m":0.0,"lower_ref":"GND","upper_m":500.0,"upper_ref":"AGL","raw":"От земли до 500 м (1700 фут) AGL"},"source":"Московская зона.kml"}},{"type":"Feature","geometry":{"type":"Polygon","coordinates":[[[31.69,56.3011095],[31.6975807,56.3007776],[31.7049744,56.2997899],[31.7119986,56.2981709],[31.7184802,56.2959606],[31.7242593,56.2932134],[31.7291936,56.2899971],[31.7331615,56.2863909],[31.7360658,56.2824839],[31.7378349,56.2783723],[31.7384258,56.2741572],[31.7378244,56.2699427],[31.7360457,56.2658323],[31.7331339,56.2619274],[31.7291611,56.2583239],[31.7242252,56.2551105],[31.7184478,56.2523661],[31.7119711,56.2501585],[31.7049544,56.2485416],[31.6975702,56.2475553],[31.69,56.2472238],[31.6824298,56.2475553],[31.6750455,56.2485416],[31.6680289,56.2501585],[31.6615521,56.2523661],[31.6557747,56.2551105],[31.6508388,56.2583239],[31.646866,56.2619274],[31.6439542,56.2658323],[31.6421756,56.2699427],[31.6415741,56.2741572],[31.642165,56.2783723],[31.6439342,56.2824839],[31.6468384,56.2863909],[31.6508064,56.2899971],[31.6557407,56.2932134],[31.6615198,56.2959606],[31.6680013,56.2981709],[31.6750255,56.2997899],[31.6824193,56.3007776],[31.69,56.3011095]]]},"properties":{"kind":"restriction","id":"UUR382","name":"UUR382","zone_type":"permanent","alt":{"lower_m":0.0,"lower_ref":"GND","upper_m":500.0,"upper_ref":"AGL","raw":"От земли до 500 м (1700 фут) AGL"},"source":"Московская зона.kml"}},{"type":"Feature","geometry":{"type":"Polygon","coordinates":[[[38.2869444,54.8533804],[38.2881623,54.8533251],[38.28935,54.8531605],[38.2904787,54.8528908],[38.2915202,54.8525225],[38.292449,54.8520647],[38.2932423,54.8515288],[38.2938803,54.8509278],[38.2943477,54.8502766],[38.2946328,54.8495913],[38.2947284,54.8488886],[38.2946325,54.848186],[38.2943472,54.8475007],[38.2938797,54.8468495],[38.2932415,54.8462486],[38.2924482,54.8457128],[38.2915194,54.845255],[38.290478,54.8448868],[38.2893496,54.8446172],[38.288162,54.8444526],[38.2869444,54.8443974],[38.2857269,54.8444526],[38.2845393,54.8446172],[38.2834109,54.8448868],[38.2823695,54.845255],[38.2814407,54.8457128],[38.2806474,54.8462486],[38.2800092,54.8468495],[38.2795417,54.8475007],[38.2792564,54.848186],[38.2791605,54.8488886],[38.2792561,54.8495913],[38.2795412,54.8502766],[38.2800086,54.8509278],[38.2806466,54.8515288],[38.2814399,54.8520647],[38.2823687,54.8525225],[38.2834102,54.8528908],[38.2845388,54.8531605],[38.2857266,54.8533251],[38.2869444,54.8533804]]]},"properties":{"kind":"restriction","id":"UUR383","name":"UUR383","zone_type":"permanent","alt":{"lower_m":0.0,"lower_ref":"GND","upper_m":200.0,"upper_ref":"AGL","raw":"От земли до 200 м (700 фут) AGL\n\nНе распространяется на воздушные суда, вьшолняюшие полеты (перелеты) с/на аэродром Ступино"},"source":"Московская зона.kml","notes":"Не распространяется на воздушные суда, вьшолняюшие полеты (перелеты) с/на аэродром Ступино"}},{"type":"Feature","geometry":{"type":"Polygon","coordinates":[[[37.7988889,56.1925],[37.7988889,56.1668055],[37.7988889,56.1411111],[37.7905555,56.1380556],[37.7766667,56.1355556],[37.7716667,56.1352778],[37.7569444,56.1355556],[37.7475,56.1369445],[37.7427777,56.1380556],[37.7344444,56.1408333],[37.7233334,56.1463889],[37.7177778,56.1508333],[37.7136111,56.1558333],[37.7111111,56.1611111],[37.7102778,56.1638889],[37.7102778,56.1694444],[37.7119444,56.1747222],[37.7152778,56.18],[37.7202777,56.1847222],[37.7266666,56.1888889],[37.7341667,56.1925],[37.7427777,56.1952778],[37.7566667,56.1977778],[37.7616667,56.1980555],[37.7763888,56.1977778],[37.7858334,56.1963889],[37.7905555,56.1952778],[37.7988889,56.1925]]]},"properties":{"kind":"restriction","id":"UUR392","name":"UUR392","zone_type":"permanent","alt":{"lower_m":0.0,"lower_ref":"GND","upper_m":3650.0,"upper_ref":"AMSL","raw":"От земли до 3650 м (12000 фут) AMSL"},"source":"Московская зона.kml"}},{"type":"Feature","geometry":{"type":"Polygon","coordinates":[[[37.55,54.9180555],[37.6491666,54.9252778],[37.7122222,54.8563889],[37.565,54.8472222],[37.55,54.9180555]]]},"properties":{"kind":"restriction","id":"UUR427","name":"UUR427","zone_type":"permanent","alt":{"lower_m":0.0,"lower_ref":"GND","upper_m":2000.0,"upper_ref":"AMSL","raw":"От земли до 2000 м (6600 фут) AMSL"},"source":"Московская зона.kml"}},{"type":"Feature","geometry":{"type":"Polygon","coordinates":[[[42.5913889,52.4294444],[42.6405555,52.4133333],[42.6052778,52.3480555],[42.5141666,52.3072222],[42.5058333,52.3363889],[42.5913889,52.4294444]]]},"properties":{"kind":"restriction","id":"UUR428","name":"UUR428","zone_type":"permanent","alt":{"lower_m":0.0,"lower_ref":"GND","upper_m":700.0,"upper_ref":"AMSL","raw":"От земли до 700 м (2300 фут) AMSL"},"source":"Московская зона.kml"}},{"type":"Feature","geometry":{"type":"Polygon","coordinates":[[[42.5855556,52.5855556],[42.6241667,52.5816667],[42.6705556,52.5508333],[42.6477778,52.4447222],[42.61,52.4361111],[42.5136111,52.4602778],[42.5338889,52.3944445],[42.4411111,52.4158333],[42.4336111,52.4511111],[42.5513889,52.4866667],[42.5855556,52.5855556]]]},"properties":{"kind":"restriction","id":"UUR429","name":"UUR429","zone_type":"permanent","alt":{"lower_m":0.0,"lower_ref":"GND","upper_m":700.0,"upper_ref":"AMSL","raw":"От земли до 700 м (2300 фут) AMSL"},"source":"Московская зона.kml"}},{"type":"Feature","geometry":{"type":"Polygon","coordinates":[[[44.5875,58.0102778],[44.6044444,58.0772222],[44.7794444,58.0641667],[44.7561111,57.9622222],[44.5875,58.0102778]]]},"properties":{"kind":"restriction","id":"UUR430","name":"UUR430","zone_type":"permanent","alt":{"lower_m":0.0,"lower_ref":"GND","upper_m":700.0,"upper_ref":"AMSL","raw":"От земли до 700 м (2300 фут) AMSL"},"source":"Московская зона.kml"}},{"type":"Feature","geometry":{"type":"Polygon","coordinates":[[[36.0383334,50.5391667],[36.0458333,50.5552778],[36.0630555,50.5616667],[36.0647222,50.5611111],[36.0383334,50.5391667]]]},"properties":{"kind":"restriction","id":"UUR431","name":"UUR431","zone_type":"permanent","alt":{"lower_m":0.0,"lower_ref":"GND","upper_m":700.0,"upper_ref":"AMSL","raw":"От земли до 700 м (2300 фут) AMSL"},"source":"Московская зона.kml"}},{"type":"Feature","geometry":{"type":"Polygon","coordinates":[[[35.9344445,50.6194444],[35.9466667,50.6347222],[35.9816667,50.6344444],[36.0033333,50.6116667],[35.9702778,50.5961111],[35.9344445,50.6194444]]]},"properties":{"kind":"restriction","id":"UUR432","name":"UUR432","zone_type":"permanent","alt":{"lower_m":0.0,"lower_ref":"GND","upper_m":700.0,"upper_ref":"AMSL","raw":"От земли до 700 м (2300 фут) AMSL"},"source":"Московская зона.kml"}},{"type":"Feature","geometry":{"type":"Polygon","coordinates":[[[37.8122222,50.6741667],[37.805,50.6847222],[37.8216666,50.7016667],[37.8338889,50.6877778],[37.8122222,50.6741667]]]},"properties":{"kind":"restriction","id":"UUR433","name":"UUR433","zone_type":"permanent","alt":{"lower_m":0.0,"lower_ref":"GND","upper_m":700.0,"upper_ref":"AMSL","raw":"От земли до 700 м (2300 фут) AMSL"},"source":"Московская зона.kml"}},{"type":"Feature","geometry":{"type":"Polygon","coordinates":[[[37.6161111,51.1897222],[37.6427777,51.2047222],[37.6691666,51.1938889],[37.6641666,51.1788889],[37.6341667,51.1741666],[37.6161111,51.1897222]]]},"properties":{"kind":"restriction","id":"UUR434","name":"UUR434","zone_type":"permanent","alt":{"lower_m":0.0,"lower_ref":"GND","upper_m":750.0,"upper_ref":"AMSL","raw":"От земли до 750 м (2500 фут) AMSL"},"source":"Московская зона.kml"}},{"type":"Feature","geometry":{"type":"Polygon","coordinates":[[[37.4638889,51.2280556],[37.4580556,51.2344445],[37.4777778,51.2422222],[37.4780556,51.2419444],[37.4763889,51.2347222],[37.4638889,51.2280556]]]},"properties":{"kind":"restriction","id":"UUR435","name":"UUR435","zone_type":"permanent","alt":{"lower_m":0.0,"lower_ref":"GND","upper_m":750.0,"upper_ref":"AMSL","raw":"От земли до 750 м (2500 фут) AMSL"},"source":"Московская зона.kml"}},{"type":"Feature","geometry":{"type":"Polygon","coordinates":[[[42.7027778,52.3977778],[42.7116666,52.3983333],[42.7355555,52.3838889],[42.7297222,52.3797222],[42.7027778,52.3977778]]]},"properties":{"kind":"restriction","id":"UUR441","name":"UUR441","zone_type":"permanent","alt":{"lower_m":0.0,"lower_ref":"GND","upper_m":700.0,"upper_ref":"AMSL","raw":"От земли до 700 м (2300 фут) AMSL"},"source":"Московская зона.kml"}},{"type":"Feature","geometry":{"type":"Polygon","coordinates":[[[46.3666666,55.3012981],[46.3715926,55.3010768],[46.3763971,55.3004185],[46.3809618,55.2993392],[46.385174,55.2978657],[46.3889299,55.2960343],[46.3921373,55.2938901],[46.3947169,55.2914859],[46.3966053,55.2888811],[46.3977563,55.2861397],[46.3981417,55.2833293],[46.3977519,55.280519],[46.396597,55.2777782],[46.3947054,55.2751742],[46.3921237,55.2727712],[46.3889158,55.2706282],[46.3851604,55.2687981],[46.3809503,55.2673257],[46.3763887,55.2662473],[46.3715882,55.2655895],[46.3666666,55.2653685],[46.361745,55.2655895],[46.3569445,55.2662473],[46.352383,55.2673257],[46.3481728,55.2687981],[46.3444175,55.2706282],[46.3412096,55.2727712],[46.3386279,55.2751742],[46.3367363,55.2777782],[46.3355813,55.280519],[46.3351916,55.2833293],[46.3355769,55.2861397],[46.3367279,55.2888811],[46.3386164,55.2914859],[46.341196,55.2938901],[46.3444033,55.2960343],[46.3481593,55.2978657],[46.3523715,55.2993392],[46.3569362,55.3004185],[46.3617406,55.3010768],[46.3666666,55.3012981]]]},"properties":{"kind":"restriction","id":"UUR447","name":"UUR447","zone_type":"permanent","alt":{"lower_m":0.0,"lower_ref":"GND","upper_m":1450.0,"upper_ref":"AMSL","raw":"От земли до 1450 м (4800 фут) AMSL"},"source":"Московская зона.kml"}},{"type":"Feature","geometry":{"type":"Polygon","coordinates":[[[37.6633333,55.0837988],[37.6682326,55.0835775],[37.673011,55.0829191],[37.6775508,55.0818398],[37.6817401,55.0803663],[37.6854757,55.0785348],[37.6886656,55.0763905],[37.6912312,55.0739863],[37.6931094,55.0713813],[37.6942543,55.0686398],[37.6946375,55.0658293],[37.6942499,55.063019],[37.6931013,55.0602781],[37.6912198,55.057674],[37.6886523,55.0552709],[37.6854617,55.0531278],[37.6817268,55.0512976],[37.6775395,55.0498251],[37.6730027,55.0487468],[37.6682283,55.0480889],[37.6633333,55.0478679],[37.6584384,55.0480889],[37.653664,55.0487468],[37.6491272,55.0498251],[37.6449399,55.0512976],[37.641205,55.0531278],[37.6380144,55.0552709],[37.6354469,55.057674],[37.6335654,55.0602781],[37.6324168,55.063019],[37.6320292,55.0658293],[37.6324124,55.0686398],[37.6335573,55.0713813],[37.6354354,55.0739863],[37.6380011,55.0763905],[37.641191,55.0785348],[37.6449266,55.0803663],[37.6491159,55.0818398],[37.6536557,55.0829191],[37.6584341,55.0835775],[37.6633333,55.0837988]]]},"properties":{"kind":"restriction","id":"UUR448","name":"UUR448","zone_type":"permanent","alt":{"lower_m":0.0,"lower_ref":"GND","upper_m":700.0,"upper_ref":"AMSL","raw":"От земли до 700 м (2300 фут) AMSL"},"source":"Московская зона.kml"}},{"type":"Feature","geometry":{"type":"Polygon","coordinates":[[[39.1591666,51.5797718],[39.160295,51.5797164],[39.1613955,51.5795518],[39.1624413,51.5792819],[39.1634062,51.5789134],[39.1642668,51.5784554],[39.1650018,51.5779191],[39.1655931,51.5773178],[39.1660262,51.5766663],[39.1662903,51.5759806],[39.1663789,51.5752775],[39.16629,51.5745745],[39.1660257,51.5738888],[39.1655926,51.5732373],[39.1650012,51.5726361],[39.1642661,51.5720999],[39.1634056,51.571642],[39.1624406,51.5712735],[39.1613952,51.5710037],[39.1602947,51.570839],[39.1591666,51.5707837],[39.1580385,51.570839],[39.1569381,51.5710037],[39.1558926,51.5712735],[39.1549277,51.571642],[39.1540672,51.5720999],[39.1533321,51.5726361],[39.1527407,51.5732373],[39.1523076,51.5738888],[39.1520433,51.5745745],[39.1519543,51.5752775],[39.152043,51.5759806],[39.1523071,51.5766663],[39.1527402,51.5773178],[39.1533315,51.5779191],[39.1540665,51.5784554],[39.154927,51.5789134],[39.155892,51.5792819],[39.1569377,51.5795518],[39.1580383,51.5797164],[39.1591666,51.5797718]]]},"properties":{"kind":"restriction","id":"UUR451","name":"UUR451","zone_type":"permanent","alt":{"lower_m":0.0,"lower_ref":"GND","upper_m":800.0,"upper_ref":"AMSL","raw":"От земли до 800 м (2600 фут) AMSL"},"source":"Московская зона.kml"}},{"type":"Feature","geometry":{"type":"Polygon","coordinates":[[[40.2480556,56.005],[40.3647222,56.005],[40.365,55.825],[40.2483333,55.805],[40.2480556,56.005]]]},"properties":{"kind":"restriction","id":"UUR453","name":"UUR453","zone_type":"permanent","alt":{"lower_m":0.0,"lower_ref":"GND","upper_m":1400.0,"upper_ref":"AMSL","raw":"От земли до 1400 м (4600 фут) AMSL"},"source":"Московская зона.kml"}},{"type":"Feature","geometry":{"type":"Polygon","coordinates":[[[39.4,43.8],[39.3654523,43.800151],[39.3309046,43.8002916],[39.2963566,43.8004218],[39.2618085,43.8005416],[39.2272603,43.8006509],[39.1927119,43.8007499],[39.1581634,43.8008385],[39.1236148,43.8009167],[39.0890662,43.8009844],[39.0545175,43.8010417],[39.0199686,43.8010886],[38.9854199,43.8011252],[38.9508709,43.8011513],[38.9163221,43.801167],[38.8817732,43.8011723],[38.8472243,43.8011672],[38.8126754,43.8011517],[38.7781265,43.8011258],[38.7435777,43.8010895],[38.7090289,43.8010428],[38.6744802,43.8009856],[38.6399315,43.800918],[38.6053829,43.8008401],[38.5708344,43.8007517],[38.5362861,43.800653],[38.5017379,43.8005438],[38.4671898,43.8004242],[38.4326418,43.8002943],[38.398094,43.8001539],[38.3635463,43.800003],[38.3289989,43.7998419],[38.2944516,43.7996702],[38.2599045,43.7994882],[38.2253577,43.7992958],[38.1908111,43.799093],[38.1562647,43.7988798],[38.1217186,43.7986561],[38.0871727,43.798422],[38.0526272,43.7981776],[38.0180818,43.7979227],[37.9835368,43.7976575],[37.9489921,43.7973818],[37.9144478,43.7970957],[37.8799038,43.7967992],[37.8453601,43.7964924],[37.8108168,43.7961751],[37.7762739,43.7958474],[37.7417313,43.7955093],[37.7071891,43.7951608],[37.6726474,43.7948019],[37.6381061,43.7944326],[37.6035652,43.7940529],[37.5690247,43.7936628],[37.5344848,43.7932623],[37.4999452,43.7928514],[37.4654061,43.7924301],[37.4308676,43.7919984],[37.3963295,43.7915563],[37.361792,43.7911038],[37.327255,43.7906408],[37.2927186,43.7901675],[37.2581826,43.7896838],[37.2236474,43.7891897],[37.1891125,43.7886852],[37.1545784,43.7881703],[37.1200448,43.787645],[37.0855119,43.7871093],[37.0509795,43.7865632],[37.0164478,43.7860067],[36.9819167,43.7854398],[36.9473864,43.7848625],[36.9128567,43.7842748],[36.8783276,43.7836767],[36.8437993,43.7830683],[36.8092717,43.7824494],[36.7747448,43.7818201],[36.7402186,43.7811805],[36.7056931,43.7805304],[36.6711685,43.77987],[36.6366446,43.7791991],[36.6021215,43.7785179],[36.5675992,43.7778263],[36.5330776,43.7771243],[36.4985569,43.7764119],[36.4640371,43.7756891],[36.429518,43.7749559],[36.3949998,43.7742124],[36.3604825,43.7734584],[36.325966,43.7726941],[36.2914505,43.7719193],[36.2569359,43.7711342],[36.2224221,43.7703387],[36.1879092,43.7695328],[36.1533974,43.7687166],[36.1188865,43.7678899],[36.0843765,43.7670529],[36.0498675,43.7662054],[36.0153595,43.7653477],[35.9808524,43.7644795],[35.9463464,43.7636009],[35.9118414,43.7627119],[35.8773375,43.7618126],[35.8428345,43.760903],[35.8083327,43.7599829],[35.7738319,43.7590524],[35.7393322,43.7581115],[35.7048336,43.7571603],[35.670336,43.7561988],[35.6358396,43.7552268],[35.6013443,43.7542444],[35.5668502,43.7532517],[35.5323571,43.7522487],[35.4978653,43.7512352],[35.4633747,43.7502113],[35.4288852,43.7491771],[35.3943969,43.7481325],[35.3599099,43.7470776],[35.325424,43.7460123],[35.2909394,43.7449366],[35.256456,43.7438505],[35.2219739,43.7427541],[35.1874931,43.7416473],[35.1530135,43.7405302],[35.1185352,43.7394027],[35.0840583,43.7382649],[35.0495826,43.7371166],[35.0151082,43.735958],[34.9806353,43.7347891],[34.9461637,43.7336098],[34.9116934,43.7324201],[34.8772245,43.73122],[34.842757,43.7300096],[34.8082909,43.7287889],[34.7738262,43.7275577],[34.739363,43.7263163],[34.7049011,43.7250645],[34.6704408,43.7238023],[34.6359818,43.7225298],[34.6015243,43.7212469],[34.5670684,43.7199537],[34.5326139,43.7186502],[34.4981609,43.7173362],[34.4637095,43.716012],[34.4292595,43.7146773],[34.3948111,43.7133323],[34.3603642,43.7119771],[34.325919,43.7106114],[34.2914753,43.7092354],[34.2570332,43.7078491],[34.2225927,43.7064524],[34.1881538,43.7050454],[34.1537165,43.703628],[34.1192808,43.7022003],[34.0848468,43.7007623],[34.0504145,43.6993139],[34.0159838,43.6978552],[33.9815548,43.6963862],[33.9471275,43.6949068],[33.9127019,43.6934171],[33.878278,43.6919171],[33.8438559,43.6904067],[33.8094355,43.688886],[33.7750168,43.687355],[33.7405999,43.6858137],[33.7061848,43.684262],[33.6717714,43.6827],[33.6373599,43.6811277],[33.6029502,43.679545],[33.5685423,43.6779521],[33.5341361,43.6763488],[33.4997319,43.6747352],[33.4653296,43.6731113],[33.4309291,43.6714771],[33.3965304,43.6698325],[33.3621337,43.6681777],[33.3277389,43.6665125],[33.293346,43.664837],[33.258955,43.6631512],[33.2245659,43.661455],[33.1901788,43.6597486],[33.1557936,43.6580319],[33.1214105,43.6563049],[33.0870293,43.6545675],[33.05265,43.6528199],[33.0182728,43.651062],[32.9838977,43.6492937],[32.9495245,43.6475152],[32.9151534,43.6457263],[32.8807844,43.6439272],[32.8464174,43.6421178],[32.8120525,43.640298],[32.7776896,43.638468],[32.743329,43.6366277],[32.7089703,43.6347771],[32.6746139,43.6329162],[32.6402595,43.631045],[32.6059073,43.6291636],[32.5715572,43.6272718],[32.5372094,43.6253698],[32.5028636,43.6234574],[32.4685202,43.6215348],[32.4341788,43.6196019],[32.3998397,43.6176588],[32.3655028,43.6157054],[32.3311682,43.6137416],[32.2968358,43.6117676],[32.2625056,43.6097834],[32.2281778,43.6077888],[32.1938523,43.605784],[32.159529,43.6037689],[32.1252079,43.6017436],[32.0908893,43.599708],[32.056573,43.5976621],[32.0222589,43.595606],[31.9879473,43.5935396],[31.9536381,43.5914629],[31.9193311,43.589376],[31.8850266,43.5872788],[31.8507245,43.5851714],[31.8164247,43.5830537],[31.7821274,43.5809257],[31.7478326,43.5787875],[31.7135401,43.576639],[31.6792502,43.5744803],[31.6449627,43.5723114],[31.6106777,43.5701322],[31.5763951,43.5679428],[31.542115,43.5657431],[31.5078374,43.5635332],[31.4735625,43.5613131],[31.43929,43.5590827],[31.40502,43.556842],[31.3707526,43.5545911],[31.3364878,43.55233],[31.3022256,43.5500587],[31.2679659,43.5477772],[31.2337088,43.5454854],[31.1994543,43.5431834],[31.1652026,43.5408711],[31.1309533,43.5385486],[31.0967067,43.536216],[31.0624629,43.533873],[31.0282216,43.5315199],[30.993983,43.5291566],[30.9597473,43.526783],[30.9255141,43.5243992],[30.8912836,43.5220052],[30.8570559,43.519601],[30.8228309,43.5171866],[30.7886086,43.514762],[30.7543892,43.5123271],[30.7201724,43.5098821],[30.6859585,43.5074269],[30.6517473,43.5049615],[30.6175389,43.5024859],[30.5833333,43.5],[30.578188,43.5234411],[30.5730387,43.5468821],[30.5678853,43.5703227],[30.562728,43.5937632],[30.5575666,43.6172034],[30.5524012,43.6406433],[30.5472318,43.6640831],[30.5420583,43.6875226],[30.5368808,43.7109619],[30.5316992,43.7344009],[30.5265136,43.7578398],[30.5213239,43.7812783],[30.5161302,43.8047166],[30.5109323,43.8281548],[30.5057305,43.8515926],[30.5005244,43.8750303],[30.4953143,43.8984677],[30.4901001,43.9219048],[30.4848818,43.9453418],[30.4796594,43.9687785],[30.4744328,43.9922149],[30.4692021,44.0156511],[30.4639673,44.0390871],[30.4587283,44.0625228],[30.4534852,44.0859583],[30.4482379,44.1093936],[30.4429865,44.1328286],[30.4377309,44.1562633],[30.4324711,44.1796978],[30.4272072,44.2031322],[30.421939,44.2265662],[30.4166666,44.25],[30.403327,44.2781496],[30.3899745,44.3062976],[30.3766093,44.334444],[30.3632312,44.3625889],[30.3498402,44.3907322],[30.3364364,44.418874],[30.3230197,44.4470142],[30.30959,44.4751528],[30.2961474,44.5032899],[30.2826917,44.5314254],[30.2692231,44.5595592],[30.2557414,44.5876915],[30.2422468,44.6158222],[30.228739,44.6439514],[30.2152181,44.6720789],[30.2016841,44.7002048],[30.1881368,44.7283291],[30.1745765,44.7564518],[30.1610029,44.784573],[30.1474161,44.8126925],[30.1338161,44.8408104],[30.1202027,44.8689267],[30.1065761,44.8970414],[30.0929361,44.9251544],[30.0792828,44.9532658],[30.0656161,44.9813756],[30.051936,45.0094838],[30.0382424,45.0375903],[30.0245354,45.0656952],[30.0108149,45.0937985],[29.9970809,45.1219],[29.9833333,45.15],[29.9574062,45.1667109],[29.9314639,45.183416],[29.9055063,45.2001152],[29.8795335,45.2168084],[29.8535455,45.2334959],[29.8275421,45.2501774],[29.8015235,45.266853],[29.7754896,45.2835227],[29.7494404,45.3001865],[29.723376,45.3168443],[29.6972961,45.3334963],[29.6712009,45.3501422],[29.6450904,45.3667823],[29.6189645,45.3834164],[29.5928233,45.4000445],[29.5666667,45.4166667],[29.5144114,45.4043446],[29.462179,45.3919986],[29.4099693,45.3796289],[29.3577826,45.3672354],[29.3056187,45.3548182],[29.2534778,45.3423772],[29.2013598,45.3299125],[29.1492647,45.3174241],[29.0971926,45.3049121],[29.0451435,45.2923764],[28.9931174,45.2798171],[28.9411144,45.2672341],[28.8891345,45.2546276],[28.8371776,45.2419975],[28.785244,45.2293439],[28.7333334,45.2166667],[28.7063684,45.2521057],[28.6793698,45.2875384],[28.6523374,45.3229646],[28.6252713,45.3583845],[28.5981711,45.393798],[28.5710371,45.4292051],[28.543869,45.4646058],[28.5166666,45.5],[28.5351299,45.5276513],[28.5536113,45.5552995],[28.5721109,45.5829448],[28.5906287,45.6105871],[28.6091648,45.6382263],[28.6277193,45.6658626],[28.6462919,45.6934959],[28.664883,45.7211262],[28.6834925,45.7487534],[28.7021204,45.7763776],[28.7207668,45.8039988],[28.7394316,45.831617],[28.758115,45.8592321],[28.776817,45.8868442],[28.7955376,45.9144532],[28.8142767,45.9420591],[28.8330346,45.969662],[28.8518112,45.9972619],[28.8706065,46.0248586],[28.8894206,46.0524523],[28.9082535,46.0800428],[28.9271052,46.1076302],[28.9459758,46.1352146],[28.9648653,46.1627959],[28.9837738,46.1903741],[29.0027013,46.2179491],[29.0216478,46.245521],[29.0406133,46.2730898],[29.0595979,46.3006554],[29.0786017,46.3282178],[29.0976246,46.3557771],[29.1166667,46.3833333],[29.1791295,46.3856719],[29.2415976,46.3879765],[29.3040711,46.3902471],[29.3665496,46.3924837],[29.4290333,46.3946862],[29.4915219,46.3968547],[29.5540155,46.3989891],[29.6165139,46.4010895],[29.6790171,46.4031559],[29.741525,46.4051882],[29.8040375,46.4071865],[29.8665546,46.4091506],[29.9290761,46.4110808],[29.991602,46.4129768],[30.0541323,46.4148388],[30.1166667,46.4166666],[30.1019986,46.4414676],[30.0873172,46.4662667],[30.0726224,46.4910639],[30.0579142,46.5158592],[30.0431926,46.5406526],[30.0284575,46.5654441],[30.0137089,46.5902338],[29.9989469,46.6150216],[29.9841713,46.6398074],[29.9693821,46.6645914],[29.9545795,46.6893733],[29.9397633,46.7141535],[29.9249333,46.7389317],[29.9100898,46.763708],[29.8952327,46.7884824],[29.8803618,46.8132548],[29.8654773,46.8380253],[29.850579,46.8627939],[29.8356669,46.8875606],[29.8207411,46.9123253],[29.8058014,46.9370881],[29.790848,46.9618489],[29.7758807,46.9866078],[29.7608995,47.0113647],[29.7459045,47.0361196],[29.7308955,47.0608726],[29.7158725,47.0856237],[29.7008356,47.1103728],[29.6857848,47.1351199],[29.6707199,47.1598651],[29.655641,47.1846082],[29.640548,47.2093494],[29.6254409,47.2340886],[29.6103197,47.2588258],[29.5951844,47.2835611],[29.5800349,47.3082943],[29.5648712,47.3330255],[29.5496934,47.3577547],[29.5345013,47.382482],[29.5192948,47.4072072],[29.5040742,47.4319304],[29.4888393,47.4566515],[29.47359,47.4813707],[29.4583264,47.5060878],[29.4430483,47.5308029],[29.4277559,47.555516],[29.4124489,47.5802271],[29.3971276,47.6049361],[29.3817919,47.6296431],[29.3664416,47.654348],[29.3510768,47.6790509],[29.3356973,47.7037517],[29.3203034,47.7284505],[29.3048947,47.7531472],[29.2894716,47.7778418],[29.2740337,47.8025344],[29.2585811,47.8272249],[29.2431139,47.8519133],[29.2276319,47.8765996],[29.2121352,47.9012839],[29.1966236,47.925966],[29.1810973,47.9506461],[29.1655561,47.9753241],[29.15,48.0],[29.1055902,48.0143308],[29.0611558,48.0286444],[29.0166966,48.0429408],[28.9722127,48.0572202],[28.9277043,48.0714823],[28.8831711,48.0857273],[28.8386132,48.099955],[28.7940308,48.1141655],[28.7494237,48.1283588],[28.7047919,48.1425347],[28.6601355,48.1566934],[28.6154545,48.1708348],[28.5707487,48.1849588],[28.5260185,48.1990655],[28.4812635,48.2131549],[28.4364839,48.2272268],[28.3916798,48.2412815],[28.346851,48.2553186],[28.3019976,48.2693383],[28.2571196,48.2833406],[28.212217,48.2973254],[28.1672898,48.3112927],[28.122338,48.3252425],[28.0773617,48.3391748],[28.0323608,48.3530896],[27.9873353,48.3669867],[27.9422852,48.3808663],[27.8972106,48.3947283],[27.8521114,48.4085727],[27.8069877,48.4223995],[27.7618394,48.4362085],[27.7166667,48.45],[27.6593409,48.44813],[27.6020194,48.4462316],[27.5447021,48.4443047],[27.4873893,48.4423493],[27.4300809,48.4403655],[27.372777,48.4383533],[27.3154776,48.4363125],[27.258183,48.4342434],[27.200893,48.4321458],[27.1436078,48.4300198],[27.0863274,48.4278652],[27.0290519,48.4256824],[26.9717813,48.4234711],[26.9145158,48.4212313],[26.8572554,48.4189632],[26.8,48.4166667],[26.7430962,48.3978243],[26.6862344,48.378954],[26.6294149,48.3600556],[26.5726376,48.3411293],[26.5159025,48.322175],[26.4592095,48.3031929],[26.4025587,48.2841829],[26.3459501,48.2651452],[26.2893836,48.2460796],[26.2328594,48.2269864],[26.1763774,48.2078655],[26.1199375,48.1887168],[26.0635398,48.1695407],[26.0071844,48.1503369],[25.950871,48.1311056],[25.8946,48.1118468],[25.8383711,48.0925606],[25.7821844,48.073247],[25.7260399,48.053906],[25.6699376,48.0345377],[25.6138774,48.015142],[25.5578595,47.9957191],[25.5018837,47.976269],[25.4459501,47.9567918],[25.3900587,47.9372873],[25.3342096,47.9177559],[25.2784026,47.8981973],[25.2226377,47.8786117],[25.166915,47.8589992],[25.1112345,47.8393596],[25.0555962,47.8196933],[25.0,47.8],[24.9372799,47.8083454],[24.8745397,47.8166566],[24.8117793,47.8249336],[24.7489991,47.8331764],[24.6861989,47.8413849],[24.6233789,47.8495592],[24.5605391,47.8576992],[24.4976797,47.8658049],[24.4348006,47.8738764],[24.371902,47.8819134],[24.3089839,47.8899161],[24.2460463,47.8978844],[24.1830895,47.9058183],[24.1201134,47.9137178],[24.0571181,47.9215828],[23.9941036,47.9294134],[23.9310702,47.9372095],[23.8680178,47.9449711],[23.8049465,47.9526982],[23.7418563,47.9603907],[23.6787474,47.9680487],[23.6156198,47.9756721],[23.5524736,47.983261],[23.4893089,47.9908151],[23.4261258,47.9983346],[23.3629242,48.0058196],[23.2997044,48.0132698],[23.2364663,48.0206853],[23.1732101,48.0280661],[23.1099358,48.0354121],[23.0466436,48.0427234],[22.9833333,48.05],[22.9315993,48.0730924],[22.8798189,48.0961615],[22.827992,48.1192074],[22.7761186,48.1422299],[22.7241988,48.1652291],[22.6722323,48.1882049],[22.6202193,48.2111572],[22.5681596,48.234086],[22.5160532,48.2569914],[22.4639003,48.2798731],[22.4117005,48.3027313],[22.3594541,48.3255658],[22.3071608,48.3483766],[22.2548207,48.3711638],[22.2024338,48.3939271],[22.15,48.4166667],[22.1716168,48.4360012],[22.1932499,48.4553317],[22.2148996,48.4746582],[22.2365658,48.4939805],[22.2582485,48.5132988],[22.2799477,48.5326131],[22.3016635,48.5519232],[22.3233959,48.5712293],[22.3451448,48.5905313],[22.3669104,48.6098292],[22.3886926,48.6291229],[22.4104916,48.6484126],[22.4323071,48.6676981],[22.4541394,48.6869795],[22.4759884,48.7062568],[22.4978541,48.72553],[22.5197366,48.744799],[22.5416359,48.7640639],[22.563552,48.7833246],[22.5854849,48.8025812],[22.6074347,48.8218335],[22.6294013,48.8410818],[22.6513849,48.8603258],[22.6733853,48.8795657],[22.6954027,48.8988014],[22.717437,48.9180329],[22.7394882,48.9372602],[22.7615565,48.9564832],[22.7836419,48.9757021],[22.8057442,48.9949167],[22.8278636,49.0141272],[22.85,49.0333333],[22.8427796,49.0656284],[22.8355497,49.0979231],[22.8283105,49.1302172],[22.8210619,49.162511],[22.8138037,49.1948042],[22.8065361,49.2270971],[22.799259,49.2593895],[22.7919724,49.2916813],[22.7846762,49.3239728],[22.7773704,49.3562638],[22.770055,49.3885543],[22.76273,49.4208444],[22.7553954,49.453134],[22.7480511,49.4854231],[22.7406971,49.5177118],[22.7333333,49.55],[22.7742783,49.5773122],[22.8152691,49.60461],[22.8563059,49.6318932],[22.8973886,49.659162],[22.9385173,49.6864162],[22.9796923,49.7136558],[23.0209134,49.7408808],[23.0621808,49.7680911],[23.1034945,49.7952868],[23.1448546,49.8224678],[23.1862613,49.849634],[23.2277145,49.8767855],[23.2692143,49.9039222],[23.3107608,49.9310441],[23.3523541,49.9581511],[23.3939943,49.9852432],[23.4356813,50.0123204],[23.4774154,50.0393827],[23.5191965,50.0664299],[23.5610248,50.0934622],[23.6029002,50.1204793],[23.6448229,50.1474815],[23.686793,50.1744685],[23.7288106,50.2014404],[23.7708756,50.2283971],[23.8129882,50.2553386],[23.8551484,50.2822649],[23.8973563,50.3091759],[23.939612,50.3360716],[23.9819157,50.362952],[24.0242672,50.3898171],[24.0666667,50.4166667],[24.0524185,50.4515903],[24.0381494,50.4865121],[24.0238591,50.5214322],[24.0095477,50.5563505],[23.995215,50.5912672],[23.980861,50.626182],[23.9664858,50.6610951],[23.9520891,50.6960064],[23.9376709,50.7309158],[23.9232313,50.7658236],[23.9087702,50.8007296],[23.8942873,50.8356337],[23.8797829,50.8705361],[23.8652567,50.9054367],[23.8507087,50.9403354],[23.8361389,50.9752324],[23.8215471,51.0101275],[23.8069333,51.0450208],[23.7922975,51.0799123],[23.7776397,51.114802],[23.7629596,51.1496898],[23.7482574,51.1845758],[23.7335328,51.2194599],[23.718786,51.2543422],[23.7040168,51.2892227],[23.6892251,51.3241013],[23.6744108,51.3589779],[23.6595741,51.3938528],[23.6447147,51.4287258],[23.6298326,51.4635968],[23.6149277,51.4984661],[23.6,51.5333334],[23.6022035,51.5588892],[23.6044094,51.584445],[23.6066179,51.6100008],[23.6088287,51.6355566],[23.6110422,51.6611122],[23.613258,51.6866679],[23.6154764,51.7122236],[23.6176973,51.7377791],[23.6199207,51.7633346],[23.6221467,51.7888901],[23.6243752,51.8144456],[23.6266062,51.840001],[23.6288397,51.8655564],[23.6310758,51.8911117],[23.6333144,51.916667],[23.6355556,51.9422222],[23.6978908,51.9485181],[23.7602436,51.9547811],[23.8226137,51.9610112],[23.8850012,51.9672082],[23.9474059,51.9733723],[24.0098277,51.9795035],[24.0722664,51.9856016],[24.1347222,51.9916667],[24.1689277,52.0010289],[24.2031474,52.0103811],[24.2373813,52.0197235],[24.2716297,52.0290559],[24.3058923,52.0383785],[24.3401692,52.047691],[24.3744603,52.0569937],[24.4087658,52.0662863],[24.4430855,52.075569],[24.4774195,52.0848418],[24.5117677,52.0941045],[24.5461302,52.1033572],[24.5805071,52.1126],[24.6148981,52.1218328],[24.6493033,52.1310555],[24.6837228,52.1402683],[24.7181565,52.149471],[24.7526045,52.1586637],[24.7870667,52.1678464],[24.821543,52.177019],[24.8560337,52.1861815],[24.8905385,52.195334],[24.9250575,52.2044764],[24.9595907,52.2136088],[24.9941382,52.2227311],[25.0286998,52.2318433],[25.0632756,52.2409454],[25.0978656,52.2500373],[25.1324697,52.2591192],[25.167088,52.2681909],[25.2017205,52.2772525],[25.2363671,52.286304],[25.2710279,52.2953453],[25.3057029,52.3043766],[25.340392,52.3133976],[25.3750951,52.3224084],[25.4098125,52.3314092],[25.444544,52.3403996],[25.4792896,52.34938],[25.5140492,52.3583501],[25.548823,52.36731],[25.5836109,52.3762597],[25.6184129,52.3851993],[25.653229,52.3941285],[25.6880591,52.4030476],[25.7229034,52.4119564],[25.7577617,52.420855],[25.7926341,52.4297432],[25.8275205,52.4386213],[25.862421,52.4474891],[25.8973356,52.4563466],[25.9322641,52.4651938],[25.9672067,52.4740307],[26.0021634,52.4828573],[26.0371341,52.4916737],[26.0721187,52.5004797],[26.1071174,52.5092753],[26.1421301,52.5180607],[26.1771568,52.5268358],[26.2121975,52.5356004],[26.2472522,52.5443547],[26.2823208,52.5530987],[26.3174034,52.5618323],[26.3525,52.5705555],[26.3942964,52.5691946],[26.4360903,52.567819],[26.4778815,52.5664286],[26.5196701,52.5650235],[26.5614559,52.5636038],[26.6032391,52.5621693],[26.6450195,52.56072],[26.6867972,52.5592561],[26.728572,52.5577775],[26.770344,52.5562842],[26.8121131,52.5547762],[26.8538794,52.5532535],[26.8956427,52.5517161],[26.9374031,52.550164],[26.9791605,52.5485972],[27.0209149,52.5470157],[27.0626664,52.5454196],[27.1044148,52.5438087],[27.14616,52.5421832],[27.1879022,52.5405429],[27.2296413,52.538888],[27.2713772,52.5372185],[27.3131098,52.5355342],[27.3548393,52.5338353],[27.3965656,52.5321216],[27.4382886,52.5303933],[27.4800082,52.5286504],[27.5217245,52.5268928],[27.5634375,52.5251205],[27.6051472,52.5233336],[27.6468534,52.521532],[27.6885561,52.5197157],[27.7302555,52.5178849],[27.7719512,52.5160393],[27.8136436,52.5141791],[27.8553323,52.5123042],[27.8970176,52.5104147],[27.9386991,52.5085105],[27.9803771,52.5065917],[28.0220514,52.5046583],[28.0637221,52.5027102],[28.105389,52.5007475],[28.1470521,52.4987702],[28.1887116,52.4967781],[28.2303673,52.4947716],[28.2720191,52.4927503],[28.3136671,52.4907145],[28.3553112,52.488664],[28.3969514,52.4865989],[28.4385877,52.4845192],[28.48022,52.4824249],[28.5218484,52.4803159],[28.5634727,52.4781924],[28.6050931,52.4760543],[28.6467094,52.4739015],[28.6883216,52.4717342],[28.7299297,52.4695522],[28.7715336,52.4673557],[28.8131333,52.4651446],[28.8547289,52.4629188],[28.8963203,52.4606785],[28.9379074,52.4584236],[28.9794903,52.4561541],[29.0210688,52.4538701],[29.062643,52.4515714],[29.1042128,52.4492582],[29.1457783,52.4469304],[29.1873394,52.4445881],[29.228896,52.4422311],[29.2704482,52.4398596],[29.3119959,52.4374736],[29.3535391,52.435073],[29.3950778,52.4326579],[29.4366118,52.4302281],[29.4781413,52.4277839],[29.5196662,52.425325],[29.5611864,52.4228517],[29.602702,52.4203638],[29.6442128,52.4178614],[29.6857189,52.4153444],[29.7272202,52.4128129],[29.7687168,52.4102669],[29.8102087,52.4077064],[29.8516957,52.4051313],[29.8931777,52.4025417],[29.9346549,52.3999376],[29.9761272,52.397319],[30.0175946,52.3946859],[30.059057,52.3920382],[30.1005144,52.3893761],[30.1419668,52.3866994],[30.1834142,52.3840083],[30.2248565,52.3813027],[30.2662938,52.3785825],[30.3077259,52.375848],[30.3491528,52.3730989],[30.3905746,52.3703353],[30.4319912,52.3675572],[30.4734025,52.3647647],[30.5148086,52.3619577],[30.5562095,52.3591362],[30.597605,52.3563003],[30.6389953,52.3534499],[30.6803801,52.350585],[30.7217596,52.3477057],[30.7631336,52.344812],[30.8045023,52.3419037],[30.8458655,52.3389811],[30.8872232,52.336044],[30.9285754,52.3330925],[30.9699221,52.3301265],[31.0112632,52.3271461],[31.0525987,52.3241513],[31.0939287,52.321142],[31.135253,52.3181184],[31.1765716,52.3150802],[31.2178845,52.3120278],[31.2591918,52.3089608],[31.3004932,52.3058795],[31.341789,52.3027838],[31.383079,52.2996737],[31.4243631,52.2965492],[31.4656414,52.2934103],[31.5069139,52.290257],[31.5481804,52.2870893],[31.589441,52.2839072],[31.6306957,52.2807108],[31.6719445,52.2775],[31.6269703,52.3029252],[31.5819444,52.3283333],[31.5929553,52.3693765],[31.6039866,52.4104187],[31.6150386,52.4514599],[31.6261111,52.4925],[31.5918155,52.5051438],[31.5575,52.5177778],[31.6160815,52.5400145],[31.6747222,52.5622222],[31.6209932,52.5793177],[31.5672222,52.5963889],[31.5504446,52.6206286],[31.5336484,52.6448658],[31.5168335,52.6691008],[31.5,52.6933333],[31.546367,52.713898],[31.5927778,52.7344445],[31.5898631,52.7641667],[31.5869444,52.7938889],[31.5442014,52.8240124],[31.501399,52.8541206],[31.4585373,52.8842133],[31.415616,52.9142906],[31.3726351,52.9443524],[31.3295944,52.9743986],[31.2864939,53.0044293],[31.2433334,53.0344444],[31.2797513,53.0503639],[31.3161962,53.0662723],[31.3526679,53.0821695],[31.3891667,53.0980556],[31.3923548,53.1265279],[31.395547,53.1550002],[31.3987436,53.1834723],[31.4019445,53.2119444],[31.4459168,53.2073854],[31.4898799,53.2028101],[31.5338335,53.1982187],[31.5777778,53.1936111],[31.6030445,53.2123638],[31.6283333,53.2311111],[31.6648533,53.2149348],[31.7013458,53.1987473],[31.7378106,53.1825487],[31.774248,53.1663389],[31.8106578,53.150118],[31.84704,53.133886],[31.8833949,53.117643],[31.9197222,53.1013889],[31.9592683,53.1018167],[31.9988152,53.1022314],[32.0383627,53.102633],[32.077911,53.1030215],[32.1174601,53.1033969],[32.1570097,53.1037592],[32.1965601,53.1041084],[32.2361111,53.1044444],[32.2887913,53.1309377],[32.3415365,53.1574077],[32.3943468,53.1838544],[32.4472223,53.2102778],[32.4574832,53.2336124],[32.4677553,53.2569462],[32.4780387,53.2802791],[32.4883333,53.3036111],[32.5496216,53.3108805],[32.6109307,53.3181184],[32.6722606,53.3253249],[32.7336111,53.3325],[32.7395008,53.3638893],[32.7453992,53.3952784],[32.7513064,53.4266671],[32.7572222,53.4580556],[32.7218022,53.469377],[32.6863633,53.480688],[32.6509056,53.4919885],[32.6154289,53.5032785],[32.5799333,53.514558],[32.5444189,53.525827],[32.5088856,53.5370854],[32.4733333,53.5483333],[32.4578061,53.5740308],[32.4422601,53.5997263],[32.426695,53.6254197],[32.4111111,53.6511111],[32.4555347,53.6708415],[32.5,53.6905556],[32.4794542,53.7104184],[32.4588889,53.7302778],[32.4122157,53.7244535],[32.3655555,53.7186111],[32.3067672,53.7425433],[32.2479118,53.7664466],[32.1889894,53.7903211],[32.13,53.8141667],[32.0850529,53.8120032],[32.0401104,53.809823],[31.9951727,53.8076259],[31.9502397,53.8054121],[31.9053114,53.8031815],[31.8603879,53.8009341],[31.8154693,53.7986699],[31.7705556,53.7963889],[31.785197,53.8292077],[31.7998613,53.8620247],[31.8145488,53.8948399],[31.8292592,53.9276533],[31.8439929,53.9604649],[31.8587498,53.9932747],[31.8735299,54.0260827],[31.8883333,54.0588889],[31.8528232,54.0705476],[31.8172931,54.0821958],[31.7817431,54.0938336],[31.7461732,54.1054609],[31.7105833,54.1170776],[31.6749735,54.1286839],[31.6393437,54.1402797],[31.603694,54.1518649],[31.5680243,54.1634396],[31.5323347,54.1750038],[31.496625,54.1865574],[31.4608955,54.1981004],[31.425146,54.2096329],[31.3893766,54.2211547],[31.3535872,54.232666],[31.3177777,54.2441667],[31.3050363,54.283127],[31.2922706,54.322086],[31.2794808,54.3610437],[31.2666666,54.4],[31.3285508,54.404389],[31.3904481,54.4087464],[31.4523585,54.4130721],[31.5142819,54.4173662],[31.5762183,54.4216286],[31.6381674,54.4258592],[31.7001294,54.4300582],[31.762104,54.4342255],[31.8240911,54.4383611],[31.8860907,54.4424649],[31.9481028,54.446537],[32.010127,54.4505773],[32.0721635,54.4545858],[32.134212,54.4585626],[32.1962727,54.4625076],[32.2583451,54.4664208],[32.3204295,54.4703021],[32.3825255,54.4741517],[32.4446332,54.4779694],[32.5067524,54.4817553],[32.5688832,54.4855093],[32.6310252,54.4892315],[32.6931786,54.4929218],[32.7553431,54.4965802],[32.8175187,54.5002067],[32.8797052,54.5038013],[32.9419027,54.507364],[33.004111,54.5108948],[33.0663299,54.5143936],[33.1285596,54.5178605],[33.1907996,54.5212954],[33.2530501,54.5246984],[33.3153109,54.5280695],[33.3775821,54.5314085],[33.4398633,54.5347155],[33.5021546,54.5379906],[33.5644557,54.5412336],[33.6267668,54.5444447],[33.6890876,54.5476237],[33.7514181,54.5507706],[33.8137582,54.5538856],[33.8761078,54.5569684],[33.9384667,54.5600192],[34.0008348,54.563038],[34.0632122,54.5660247],[34.1255987,54.5689793],[34.1879941,54.5719018],[34.2503986,54.5747922],[34.3128117,54.5776505],[34.3752336,54.5804767],[34.4376641,54.5832707],[34.5001031,54.5860326],[34.5625505,54.5887624],[34.6250063,54.59146],[34.6874702,54.5941255],[34.7499423,54.5967588],[34.8124224,54.5993599],[34.8749105,54.6019289],[34.9374064,54.6044657],[34.99991,54.6069703],[35.0624213,54.6094427],[35.1249401,54.6118829],[35.1874664,54.6142909],[35.25,54.6166667],[35.2552751,54.5817725],[35.2605412,54.5468782],[35.2657982,54.5119835],[35.2710464,54.4770888],[35.2762855,54.4421937],[35.2815158,54.4072984],[35.2867371,54.3724029],[35.2919496,54.3375072],[35.2971532,54.3026112],[35.3023481,54.267715],[35.307534,54.2328187],[35.3127114,54.197922],[35.3178798,54.1630252],[35.3230397,54.1281281],[35.3281909,54.0932308],[35.3333333,54.0583334],[35.4038663,54.064445],[35.47442,54.0705152],[35.5449942,54.0765443],[35.615589,54.082532],[35.6862039,54.0884784],[35.7568391,54.0943835],[35.8274944,54.1002471],[35.8981694,54.1060694],[35.9688643,54.1118502],[36.0395789,54.1175896],[36.110313,54.1232876],[36.1810664,54.1289441],[36.2518391,54.134559],[36.3226308,54.1401325],[36.3934417,54.1456644],[36.4642714,54.1511548],[36.5351197,54.1566035],[36.6059866,54.1620107],[36.676872,54.1673763],[36.7477758,54.1727003],[36.8186977,54.1779825],[36.8896377,54.1832231],[36.9605955,54.1884221],[37.0315711,54.1935793],[37.1025644,54.1986948],[37.1735753,54.2037685],[37.2446034,54.2088005],[37.3156488,54.2137907],[37.3867113,54.2187391],[37.4577907,54.2236457],[37.528887,54.2285104],[37.6,54.2333334],[37.6609181,54.210825],[37.7217698,54.188286],[37.7825552,54.1657163],[37.8432743,54.1431161],[37.903927,54.1204853],[37.9645135,54.0978241],[38.0250338,54.0751325],[38.0854879,54.0524106],[38.1458759,54.0296583],[38.2061978,54.0068759],[38.2664537,53.9840633],[38.3266435,53.9612206],[38.3867674,53.9383478],[38.4468253,53.9154451],[38.5068174,53.8925124],[38.5667435,53.8695498],[38.6266039,53.8465575],[38.6863986,53.8235353],[38.7461276,53.8004835],[38.8057908,53.777402],[38.8653884,53.754291],[38.9249204,53.7311503],[38.9843869,53.7079803],[39.0437879,53.6847808],[39.1031234,53.661552],[39.1623936,53.6382939],[39.2215983,53.6150065],[39.2807378,53.5916899],[39.3398119,53.5683443],[39.3988209,53.5449695],[39.4577647,53.5215658],[39.5166433,53.498133],[39.5754568,53.4746714],[39.6342054,53.451181],[39.6928889,53.4276617],[39.7515075,53.4041138],[39.8100612,53.3805371],[39.86855,53.3569319],[39.926974,53.333298],[39.9853334,53.3096357],[40.043628,53.2859449],[40.101858,53.2622258],[40.1600234,53.2384783],[40.2181241,53.2147024],[40.2761605,53.1908985],[40.3341324,53.1670663],[40.3920399,53.143206],[40.449883,53.1193176],[40.5076619,53.0954013],[40.5653765,53.071457],[40.623027,53.0474848],[40.6806133,53.0234848],[40.7381356,52.999457],[40.7955938,52.9754015],[40.8529881,52.9513183],[40.9103185,52.9272074],[40.9675849,52.9030691],[41.0247876,52.8789032],[41.0819265,52.8547099],[41.1390017,52.8304891],[41.1960133,52.806241],[41.2529612,52.7819657],[41.3098457,52.7576631],[41.3666667,52.7333333],[41.3886257,52.7027065],[41.410554,52.6720756],[41.4324516,52.6414408],[41.4543184,52.6108018],[41.4761547,52.5801588],[41.4979605,52.5495119],[41.5197358,52.5188609],[41.5414808,52.4882059],[41.5631955,52.457547],[41.58488,52.4268841],[41.6065344,52.3962172],[41.6281586,52.3655464],[41.6497529,52.3348716],[41.6713172,52.304193],[41.6928516,52.2735103],[41.7143563,52.2428238],[41.7358311,52.2121334],[41.7572764,52.181439],[41.7786921,52.1507408],[41.8000783,52.1200388],[41.821435,52.0893328],[41.8427624,52.058623],[41.8640604,52.0279094],[41.8853293,51.9971919],[41.9065689,51.9664706],[41.9277795,51.9357455],[41.948961,51.9050166],[41.9701136,51.8742839],[41.9912372,51.8435473],[42.012332,51.8128071],[42.0333981,51.782063],[42.0544355,51.7513152],[42.0754442,51.7205636],[42.0964244,51.6898083],[42.1173761,51.6590493],[42.1382994,51.6282865],[42.1591943,51.5975201],[42.1800609,51.5667499],[42.2008993,51.535976],[42.2217096,51.5051984],[42.2424917,51.4744172],[42.2632458,51.4436323],[42.283972,51.4128438],[42.3046702,51.3820515],[42.3253407,51.3512556],[42.3459832,51.3204562],[42.3665982,51.2896531],[42.3871855,51.2588464],[42.4077453,51.228036],[42.4282774,51.1972221],[42.4487822,51.1664046],[42.4692596,51.1355835],[42.4897096,51.1047588],[42.5101325,51.0739306],[42.5305281,51.0430988],[42.5508965,51.0122635],[42.5712379,50.9814246],[42.5915524,50.9505822],[42.6118398,50.9197363],[42.6321003,50.8888869],[42.6523342,50.858034],[42.6725411,50.8271775],[42.6927214,50.7963176],[42.712875,50.7654542],[42.7330022,50.7345874],[42.7531028,50.7037171],[42.7731769,50.6728433],[42.7932247,50.6419661],[42.8132461,50.6110855],[42.8332412,50.5802015],[42.8532101,50.549314],[42.8731529,50.518423],[42.8930696,50.4875288],[42.9129603,50.4566311],[42.9328249,50.42573],[42.9526638,50.3948256],[42.9724767,50.3639177],[42.9922639,50.3330065],[43.0120253,50.302092],[43.0317611,50.2711741],[43.0514712,50.2402529],[43.0711557,50.2093283],[43.0908148,50.1784005],[43.1104485,50.1474693],[43.1300567,50.1165348],[43.1496396,50.085597],[43.1691973,50.054656],[43.1887298,50.0237116],[43.2082371,49.9927639],[43.2277193,49.961813],[43.2471765,49.9308589],[43.2666087,49.8999015],[43.286016,49.8689408],[43.3053984,49.8379769],[43.324756,49.8070098],[43.3440889,49.7760395],[43.3633971,49.745066],[43.3826806,49.7140892],[43.4019395,49.6831093],[43.4211739,49.6521261],[43.4403838,49.6211398],[43.4595693,49.5901503],[43.4787305,49.5591576],[43.4978674,49.5281618],[43.51698,49.4971628],[43.5360684,49.4661607],[43.5551327,49.4351555],[43.5741728,49.4041471],[43.5931889,49.3731356],[43.6121811,49.342121],[43.6311493,49.3111032],[43.6500937,49.2800824],[43.6690142,49.2490585],[43.6879109,49.2180315],[43.706784,49.1870014],[43.7256334,49.1559682],[43.7444592,49.124932],[43.7632614,49.0938927],[43.7820402,49.0628504],[43.8007955,49.031805],[43.8195273,49.0007566],[43.8382359,48.9697051],[43.8569211,48.9386507],[43.8755832,48.9075932],[43.8942221,48.8765328],[43.9128378,48.8454693],[43.9314304,48.8144028],[43.95,48.7833333],[43.9404362,48.7505328],[43.9308848,48.7177315],[43.921346,48.6849293],[43.9118195,48.6521264],[43.9023054,48.6193227],[43.8928037,48.5865183],[43.8833143,48.553713],[43.8738372,48.520907],[43.8643724,48.4881002],[43.8549198,48.4552926],[43.8454794,48.4224842],[43.8360512,48.3896751],[43.8266352,48.3568651],[43.8172312,48.3240545],[43.8078394,48.2912431],[43.7984596,48.2584309],[43.7890918,48.2256179],[43.7797361,48.1928042],[43.7703923,48.1599897],[43.7610605,48.1271745],[43.7517406,48.0943585],[43.7424326,48.0615417],[43.7331364,48.0287242],[43.7238521,47.995906],[43.7145795,47.963087],[43.7053188,47.9302673],[43.6960698,47.8974468],[43.6868325,47.8646256],[43.6776069,47.8318036],[43.668393,47.7989809],[43.6591907,47.7661575],[43.65,47.7333333],[43.7004113,47.7355933],[43.7508269,47.7378312],[43.8012469,47.740047],[43.851671,47.7422407],[43.9020995,47.7444123],[43.9525322,47.7465619],[44.0029689,47.7486893],[44.0534097,47.7507947],[44.1038547,47.7528779],[44.1543037,47.754939],[44.2047566,47.7569781],[44.2552135,47.758995],[44.3056742,47.7609898],[44.3561388,47.7629625],[44.4066072,47.764913],[44.4570794,47.7668415],[44.5075553,47.7687477],[44.5580348,47.7706319],[44.608518,47.772494],[44.6590049,47.7743338],[44.7094952,47.7761516],[44.7599891,47.7779472],[44.8104864,47.7797207],[44.8609871,47.781472],[44.9114913,47.7832012],[44.9619987,47.7849082],[45.0125095,47.7865931],[45.0630235,47.7882557],[45.1135407,47.7898963],[45.1640612,47.7915146],[45.2145847,47.7931109],[45.2651113,47.7946849],[45.3156409,47.7962367],[45.3661736,47.7977664],[45.4167091,47.7992739],[45.4672477,47.8007592],[45.5177891,47.8022223],[45.5683332,47.8036633],[45.6188802,47.805082],[45.6694299,47.8064786],[45.7199823,47.8078529],[45.7705374,47.8092051],[45.8210951,47.8105351],[45.8716554,47.8118429],[45.9222181,47.8131284],[45.9727834,47.8143918],[46.0233511,47.815633],[46.0739211,47.8168519],[46.1244936,47.8180487],[46.1750684,47.8192231],[46.2256454,47.8203755],[46.2762246,47.8215056],[46.3268061,47.8226135],[46.3773896,47.8236991],[46.4279753,47.8247626],[46.478563,47.8258038],[46.5291527,47.8268228],[46.5797444,47.8278196],[46.630338,47.8287941],[46.6809335,47.8297465],[46.7315308,47.8306765],[46.7821299,47.8315844],[46.8327308,47.83247],[46.8833333,47.8333333],[46.8967496,47.8081203],[46.9101529,47.7829057],[46.9235431,47.7576895],[46.9369203,47.7324718],[46.9502847,47.7072526],[46.963636,47.6820317],[46.9769746,47.6568094],[46.9903002,47.6315854],[47.003613,47.60636],[47.0169129,47.5811329],[47.0301999,47.5559044],[47.0434743,47.5306744],[47.0567358,47.5054428],[47.0699846,47.4802096],[47.0832208,47.454975],[47.0964441,47.4297389],[47.1096549,47.4045011],[47.1228529,47.379262],[47.1360384,47.3540212],[47.1492112,47.328779],[47.1623714,47.3035353],[47.1755192,47.27829],[47.1886542,47.2530433],[47.2017769,47.227795],[47.214887,47.2025453],[47.2279846,47.1772941],[47.2410698,47.1520414],[47.2541426,47.1267872],[47.267203,47.1015314],[47.2802509,47.0762742],[47.2932866,47.0510156],[47.3063098,47.0257555],[47.3193207,47.0004939],[47.3323195,46.9752307],[47.3453058,46.9499662],[47.35828,46.9247002],[47.3712418,46.8994327],[47.3841915,46.8741637],[47.397129,46.8488933],[47.4100543,46.8236215],[47.4229675,46.7983481],[47.4358685,46.7730734],[47.4487575,46.7477972],[47.4616343,46.7225195],[47.4744991,46.6972404],[47.4873519,46.6719598],[47.5001926,46.6466779],[47.5130213,46.6213945],[47.5258381,46.5961096],[47.5386429,46.5708233],[47.5514358,46.5455356],[47.5642168,46.5202464],[47.5769859,46.4949559],[47.589743,46.469664],[47.6024884,46.4443705],[47.6152219,46.4190758],[47.6279436,46.3937795],[47.6406535,46.3684819],[47.6533517,46.3431829],[47.6660381,46.3178824],[47.6787128,46.2925806],[47.6913757,46.2672773],[47.7040271,46.2419727],[47.7166667,46.2166667],[47.7401639,46.1839986],[47.7636333,46.1513258],[47.7870749,46.1186482],[47.8104886,46.0859658],[47.8338747,46.0532786],[47.857233,46.0205866],[47.8805637,45.9878899],[47.9038669,45.9551885],[47.9271426,45.9224823],[47.9503909,45.8897714],[47.9736118,45.8570558],[47.9968054,45.8243355],[48.0199717,45.7916105],[48.0431109,45.7588808],[48.0662229,45.7261465],[48.0893079,45.6934075],[48.1123659,45.6606639],[48.1353968,45.6279156],[48.1584009,45.5951627],[48.1813781,45.5624052],[48.2043287,45.5296431],[48.2272524,45.4968765],[48.2501495,45.4641052],[48.27302,45.4313293],[48.2958638,45.3985489],[48.3186812,45.365764],[48.3414723,45.3329745],[48.3642369,45.3001805],[48.3869752,45.2673819],[48.4096872,45.234579],[48.432373,45.2017714],[48.4550327,45.1689594],[48.4776663,45.1361429],[48.5002739,45.103322],[48.5228554,45.0704965],[48.5454111,45.0376667],[48.5679408,45.0048323],[48.5904448,44.9719937],[48.612923,44.9391505],[48.6353755,44.906303],[48.6578023,44.873451],[48.6802036,44.8405947],[48.7025793,44.8077341],[48.7249296,44.774869],[48.7472543,44.7419996],[48.7695538,44.7091258],[48.7918279,44.6762478],[48.8140768,44.6433654],[48.8363005,44.6104786],[48.8584989,44.5775876],[48.8806724,44.5446923],[48.9028207,44.5117927],[48.9249441,44.4788888],[48.9470424,44.4459806],[48.969116,44.4130683],[48.9911647,44.3801516],[49.0131886,44.3472307],[49.0351878,44.3143056],[49.0571623,44.2813763],[49.0791122,44.2484427],[49.1010376,44.215505],[49.1229384,44.182563],[49.1448147,44.1496169],[49.1666667,44.1166667],[49.107385,44.1305379],[49.0480754,44.1443786],[48.988738,44.1581885],[48.9293729,44.1719677],[48.8699801,44.1857161],[48.8105597,44.1994338],[48.7511115,44.2131206],[48.6916358,44.2267767],[48.6321324,44.2404018],[48.5726016,44.253996],[48.5130433,44.2675593],[48.4534575,44.2810917],[48.3938443,44.294593],[48.3342037,44.3080633],[48.2745357,44.3215026],[48.2148404,44.3349108],[48.1551179,44.3482879],[48.0953681,44.3616339],[48.0355911,44.3749487],[47.975787,44.3882323],[47.9159557,44.4014847],[47.8560974,44.4147059],[47.7962121,44.4278958],[47.7362997,44.4410544],[47.6763603,44.4541816],[47.6163941,44.4672775],[47.556401,44.480342],[47.4963809,44.4933751],[47.4363342,44.5063767],[47.3762606,44.5193469],[47.3161604,44.5322856],[47.2560334,44.5451927],[47.1958799,44.5580683],[47.1356997,44.5709122],[47.075493,44.5837246],[47.0152598,44.5965053],[46.9550001,44.6092543],[46.894714,44.6219717],[46.8344014,44.6346574],[46.7740626,44.6473112],[46.7136974,44.6599333],[46.653306,44.6725236],[46.5928884,44.685082],[46.5324446,44.6976086],[46.4719747,44.7101032],[46.4114787,44.722566],[46.3509567,44.7349968],[46.2904087,44.7473956],[46.2298347,44.7597624],[46.1692348,44.7720972],[46.1086091,44.7844],[46.0479576,44.7966706],[45.9872802,44.8089091],[45.9265772,44.8211155],[45.8658486,44.8332897],[45.8050943,44.8454318],[45.7443143,44.8575415],[45.6835089,44.8696191],[45.622678,44.8816643],[45.5618216,44.8936773],[45.5009398,44.9056579],[45.4400327,44.9176062],[45.3791002,44.9295221],[45.3181425,44.9414056],[45.2571597,44.9532565],[45.1961517,44.9650751],[45.1351185,44.9768612],[45.0740603,44.9886147],[45.0129771,45.0003358],[44.9518688,45.0120242],[44.8907358,45.02368],[44.8295779,45.0353032],[44.768395,45.0468938],[44.7071875,45.0584516],[44.6459553,45.0699768],[44.5846984,45.0814692],[44.5234168,45.0929288],[44.4621108,45.1043558],[44.4007801,45.1157498],[44.3394251,45.127111],[44.2780456,45.1384394],[44.2166417,45.1497349],[44.1552137,45.1609975],[44.0937613,45.172227],[44.0322846,45.1834237],[43.9707839,45.1945874],[43.9092591,45.205718],[43.8477101,45.2168156],[43.7861372,45.2278801],[43.7245404,45.2389115],[43.6629197,45.2499099],[43.6012752,45.260875],[43.5396068,45.271807],[43.4779147,45.2827058],[43.416199,45.2935713],[43.3544597,45.3044037],[43.2926969,45.3152027],[43.2309104,45.3259685],[43.1691005,45.3367009],[43.1072673,45.3473999],[43.0454107,45.3580656],[42.9835308,45.3686979],[42.9216277,45.3792968],[42.8597014,45.3898622],[42.797752,45.4003942],[42.7357795,45.4108926],[42.673784,45.4213575],[42.6117656,45.4317888],[42.5497243,45.4421866],[42.4876601,45.4525508],[42.4255732,45.4628814],[42.3634635,45.4731783],[42.3013312,45.4834416],[42.2391762,45.4936711],[42.1769988,45.503867],[42.1147988,45.5140291],[42.0525764,45.5241574],[41.9903317,45.5342519],[41.9280646,45.5443126],[41.8657752,45.5543395],[41.8034638,45.5643325],[41.7411301,45.5742916],[41.6787744,45.5842168],[41.6163966,45.5941081],[41.5539969,45.6039654],[41.4915753,45.6137887],[41.4291318,45.6235781],[41.3666667,45.6333333],[41.3349619,45.6049524],[41.3032892,45.5765628],[41.2716485,45.5481644],[41.2400397,45.5197572],[41.2084628,45.4913414],[41.1769179,45.4629169],[41.1454047,45.4344837],[41.1139232,45.4060418],[41.0824735,45.3775914],[41.0510554,45.3491322],[41.0196689,45.3206645],[40.9883139,45.2921882],[40.9569903,45.2637033],[40.9256983,45.2352099],[40.8944375,45.2067079],[40.863208,45.1781974],[40.8320099,45.1496784],[40.8008429,45.1211509],[40.7697072,45.092615],[40.7386024,45.0640706],[40.7075288,45.0355177],[40.6764862,45.0069565],[40.6454745,44.9783868],[40.6144936,44.9498088],[40.5835437,44.9212224],[40.5526245,44.8926276],[40.5217361,44.8640246],[40.4908784,44.8354131],[40.4600512,44.8067935],[40.4292546,44.7781655],[40.3984886,44.7495292],[40.3677531,44.7208847],[40.337048,44.692232],[40.3063732,44.663571],[40.2757288,44.6349018],[40.2451147,44.6062245],[40.2145307,44.577539],[40.1839769,44.5488453],[40.1534533,44.5201435],[40.1229597,44.4914335],[40.0924961,44.4627155],[40.0620624,44.4339893],[40.0316587,44.4052552],[40.0012848,44.3765129],[39.9709407,44.3477626],[39.9406265,44.3190043],[39.9103419,44.2902379],[39.8800869,44.2614636],[39.8498616,44.2326813],[39.8196658,44.203891],[39.7894996,44.1750928],[39.7593627,44.1462866],[39.7292553,44.1174726],[39.6991773,44.0886506],[39.6691285,44.0598208],[39.639109,44.030983],[39.6091187,44.0021375],[39.5791575,43.9732841],[39.5492255,43.9444229],[39.5193224,43.9155539],[39.4894484,43.8866771],[39.4596034,43.8577924],[39.4297873,43.8289001],[39.4,43.8]]]},"properties":{"kind":"restriction","id":"WR3366","name":"WR3366","zone_type":"special","alt":{"lower_m":0.0,"lower_ref":"GND","upper_m":null,"upper_ref":"AMSL","raw":"SVO"},"source":"Московская зона.kml"}}],"name":"Московская зона.kml"}